[ info ]  building project...
[ info ]  starting http server...
[ info ]  watching file system for changes
[1668089706308] [32mINFO[39m (apirest/1652298 on vps2.farmageo.com): [36mstarted server on 0.0.0.0:3111[39m
╭─────────────────────────────────────────────────╮
│                                                 │
│    Server address: http://127.0.0.1:3111        │
│    Watching filesystem for changes: YES         │
│                                                 │
╰─────────────────────────────────────────────────╯
Thu Nov 10 2022 11:15:15 GMT-0300 (Argentina Standard Time) Error Handler: HttpException: E_ROUTE_NOT_FOUND: Cannot GET:/favicon.ico
    at Function.invoke (/home/farmageo/api.farmageo.com.ar/node_modules/@adonisjs/http-server/build/src/Exceptions/HttpException.js:31:23)
    at RequestHandler.findRoute (/home/farmageo/api.farmageo.com.ar/node_modules/@adonisjs/http-server/build/src/Server/RequestHandler/index.js:49:49)
    at RequestHandler.handle (/home/farmageo/api.farmageo.com.ar/node_modules/@adonisjs/http-server/build/src/Server/RequestHandler/index.js:65:14)
    at /home/farmageo/api.farmageo.com.ar/node_modules/@adonisjs/http-server/build/src/Server/index.js:77:44
    at processTicksAndRejections (node:internal/process/task_queues:96:5)
    at Server.handleRequest (/home/farmageo/api.farmageo.com.ar/node_modules/@adonisjs/http-server/build/src/Server/index.js:108:13) {
  body: 'E_ROUTE_NOT_FOUND: Cannot GET:/favicon.ico'
}
(node:1652298) MaxListenersExceededWarning: Possible EventEmitter memory leak detected. 11 uncaughtException listeners added to [process]. Use emitter.setMaxListeners() to increase limit
(Use `node --trace-warnings ...` to show where the warning was created)
[1668089846635] [33mWARN[39m (apirest/1652298 on vps2.farmageo.com): [36mConnection Error: Error: read ECONNRESET[39m
[1668089846637] [33mWARN[39m (apirest/1652298 on vps2.farmageo.com): [36mConnection Error: Error: read ECONNRESET[39m
AuthorizationException: E_AUTHORIZATION_FAILURE: Not authorized to perform this action
    at Function.raise (/home/farmageo/api.farmageo.com.ar/node_modules/@adonisjs/bouncer/build/src/Exceptions/AuthorizationException.js:15:16)
    at ActionsAuthorizer.authorize (/home/farmageo/api.farmageo.com.ar/node_modules/@adonisjs/bouncer/build/src/ActionsAuthorizer/index.js:165:63)
    at runMicrotasks (<anonymous>)
    at processTicksAndRejections (node:internal/process/task_queues:96:5)
    at PublicidadsController.mig_novedadesFarmacia (/home/farmageo/api.farmageo.com.ar/app/Controllers/Http/PublicidadsController.ts:59:7)
    at Object.PreCompiler.runRouteHandler [as fn] (/home/farmageo/api.farmageo.com.ar/node_modules/@adonisjs/http-server/build/src/Server/PreCompiler/index.js:47:31)
    at UncaughtError.handle (/home/farmageo/api.farmageo.com.ar/app/Middleware/UncaughtError.ts:22:5)
    at RegistradorDePista.handle (/home/farmageo/api.farmageo.com.ar/app/Middleware/RegistradorDePista.ts:36:5)
    at UsuarioPermiso.handle (/home/farmageo/api.farmageo.com.ar/app/Middleware/ctxdata.ts:126:5)
    at SilentAuthMiddleware.handle (/home/farmageo/api.farmageo.com.ar/app/Middleware/SilentAuth.ts:23:5)
AuthorizationException: E_AUTHORIZATION_FAILURE: Not authorized to perform this action
    at Function.raise (/home/farmageo/api.farmageo.com.ar/node_modules/@adonisjs/bouncer/build/src/Exceptions/AuthorizationException.js:15:16)
    at ActionsAuthorizer.authorize (/home/farmageo/api.farmageo.com.ar/node_modules/@adonisjs/bouncer/build/src/ActionsAuthorizer/index.js:165:63)
    at runMicrotasks (<anonymous>)
    at processTicksAndRejections (node:internal/process/task_queues:96:5)
    at PedidoController.mig_farmacia_pedidos (/home/farmageo/api.farmageo.com.ar/app/Controllers/Http/PedidoController.ts:43:7)
    at Object.PreCompiler.runRouteHandler [as fn] (/home/farmageo/api.farmageo.com.ar/node_modules/@adonisjs/http-server/build/src/Server/PreCompiler/index.js:47:31)
    at UncaughtError.handle (/home/farmageo/api.farmageo.com.ar/app/Middleware/UncaughtError.ts:22:5)
    at RegistradorDePista.handle (/home/farmageo/api.farmageo.com.ar/app/Middleware/RegistradorDePista.ts:36:5)
    at UsuarioPermiso.handle (/home/farmageo/api.farmageo.com.ar/app/Middleware/ctxdata.ts:126:5)
    at SilentAuthMiddleware.handle (/home/farmageo/api.farmageo.com.ar/app/Middleware/SilentAuth.ts:23:5)
Thu Nov 10 2022 11:17:32 GMT-0300 (Argentina Standard Time) Error Handler: AuthorizationException: E_AUTHORIZATION_FAILURE: Not authorized to perform this action
    at Function.raise (/home/farmageo/api.farmageo.com.ar/node_modules/@adonisjs/bouncer/build/src/Exceptions/AuthorizationException.js:15:16)
    at ActionsAuthorizer.authorize (/home/farmageo/api.farmageo.com.ar/node_modules/@adonisjs/bouncer/build/src/ActionsAuthorizer/index.js:165:63)
    at runMicrotasks (<anonymous>)
    at processTicksAndRejections (node:internal/process/task_queues:96:5)
    at PublicidadsController.mig_novedadesFarmacia (/home/farmageo/api.farmageo.com.ar/app/Controllers/Http/PublicidadsController.ts:59:7)
    at Object.PreCompiler.runRouteHandler [as fn] (/home/farmageo/api.farmageo.com.ar/node_modules/@adonisjs/http-server/build/src/Server/PreCompiler/index.js:47:31)
    at UncaughtError.handle (/home/farmageo/api.farmageo.com.ar/app/Middleware/UncaughtError.ts:22:5)
    at RegistradorDePista.handle (/home/farmageo/api.farmageo.com.ar/app/Middleware/RegistradorDePista.ts:36:5)
    at UsuarioPermiso.handle (/home/farmageo/api.farmageo.com.ar/app/Middleware/ctxdata.ts:126:5)
    at SilentAuthMiddleware.handle (/home/farmageo/api.farmageo.com.ar/app/Middleware/SilentAuth.ts:23:5)
Thu Nov 10 2022 11:17:32 GMT-0300 (Argentina Standard Time) Error Handler: AuthorizationException: E_AUTHORIZATION_FAILURE: Not authorized to perform this action
    at Function.raise (/home/farmageo/api.farmageo.com.ar/node_modules/@adonisjs/bouncer/build/src/Exceptions/AuthorizationException.js:15:16)
    at ActionsAuthorizer.authorize (/home/farmageo/api.farmageo.com.ar/node_modules/@adonisjs/bouncer/build/src/ActionsAuthorizer/index.js:165:63)
    at runMicrotasks (<anonymous>)
    at processTicksAndRejections (node:internal/process/task_queues:96:5)
    at PedidoController.mig_farmacia_pedidos (/home/farmageo/api.farmageo.com.ar/app/Controllers/Http/PedidoController.ts:43:7)
    at Object.PreCompiler.runRouteHandler [as fn] (/home/farmageo/api.farmageo.com.ar/node_modules/@adonisjs/http-server/build/src/Server/PreCompiler/index.js:47:31)
    at UncaughtError.handle (/home/farmageo/api.farmageo.com.ar/app/Middleware/UncaughtError.ts:22:5)
    at RegistradorDePista.handle (/home/farmageo/api.farmageo.com.ar/app/Middleware/RegistradorDePista.ts:36:5)
    at UsuarioPermiso.handle (/home/farmageo/api.farmageo.com.ar/app/Middleware/ctxdata.ts:126:5)
    at SilentAuthMiddleware.handle (/home/farmageo/api.farmageo.com.ar/app/Middleware/SilentAuth.ts:23:5)
AuthorizationException: E_AUTHORIZATION_FAILURE: Not authorized to perform this action
    at Function.raise (/home/farmageo/api.farmageo.com.ar/node_modules/@adonisjs/bouncer/build/src/Exceptions/AuthorizationException.js:15:16)
    at ActionsAuthorizer.authorize (/home/farmageo/api.farmageo.com.ar/node_modules/@adonisjs/bouncer/build/src/ActionsAuthorizer/index.js:165:63)
    at runMicrotasks (<anonymous>)
    at processTicksAndRejections (node:internal/process/task_queues:96:5)
    at PedidoController.mig_farmacia_pedidos (/home/farmageo/api.farmageo.com.ar/app/Controllers/Http/PedidoController.ts:43:7)
    at Object.PreCompiler.runRouteHandler [as fn] (/home/farmageo/api.farmageo.com.ar/node_modules/@adonisjs/http-server/build/src/Server/PreCompiler/index.js:47:31)
    at UncaughtError.handle (/home/farmageo/api.farmageo.com.ar/app/Middleware/UncaughtError.ts:22:5)
    at RegistradorDePista.handle (/home/farmageo/api.farmageo.com.ar/app/Middleware/RegistradorDePista.ts:36:5)
    at UsuarioPermiso.handle (/home/farmageo/api.farmageo.com.ar/app/Middleware/ctxdata.ts:126:5)
    at SilentAuthMiddleware.handle (/home/farmageo/api.farmageo.com.ar/app/Middleware/SilentAuth.ts:23:5)
Thu Nov 10 2022 11:17:33 GMT-0300 (Argentina Standard Time) Error Handler: AuthorizationException: E_AUTHORIZATION_FAILURE: Not authorized to perform this action
    at Function.raise (/home/farmageo/api.farmageo.com.ar/node_modules/@adonisjs/bouncer/build/src/Exceptions/AuthorizationException.js:15:16)
    at ActionsAuthorizer.authorize (/home/farmageo/api.farmageo.com.ar/node_modules/@adonisjs/bouncer/build/src/ActionsAuthorizer/index.js:165:63)
    at runMicrotasks (<anonymous>)
    at processTicksAndRejections (node:internal/process/task_queues:96:5)
    at PedidoController.mig_farmacia_pedidos (/home/farmageo/api.farmageo.com.ar/app/Controllers/Http/PedidoController.ts:43:7)
    at Object.PreCompiler.runRouteHandler [as fn] (/home/farmageo/api.farmageo.com.ar/node_modules/@adonisjs/http-server/build/src/Server/PreCompiler/index.js:47:31)
    at UncaughtError.handle (/home/farmageo/api.farmageo.com.ar/app/Middleware/UncaughtError.ts:22:5)
    at RegistradorDePista.handle (/home/farmageo/api.farmageo.com.ar/app/Middleware/RegistradorDePista.ts:36:5)
    at UsuarioPermiso.handle (/home/farmageo/api.farmageo.com.ar/app/Middleware/ctxdata.ts:126:5)
    at SilentAuthMiddleware.handle (/home/farmageo/api.farmageo.com.ar/app/Middleware/SilentAuth.ts:23:5)
AuthorizationException: E_AUTHORIZATION_FAILURE: Not authorized to perform this action
    at Function.raise (/home/farmageo/api.farmageo.com.ar/node_modules/@adonisjs/bouncer/build/src/Exceptions/AuthorizationException.js:15:16)
    at ActionsAuthorizer.authorize (/home/farmageo/api.farmageo.com.ar/node_modules/@adonisjs/bouncer/build/src/ActionsAuthorizer/index.js:165:63)
    at runMicrotasks (<anonymous>)
    at processTicksAndRejections (node:internal/process/task_queues:96:5)
    at PublicidadsController.mig_novedadesFarmacia (/home/farmageo/api.farmageo.com.ar/app/Controllers/Http/PublicidadsController.ts:59:7)
    at Object.PreCompiler.runRouteHandler [as fn] (/home/farmageo/api.farmageo.com.ar/node_modules/@adonisjs/http-server/build/src/Server/PreCompiler/index.js:47:31)
    at UncaughtError.handle (/home/farmageo/api.farmageo.com.ar/app/Middleware/UncaughtError.ts:22:5)
    at RegistradorDePista.handle (/home/farmageo/api.farmageo.com.ar/app/Middleware/RegistradorDePista.ts:36:5)
    at UsuarioPermiso.handle (/home/farmageo/api.farmageo.com.ar/app/Middleware/ctxdata.ts:126:5)
    at SilentAuthMiddleware.handle (/home/farmageo/api.farmageo.com.ar/app/Middleware/SilentAuth.ts:23:5)
Thu Nov 10 2022 11:17:33 GMT-0300 (Argentina Standard Time) Error Handler: AuthorizationException: E_AUTHORIZATION_FAILURE: Not authorized to perform this action
    at Function.raise (/home/farmageo/api.farmageo.com.ar/node_modules/@adonisjs/bouncer/build/src/Exceptions/AuthorizationException.js:15:16)
    at ActionsAuthorizer.authorize (/home/farmageo/api.farmageo.com.ar/node_modules/@adonisjs/bouncer/build/src/ActionsAuthorizer/index.js:165:63)
    at runMicrotasks (<anonymous>)
    at processTicksAndRejections (node:internal/process/task_queues:96:5)
    at PublicidadsController.mig_novedadesFarmacia (/home/farmageo/api.farmageo.com.ar/app/Controllers/Http/PublicidadsController.ts:59:7)
    at Object.PreCompiler.runRouteHandler [as fn] (/home/farmageo/api.farmageo.com.ar/node_modules/@adonisjs/http-server/build/src/Server/PreCompiler/index.js:47:31)
    at UncaughtError.handle (/home/farmageo/api.farmageo.com.ar/app/Middleware/UncaughtError.ts:22:5)
    at RegistradorDePista.handle (/home/farmageo/api.farmageo.com.ar/app/Middleware/RegistradorDePista.ts:36:5)
    at UsuarioPermiso.handle (/home/farmageo/api.farmageo.com.ar/app/Middleware/ctxdata.ts:126:5)
    at SilentAuthMiddleware.handle (/home/farmageo/api.farmageo.com.ar/app/Middleware/SilentAuth.ts:23:5)
AuthorizationException: E_AUTHORIZATION_FAILURE: Not authorized to perform this action
    at Function.raise (/home/farmageo/api.farmageo.com.ar/node_modules/@adonisjs/bouncer/build/src/Exceptions/AuthorizationException.js:15:16)
    at ActionsAuthorizer.authorize (/home/farmageo/api.farmageo.com.ar/node_modules/@adonisjs/bouncer/build/src/ActionsAuthorizer/index.js:165:63)
    at processTicksAndRejections (node:internal/process/task_queues:96:5)
    at LaboratoriosController.index (/home/farmageo/api.farmageo.com.ar/app/Controllers/Http/LaboratoriosController.ts:79:7)
    at Object.PreCompiler.runRouteHandler [as fn] (/home/farmageo/api.farmageo.com.ar/node_modules/@adonisjs/http-server/build/src/Server/PreCompiler/index.js:47:31)
    at UncaughtError.handle (/home/farmageo/api.farmageo.com.ar/app/Middleware/UncaughtError.ts:22:5)
    at RegistradorDePista.handle (/home/farmageo/api.farmageo.com.ar/app/Middleware/RegistradorDePista.ts:36:5)
    at UsuarioPermiso.handle (/home/farmageo/api.farmageo.com.ar/app/Middleware/ctxdata.ts:126:5)
    at SilentAuthMiddleware.handle (/home/farmageo/api.farmageo.com.ar/app/Middleware/SilentAuth.ts:23:5)
    at Server.handleRequest (/home/farmageo/api.farmageo.com.ar/node_modules/@adonisjs/http-server/build/src/Server/index.js:108:13)
Thu Nov 10 2022 11:17:39 GMT-0300 (Argentina Standard Time) Error Handler: ExceptionHandler {
  logger: Logger {
    config: {
      name: 'apirest',
      enabled: true,
      level: 'info',
      prettyPrint: true
    },
    pino: EventEmitter {
      levels: [Object],
      silent: [Function: noop],
      trace: [Function: noop],
      debug: [Function: noop],
      info: [Function: LOG],
      warn: [Function: LOG],
      error: [Function: LOG],
      fatal: [Function (anonymous)],
      [Symbol(pino.useOnlyCustomLevels)]: false,
      [Symbol(pino.stream)]: [Object],
      [Symbol(pino.time)]: [Function: epochTime],
      [Symbol(pino.timeSliceIndex)]: 8,
      [Symbol(pino.stringify)]: [Function: stringify],
      [Symbol(pino.stringifiers)]: {},
      [Symbol(pino.end)]: '}\n',
      [Symbol(pino.formatOpts)]: [Object],
      [Symbol(pino.messageKey)]: 'msg',
      [Symbol(pino.nestedKey)]: null,
      [Symbol(pino.serializers)]: [Object: null prototype],
      [Symbol(pino.mixin)]: undefined,
      [Symbol(pino.mixinMergeStrategy)]: undefined,
      [Symbol(pino.chindings)]: ',"pid":1652298,"hostname":"vps2.farmageo.com","name":"apirest"',
      [Symbol(pino.formatters)]: [Object],
      [Symbol(pino.hooks)]: [Object],
      [Symbol(pino.lsCache)]: [Object],
      [Symbol(pino.levelVal)]: 30,
      [Symbol(pino.parsedChindings)]: [Object]
    }
  },
  ignoreCodes: [],
  ignoreStatuses: [ 400, 422, 401 ],
  internalIgnoreCodes: [ 'E_ROUTE_NOT_FOUND' ],
  statusPages: { '404': 'errors/not-found', '500..599': 'errors/server-error' },
  disableStatusPagesInDevelopment: true
}
[1668089859538] [41mFATAL[49m (apirest/1652298 on vps2.farmageo.com): [36mUnexpected exception raised from HTTP ExceptionHandler "report" method[39m
    RangeError: Maximum call stack size exceeded
        at Array.indexOf (<anonymous>)
        at ExceptionHandler.shouldReport (/home/farmageo/api.farmageo.com.ar/node_modules/@adonisjs/core/build/src/HttpExceptionHandler/index.js:66:49)
        at ExceptionHandler.report (/home/farmageo/api.farmageo.com.ar/node_modules/@adonisjs/core/build/src/HttpExceptionHandler/index.js:135:19)
        at ExceptionHandler.report (/home/farmageo/api.farmageo.com.ar/node_modules/@adonisjs/core/build/src/HttpExceptionHandler/index.js:139:19)
        at ExceptionHandler.report (/home/farmageo/api.farmageo.com.ar/node_modules/@adonisjs/core/build/src/HttpExceptionHandler/index.js:139:19)
        at ExceptionHandler.report (/home/farmageo/api.farmageo.com.ar/node_modules/@adonisjs/core/build/src/HttpExceptionHandler/index.js:139:19)
        at ExceptionHandler.report (/home/farmageo/api.farmageo.com.ar/node_modules/@adonisjs/core/build/src/HttpExceptionHandler/index.js:139:19)
        at ExceptionHandler.report (/home/farmageo/api.farmageo.com.ar/node_modules/@adonisjs/core/build/src/HttpExceptionHandler/index.js:139:19)
        at ExceptionHandler.report (/home/farmageo/api.farmageo.com.ar/node_modules/@adonisjs/core/build/src/HttpExceptionHandler/index.js:139:19)
        at ExceptionHandler.report (/home/farmageo/api.farmageo.com.ar/node_modules/@adonisjs/core/build/src/HttpExceptionHandler/index.js:139:19)
[1668089859540] [33mWARN[39m (apirest/1652298 on vps2.farmageo.com): [36mpino.final with prettyPrint does not support flushing[39m
AuthorizationException: E_AUTHORIZATION_FAILURE: Not authorized to perform this action
    at Function.raise (/home/farmageo/api.farmageo.com.ar/node_modules/@adonisjs/bouncer/build/src/Exceptions/AuthorizationException.js:15:16)
    at ActionsAuthorizer.authorize (/home/farmageo/api.farmageo.com.ar/node_modules/@adonisjs/bouncer/build/src/ActionsAuthorizer/index.js:165:63)
    at processTicksAndRejections (node:internal/process/task_queues:96:5)
    at PedidoController.mig_farmacia_pedidos (/home/farmageo/api.farmageo.com.ar/app/Controllers/Http/PedidoController.ts:43:7)
    at Object.PreCompiler.runRouteHandler [as fn] (/home/farmageo/api.farmageo.com.ar/node_modules/@adonisjs/http-server/build/src/Server/PreCompiler/index.js:47:31)
    at UncaughtError.handle (/home/farmageo/api.farmageo.com.ar/app/Middleware/UncaughtError.ts:22:5)
    at RegistradorDePista.handle (/home/farmageo/api.farmageo.com.ar/app/Middleware/RegistradorDePista.ts:36:5)
    at UsuarioPermiso.handle (/home/farmageo/api.farmageo.com.ar/app/Middleware/ctxdata.ts:126:5)
    at SilentAuthMiddleware.handle (/home/farmageo/api.farmageo.com.ar/app/Middleware/SilentAuth.ts:23:5)
    at Server.handleRequest (/home/farmageo/api.farmageo.com.ar/node_modules/@adonisjs/http-server/build/src/Server/index.js:108:13)
Thu Nov 10 2022 11:17:39 GMT-0300 (Argentina Standard Time) Error Handler: AuthorizationException: E_AUTHORIZATION_FAILURE: Not authorized to perform this action
    at Function.raise (/home/farmageo/api.farmageo.com.ar/node_modules/@adonisjs/bouncer/build/src/Exceptions/AuthorizationException.js:15:16)
    at ActionsAuthorizer.authorize (/home/farmageo/api.farmageo.com.ar/node_modules/@adonisjs/bouncer/build/src/ActionsAuthorizer/index.js:165:63)
    at processTicksAndRejections (node:internal/process/task_queues:96:5)
    at PedidoController.mig_farmacia_pedidos (/home/farmageo/api.farmageo.com.ar/app/Controllers/Http/PedidoController.ts:43:7)
    at Object.PreCompiler.runRouteHandler [as fn] (/home/farmageo/api.farmageo.com.ar/node_modules/@adonisjs/http-server/build/src/Server/PreCompiler/index.js:47:31)
    at UncaughtError.handle (/home/farmageo/api.farmageo.com.ar/app/Middleware/UncaughtError.ts:22:5)
    at RegistradorDePista.handle (/home/farmageo/api.farmageo.com.ar/app/Middleware/RegistradorDePista.ts:36:5)
    at UsuarioPermiso.handle (/home/farmageo/api.farmageo.com.ar/app/Middleware/ctxdata.ts:126:5)
    at SilentAuthMiddleware.handle (/home/farmageo/api.farmageo.com.ar/app/Middleware/SilentAuth.ts:23:5)
    at Server.handleRequest (/home/farmageo/api.farmageo.com.ar/node_modules/@adonisjs/http-server/build/src/Server/index.js:108:13)
AuthorizationException: E_AUTHORIZATION_FAILURE: Not authorized to perform this action
    at Function.raise (/home/farmageo/api.farmageo.com.ar/node_modules/@adonisjs/bouncer/build/src/Exceptions/AuthorizationException.js:15:16)
    at ActionsAuthorizer.authorize (/home/farmageo/api.farmageo.com.ar/node_modules/@adonisjs/bouncer/build/src/ActionsAuthorizer/index.js:165:63)
    at processTicksAndRejections (node:internal/process/task_queues:96:5)
    at PublicidadsController.mig_novedadesFarmacia (/home/farmageo/api.farmageo.com.ar/app/Controllers/Http/PublicidadsController.ts:59:7)
    at Object.PreCompiler.runRouteHandler [as fn] (/home/farmageo/api.farmageo.com.ar/node_modules/@adonisjs/http-server/build/src/Server/PreCompiler/index.js:47:31)
    at UncaughtError.handle (/home/farmageo/api.farmageo.com.ar/app/Middleware/UncaughtError.ts:22:5)
    at RegistradorDePista.handle (/home/farmageo/api.farmageo.com.ar/app/Middleware/RegistradorDePista.ts:36:5)
    at UsuarioPermiso.handle (/home/farmageo/api.farmageo.com.ar/app/Middleware/ctxdata.ts:126:5)
    at SilentAuthMiddleware.handle (/home/farmageo/api.farmageo.com.ar/app/Middleware/SilentAuth.ts:23:5)
    at Server.handleRequest (/home/farmageo/api.farmageo.com.ar/node_modules/@adonisjs/http-server/build/src/Server/index.js:108:13)
Thu Nov 10 2022 11:17:39 GMT-0300 (Argentina Standard Time) Error Handler: AuthorizationException: E_AUTHORIZATION_FAILURE: Not authorized to perform this action
    at Function.raise (/home/farmageo/api.farmageo.com.ar/node_modules/@adonisjs/bouncer/build/src/Exceptions/AuthorizationException.js:15:16)
    at ActionsAuthorizer.authorize (/home/farmageo/api.farmageo.com.ar/node_modules/@adonisjs/bouncer/build/src/ActionsAuthorizer/index.js:165:63)
    at processTicksAndRejections (node:internal/process/task_queues:96:5)
    at PublicidadsController.mig_novedadesFarmacia (/home/farmageo/api.farmageo.com.ar/app/Controllers/Http/PublicidadsController.ts:59:7)
    at Object.PreCompiler.runRouteHandler [as fn] (/home/farmageo/api.farmageo.com.ar/node_modules/@adonisjs/http-server/build/src/Server/PreCompiler/index.js:47:31)
    at UncaughtError.handle (/home/farmageo/api.farmageo.com.ar/app/Middleware/UncaughtError.ts:22:5)
    at RegistradorDePista.handle (/home/farmageo/api.farmageo.com.ar/app/Middleware/RegistradorDePista.ts:36:5)
    at UsuarioPermiso.handle (/home/farmageo/api.farmageo.com.ar/app/Middleware/ctxdata.ts:126:5)
    at SilentAuthMiddleware.handle (/home/farmageo/api.farmageo.com.ar/app/Middleware/SilentAuth.ts:23:5)
    at Server.handleRequest (/home/farmageo/api.farmageo.com.ar/node_modules/@adonisjs/http-server/build/src/Server/index.js:108:13)
[1668090750685] [33mWARN[39m (apirest/1652298 on vps2.farmageo.com): [36mConnection Error: Error: read ECONNRESET[39m
[1668090750686] [33mWARN[39m (apirest/1652298 on vps2.farmageo.com): [36mConnection Error: Error: read ECONNRESET[39m
Thu Nov 10 2022 11:32:52 GMT-0300 (Argentina Standard Time) Error Handler: HttpException: E_ROUTE_NOT_FOUND: Cannot GET:/favicon.ico
    at Function.invoke (/home/farmageo/api.farmageo.com.ar/node_modules/@adonisjs/http-server/build/src/Exceptions/HttpException.js:31:23)
    at RequestHandler.findRoute (/home/farmageo/api.farmageo.com.ar/node_modules/@adonisjs/http-server/build/src/Server/RequestHandler/index.js:49:49)
    at RequestHandler.handle (/home/farmageo/api.farmageo.com.ar/node_modules/@adonisjs/http-server/build/src/Server/RequestHandler/index.js:65:14)
    at /home/farmageo/api.farmageo.com.ar/node_modules/@adonisjs/http-server/build/src/Server/index.js:77:44
    at processTicksAndRejections (node:internal/process/task_queues:96:5)
    at Server.handleRequest (/home/farmageo/api.farmageo.com.ar/node_modules/@adonisjs/http-server/build/src/Server/index.js:108:13) {
  body: 'E_ROUTE_NOT_FOUND: Cannot GET:/favicon.ico'
}
[1668091207471] [33mWARN[39m (apirest/1652298 on vps2.farmageo.com): [36mConnection Error: Error: read ECONNRESET[39m
[1668091207473] [33mWARN[39m (apirest/1652298 on vps2.farmageo.com): [36mConnection Error: Error: read ECONNRESET[39m
Thu Nov 10 2022 11:40:07 GMT-0300 (Argentina Standard Time) Error Handler: HttpException: E_ROUTE_NOT_FOUND: Cannot GET:/favicon.ico
    at Function.invoke (/home/farmageo/api.farmageo.com.ar/node_modules/@adonisjs/http-server/build/src/Exceptions/HttpException.js:31:23)
    at RequestHandler.findRoute (/home/farmageo/api.farmageo.com.ar/node_modules/@adonisjs/http-server/build/src/Server/RequestHandler/index.js:49:49)
    at RequestHandler.handle (/home/farmageo/api.farmageo.com.ar/node_modules/@adonisjs/http-server/build/src/Server/RequestHandler/index.js:65:14)
    at /home/farmageo/api.farmageo.com.ar/node_modules/@adonisjs/http-server/build/src/Server/index.js:77:44
    at runMicrotasks (<anonymous>)
    at processTicksAndRejections (node:internal/process/task_queues:96:5)
    at Server.handleRequest (/home/farmageo/api.farmageo.com.ar/node_modules/@adonisjs/http-server/build/src/Server/index.js:108:13) {
  body: 'E_ROUTE_NOT_FOUND: Cannot GET:/favicon.ico'
}
[1668091417216] [33mWARN[39m (apirest/1652298 on vps2.farmageo.com): [36mConnection Error: Error: read ECONNRESET[39m
Thu Nov 10 2022 11:43:37 GMT-0300 (Argentina Standard Time) Error Handler: HttpException: E_ROUTE_NOT_FOUND: Cannot GET:/favicon.ico
    at Function.invoke (/home/farmageo/api.farmageo.com.ar/node_modules/@adonisjs/http-server/build/src/Exceptions/HttpException.js:31:23)
    at RequestHandler.findRoute (/home/farmageo/api.farmageo.com.ar/node_modules/@adonisjs/http-server/build/src/Server/RequestHandler/index.js:49:49)
    at RequestHandler.handle (/home/farmageo/api.farmageo.com.ar/node_modules/@adonisjs/http-server/build/src/Server/RequestHandler/index.js:65:14)
    at /home/farmageo/api.farmageo.com.ar/node_modules/@adonisjs/http-server/build/src/Server/index.js:77:44
    at runMicrotasks (<anonymous>)
    at processTicksAndRejections (node:internal/process/task_queues:96:5)
    at Server.handleRequest (/home/farmageo/api.farmageo.com.ar/node_modules/@adonisjs/http-server/build/src/Server/index.js:108:13) {
  body: 'E_ROUTE_NOT_FOUND: Cannot GET:/favicon.ico'
}
[1668091552901] [33mWARN[39m (apirest/1652298 on vps2.farmageo.com): [36mConnection Error: Error: read ECONNRESET[39m
[1668091628154] [33mWARN[39m (apirest/1652298 on vps2.farmageo.com): [36mConnection Error: Error: read ECONNRESET[39m
[1668091628156] [33mWARN[39m (apirest/1652298 on vps2.farmageo.com): [36mConnection Error: Error: read ECONNRESET[39m
[1668092322274] [33mWARN[39m (apirest/1652298 on vps2.farmageo.com): [36mConnection Error: Error: read ECONNRESET[39m
[1668092322274] [33mWARN[39m (apirest/1652298 on vps2.farmageo.com): [36mConnection Error: Error: read ECONNRESET[39m
AuthorizationException: E_AUTHORIZATION_FAILURE: Not authorized to perform this action
    at Function.raise (/home/farmageo/api.farmageo.com.ar/node_modules/@adonisjs/bouncer/build/src/Exceptions/AuthorizationException.js:15:16)
    at ActionsAuthorizer.authorize (/home/farmageo/api.farmageo.com.ar/node_modules/@adonisjs/bouncer/build/src/ActionsAuthorizer/index.js:165:63)
    at processTicksAndRejections (node:internal/process/task_queues:96:5)
    at PedidoController.mig_farmacia_pedidos (/home/farmageo/api.farmageo.com.ar/app/Controllers/Http/PedidoController.ts:43:7)
    at Object.PreCompiler.runRouteHandler [as fn] (/home/farmageo/api.farmageo.com.ar/node_modules/@adonisjs/http-server/build/src/Server/PreCompiler/index.js:47:31)
    at UncaughtError.handle (/home/farmageo/api.farmageo.com.ar/app/Middleware/UncaughtError.ts:22:5)
    at RegistradorDePista.handle (/home/farmageo/api.farmageo.com.ar/app/Middleware/RegistradorDePista.ts:36:5)
    at UsuarioPermiso.handle (/home/farmageo/api.farmageo.com.ar/app/Middleware/ctxdata.ts:126:5)
    at SilentAuthMiddleware.handle (/home/farmageo/api.farmageo.com.ar/app/Middleware/SilentAuth.ts:23:5)
    at Server.handleRequest (/home/farmageo/api.farmageo.com.ar/node_modules/@adonisjs/http-server/build/src/Server/index.js:108:13)
Thu Nov 10 2022 11:58:42 GMT-0300 (Argentina Standard Time) Error Handler: AuthorizationException: E_AUTHORIZATION_FAILURE: Not authorized to perform this action
    at Function.raise (/home/farmageo/api.farmageo.com.ar/node_modules/@adonisjs/bouncer/build/src/Exceptions/AuthorizationException.js:15:16)
    at ActionsAuthorizer.authorize (/home/farmageo/api.farmageo.com.ar/node_modules/@adonisjs/bouncer/build/src/ActionsAuthorizer/index.js:165:63)
    at processTicksAndRejections (node:internal/process/task_queues:96:5)
    at PedidoController.mig_farmacia_pedidos (/home/farmageo/api.farmageo.com.ar/app/Controllers/Http/PedidoController.ts:43:7)
    at Object.PreCompiler.runRouteHandler [as fn] (/home/farmageo/api.farmageo.com.ar/node_modules/@adonisjs/http-server/build/src/Server/PreCompiler/index.js:47:31)
    at UncaughtError.handle (/home/farmageo/api.farmageo.com.ar/app/Middleware/UncaughtError.ts:22:5)
    at RegistradorDePista.handle (/home/farmageo/api.farmageo.com.ar/app/Middleware/RegistradorDePista.ts:36:5)
    at UsuarioPermiso.handle (/home/farmageo/api.farmageo.com.ar/app/Middleware/ctxdata.ts:126:5)
    at SilentAuthMiddleware.handle (/home/farmageo/api.farmageo.com.ar/app/Middleware/SilentAuth.ts:23:5)
    at Server.handleRequest (/home/farmageo/api.farmageo.com.ar/node_modules/@adonisjs/http-server/build/src/Server/index.js:108:13)
AuthorizationException: E_AUTHORIZATION_FAILURE: Not authorized to perform this action
    at Function.raise (/home/farmageo/api.farmageo.com.ar/node_modules/@adonisjs/bouncer/build/src/Exceptions/AuthorizationException.js:15:16)
    at ActionsAuthorizer.authorize (/home/farmageo/api.farmageo.com.ar/node_modules/@adonisjs/bouncer/build/src/ActionsAuthorizer/index.js:165:63)
    at processTicksAndRejections (node:internal/process/task_queues:96:5)
    at PublicidadsController.mig_novedadesFarmacia (/home/farmageo/api.farmageo.com.ar/app/Controllers/Http/PublicidadsController.ts:59:7)
    at Object.PreCompiler.runRouteHandler [as fn] (/home/farmageo/api.farmageo.com.ar/node_modules/@adonisjs/http-server/build/src/Server/PreCompiler/index.js:47:31)
    at UncaughtError.handle (/home/farmageo/api.farmageo.com.ar/app/Middleware/UncaughtError.ts:22:5)
    at RegistradorDePista.handle (/home/farmageo/api.farmageo.com.ar/app/Middleware/RegistradorDePista.ts:36:5)
    at UsuarioPermiso.handle (/home/farmageo/api.farmageo.com.ar/app/Middleware/ctxdata.ts:126:5)
    at SilentAuthMiddleware.handle (/home/farmageo/api.farmageo.com.ar/app/Middleware/SilentAuth.ts:23:5)
    at Server.handleRequest (/home/farmageo/api.farmageo.com.ar/node_modules/@adonisjs/http-server/build/src/Server/index.js:108:13)
Thu Nov 10 2022 11:58:42 GMT-0300 (Argentina Standard Time) Error Handler: AuthorizationException: E_AUTHORIZATION_FAILURE: Not authorized to perform this action
    at Function.raise (/home/farmageo/api.farmageo.com.ar/node_modules/@adonisjs/bouncer/build/src/Exceptions/AuthorizationException.js:15:16)
    at ActionsAuthorizer.authorize (/home/farmageo/api.farmageo.com.ar/node_modules/@adonisjs/bouncer/build/src/ActionsAuthorizer/index.js:165:63)
    at processTicksAndRejections (node:internal/process/task_queues:96:5)
    at PublicidadsController.mig_novedadesFarmacia (/home/farmageo/api.farmageo.com.ar/app/Controllers/Http/PublicidadsController.ts:59:7)
    at Object.PreCompiler.runRouteHandler [as fn] (/home/farmageo/api.farmageo.com.ar/node_modules/@adonisjs/http-server/build/src/Server/PreCompiler/index.js:47:31)
    at UncaughtError.handle (/home/farmageo/api.farmageo.com.ar/app/Middleware/UncaughtError.ts:22:5)
    at RegistradorDePista.handle (/home/farmageo/api.farmageo.com.ar/app/Middleware/RegistradorDePista.ts:36:5)
    at UsuarioPermiso.handle (/home/farmageo/api.farmageo.com.ar/app/Middleware/ctxdata.ts:126:5)
    at SilentAuthMiddleware.handle (/home/farmageo/api.farmageo.com.ar/app/Middleware/SilentAuth.ts:23:5)
    at Server.handleRequest (/home/farmageo/api.farmageo.com.ar/node_modules/@adonisjs/http-server/build/src/Server/index.js:108:13)
AuthorizationException: E_AUTHORIZATION_FAILURE: Not authorized to perform this action
    at Function.raise (/home/farmageo/api.farmageo.com.ar/node_modules/@adonisjs/bouncer/build/src/Exceptions/AuthorizationException.js:15:16)
    at ActionsAuthorizer.authorize (/home/farmageo/api.farmageo.com.ar/node_modules/@adonisjs/bouncer/build/src/ActionsAuthorizer/index.js:165:63)
    at runMicrotasks (<anonymous>)
    at processTicksAndRejections (node:internal/process/task_queues:96:5)
    at PedidoController.mig_farmacia_pedidos (/home/farmageo/api.farmageo.com.ar/app/Controllers/Http/PedidoController.ts:43:7)
    at Object.PreCompiler.runRouteHandler [as fn] (/home/farmageo/api.farmageo.com.ar/node_modules/@adonisjs/http-server/build/src/Server/PreCompiler/index.js:47:31)
    at UncaughtError.handle (/home/farmageo/api.farmageo.com.ar/app/Middleware/UncaughtError.ts:22:5)
    at RegistradorDePista.handle (/home/farmageo/api.farmageo.com.ar/app/Middleware/RegistradorDePista.ts:36:5)
    at UsuarioPermiso.handle (/home/farmageo/api.farmageo.com.ar/app/Middleware/ctxdata.ts:126:5)
    at SilentAuthMiddleware.handle (/home/farmageo/api.farmageo.com.ar/app/Middleware/SilentAuth.ts:23:5)
Thu Nov 10 2022 11:58:42 GMT-0300 (Argentina Standard Time) Error Handler: AuthorizationException: E_AUTHORIZATION_FAILURE: Not authorized to perform this action
    at Function.raise (/home/farmageo/api.farmageo.com.ar/node_modules/@adonisjs/bouncer/build/src/Exceptions/AuthorizationException.js:15:16)
    at ActionsAuthorizer.authorize (/home/farmageo/api.farmageo.com.ar/node_modules/@adonisjs/bouncer/build/src/ActionsAuthorizer/index.js:165:63)
    at runMicrotasks (<anonymous>)
    at processTicksAndRejections (node:internal/process/task_queues:96:5)
    at PedidoController.mig_farmacia_pedidos (/home/farmageo/api.farmageo.com.ar/app/Controllers/Http/PedidoController.ts:43:7)
    at Object.PreCompiler.runRouteHandler [as fn] (/home/farmageo/api.farmageo.com.ar/node_modules/@adonisjs/http-server/build/src/Server/PreCompiler/index.js:47:31)
    at UncaughtError.handle (/home/farmageo/api.farmageo.com.ar/app/Middleware/UncaughtError.ts:22:5)
    at RegistradorDePista.handle (/home/farmageo/api.farmageo.com.ar/app/Middleware/RegistradorDePista.ts:36:5)
    at UsuarioPermiso.handle (/home/farmageo/api.farmageo.com.ar/app/Middleware/ctxdata.ts:126:5)
    at SilentAuthMiddleware.handle (/home/farmageo/api.farmageo.com.ar/app/Middleware/SilentAuth.ts:23:5)
AuthorizationException: E_AUTHORIZATION_FAILURE: Not authorized to perform this action
    at Function.raise (/home/farmageo/api.farmageo.com.ar/node_modules/@adonisjs/bouncer/build/src/Exceptions/AuthorizationException.js:15:16)
    at ActionsAuthorizer.authorize (/home/farmageo/api.farmageo.com.ar/node_modules/@adonisjs/bouncer/build/src/ActionsAuthorizer/index.js:165:63)
    at runMicrotasks (<anonymous>)
    at processTicksAndRejections (node:internal/process/task_queues:96:5)
    at PublicidadsController.mig_novedadesFarmacia (/home/farmageo/api.farmageo.com.ar/app/Controllers/Http/PublicidadsController.ts:59:7)
    at Object.PreCompiler.runRouteHandler [as fn] (/home/farmageo/api.farmageo.com.ar/node_modules/@adonisjs/http-server/build/src/Server/PreCompiler/index.js:47:31)
    at UncaughtError.handle (/home/farmageo/api.farmageo.com.ar/app/Middleware/UncaughtError.ts:22:5)
    at RegistradorDePista.handle (/home/farmageo/api.farmageo.com.ar/app/Middleware/RegistradorDePista.ts:36:5)
    at UsuarioPermiso.handle (/home/farmageo/api.farmageo.com.ar/app/Middleware/ctxdata.ts:126:5)
    at SilentAuthMiddleware.handle (/home/farmageo/api.farmageo.com.ar/app/Middleware/SilentAuth.ts:23:5)
Thu Nov 10 2022 11:58:42 GMT-0300 (Argentina Standard Time) Error Handler: AuthorizationException: E_AUTHORIZATION_FAILURE: Not authorized to perform this action
    at Function.raise (/home/farmageo/api.farmageo.com.ar/node_modules/@adonisjs/bouncer/build/src/Exceptions/AuthorizationException.js:15:16)
    at ActionsAuthorizer.authorize (/home/farmageo/api.farmageo.com.ar/node_modules/@adonisjs/bouncer/build/src/ActionsAuthorizer/index.js:165:63)
    at runMicrotasks (<anonymous>)
    at processTicksAndRejections (node:internal/process/task_queues:96:5)
    at PublicidadsController.mig_novedadesFarmacia (/home/farmageo/api.farmageo.com.ar/app/Controllers/Http/PublicidadsController.ts:59:7)
    at Object.PreCompiler.runRouteHandler [as fn] (/home/farmageo/api.farmageo.com.ar/node_modules/@adonisjs/http-server/build/src/Server/PreCompiler/index.js:47:31)
    at UncaughtError.handle (/home/farmageo/api.farmageo.com.ar/app/Middleware/UncaughtError.ts:22:5)
    at RegistradorDePista.handle (/home/farmageo/api.farmageo.com.ar/app/Middleware/RegistradorDePista.ts:36:5)
    at UsuarioPermiso.handle (/home/farmageo/api.farmageo.com.ar/app/Middleware/ctxdata.ts:126:5)
    at SilentAuthMiddleware.handle (/home/farmageo/api.farmageo.com.ar/app/Middleware/SilentAuth.ts:23:5)
AuthorizationException: E_AUTHORIZATION_FAILURE: Not authorized to perform this action
    at Function.raise (/home/farmageo/api.farmageo.com.ar/node_modules/@adonisjs/bouncer/build/src/Exceptions/AuthorizationException.js:15:16)
    at ActionsAuthorizer.authorize (/home/farmageo/api.farmageo.com.ar/node_modules/@adonisjs/bouncer/build/src/ActionsAuthorizer/index.js:165:63)
    at runMicrotasks (<anonymous>)
    at processTicksAndRejections (node:internal/process/task_queues:96:5)
    at PedidoController.mig_farmacia_pedidos (/home/farmageo/api.farmageo.com.ar/app/Controllers/Http/PedidoController.ts:43:7)
    at Object.PreCompiler.runRouteHandler [as fn] (/home/farmageo/api.farmageo.com.ar/node_modules/@adonisjs/http-server/build/src/Server/PreCompiler/index.js:47:31)
    at UncaughtError.handle (/home/farmageo/api.farmageo.com.ar/app/Middleware/UncaughtError.ts:22:5)
    at RegistradorDePista.handle (/home/farmageo/api.farmageo.com.ar/app/Middleware/RegistradorDePista.ts:36:5)
    at UsuarioPermiso.handle (/home/farmageo/api.farmageo.com.ar/app/Middleware/ctxdata.ts:126:5)
    at SilentAuthMiddleware.handle (/home/farmageo/api.farmageo.com.ar/app/Middleware/SilentAuth.ts:23:5)
AuthorizationException: E_AUTHORIZATION_FAILURE: Not authorized to perform this action
    at Function.raise (/home/farmageo/api.farmageo.com.ar/node_modules/@adonisjs/bouncer/build/src/Exceptions/AuthorizationException.js:15:16)
    at ActionsAuthorizer.authorize (/home/farmageo/api.farmageo.com.ar/node_modules/@adonisjs/bouncer/build/src/ActionsAuthorizer/index.js:165:63)
    at runMicrotasks (<anonymous>)
    at processTicksAndRejections (node:internal/process/task_queues:96:5)
    at PublicidadsController.mig_novedadesFarmacia (/home/farmageo/api.farmageo.com.ar/app/Controllers/Http/PublicidadsController.ts:59:7)
    at Object.PreCompiler.runRouteHandler [as fn] (/home/farmageo/api.farmageo.com.ar/node_modules/@adonisjs/http-server/build/src/Server/PreCompiler/index.js:47:31)
    at UncaughtError.handle (/home/farmageo/api.farmageo.com.ar/app/Middleware/UncaughtError.ts:22:5)
    at RegistradorDePista.handle (/home/farmageo/api.farmageo.com.ar/app/Middleware/RegistradorDePista.ts:36:5)
    at UsuarioPermiso.handle (/home/farmageo/api.farmageo.com.ar/app/Middleware/ctxdata.ts:126:5)
    at SilentAuthMiddleware.handle (/home/farmageo/api.farmageo.com.ar/app/Middleware/SilentAuth.ts:23:5)
Thu Nov 10 2022 11:58:52 GMT-0300 (Argentina Standard Time) Error Handler: AuthorizationException: E_AUTHORIZATION_FAILURE: Not authorized to perform this action
    at Function.raise (/home/farmageo/api.farmageo.com.ar/node_modules/@adonisjs/bouncer/build/src/Exceptions/AuthorizationException.js:15:16)
    at ActionsAuthorizer.authorize (/home/farmageo/api.farmageo.com.ar/node_modules/@adonisjs/bouncer/build/src/ActionsAuthorizer/index.js:165:63)
    at runMicrotasks (<anonymous>)
    at processTicksAndRejections (node:internal/process/task_queues:96:5)
    at PedidoController.mig_farmacia_pedidos (/home/farmageo/api.farmageo.com.ar/app/Controllers/Http/PedidoController.ts:43:7)
    at Object.PreCompiler.runRouteHandler [as fn] (/home/farmageo/api.farmageo.com.ar/node_modules/@adonisjs/http-server/build/src/Server/PreCompiler/index.js:47:31)
    at UncaughtError.handle (/home/farmageo/api.farmageo.com.ar/app/Middleware/UncaughtError.ts:22:5)
    at RegistradorDePista.handle (/home/farmageo/api.farmageo.com.ar/app/Middleware/RegistradorDePista.ts:36:5)
    at UsuarioPermiso.handle (/home/farmageo/api.farmageo.com.ar/app/Middleware/ctxdata.ts:126:5)
    at SilentAuthMiddleware.handle (/home/farmageo/api.farmageo.com.ar/app/Middleware/SilentAuth.ts:23:5)
Thu Nov 10 2022 11:58:52 GMT-0300 (Argentina Standard Time) Error Handler: AuthorizationException: E_AUTHORIZATION_FAILURE: Not authorized to perform this action
    at Function.raise (/home/farmageo/api.farmageo.com.ar/node_modules/@adonisjs/bouncer/build/src/Exceptions/AuthorizationException.js:15:16)
    at ActionsAuthorizer.authorize (/home/farmageo/api.farmageo.com.ar/node_modules/@adonisjs/bouncer/build/src/ActionsAuthorizer/index.js:165:63)
    at runMicrotasks (<anonymous>)
    at processTicksAndRejections (node:internal/process/task_queues:96:5)
    at PublicidadsController.mig_novedadesFarmacia (/home/farmageo/api.farmageo.com.ar/app/Controllers/Http/PublicidadsController.ts:59:7)
    at Object.PreCompiler.runRouteHandler [as fn] (/home/farmageo/api.farmageo.com.ar/node_modules/@adonisjs/http-server/build/src/Server/PreCompiler/index.js:47:31)
    at UncaughtError.handle (/home/farmageo/api.farmageo.com.ar/app/Middleware/UncaughtError.ts:22:5)
    at RegistradorDePista.handle (/home/farmageo/api.farmageo.com.ar/app/Middleware/RegistradorDePista.ts:36:5)
    at UsuarioPermiso.handle (/home/farmageo/api.farmageo.com.ar/app/Middleware/ctxdata.ts:126:5)
    at SilentAuthMiddleware.handle (/home/farmageo/api.farmageo.com.ar/app/Middleware/SilentAuth.ts:23:5)
AuthorizationException: E_AUTHORIZATION_FAILURE: Not authorized to perform this action
    at Function.raise (/home/farmageo/api.farmageo.com.ar/node_modules/@adonisjs/bouncer/build/src/Exceptions/AuthorizationException.js:15:16)
    at ActionsAuthorizer.authorize (/home/farmageo/api.farmageo.com.ar/node_modules/@adonisjs/bouncer/build/src/ActionsAuthorizer/index.js:165:63)
    at runMicrotasks (<anonymous>)
    at processTicksAndRejections (node:internal/process/task_queues:96:5)
    at PedidoController.mig_farmacia_pedidos (/home/farmageo/api.farmageo.com.ar/app/Controllers/Http/PedidoController.ts:43:7)
    at Object.PreCompiler.runRouteHandler [as fn] (/home/farmageo/api.farmageo.com.ar/node_modules/@adonisjs/http-server/build/src/Server/PreCompiler/index.js:47:31)
    at UncaughtError.handle (/home/farmageo/api.farmageo.com.ar/app/Middleware/UncaughtError.ts:22:5)
    at RegistradorDePista.handle (/home/farmageo/api.farmageo.com.ar/app/Middleware/RegistradorDePista.ts:36:5)
    at UsuarioPermiso.handle (/home/farmageo/api.farmageo.com.ar/app/Middleware/ctxdata.ts:126:5)
    at SilentAuthMiddleware.handle (/home/farmageo/api.farmageo.com.ar/app/Middleware/SilentAuth.ts:23:5)
AuthorizationException: E_AUTHORIZATION_FAILURE: Not authorized to perform this action
    at Function.raise (/home/farmageo/api.farmageo.com.ar/node_modules/@adonisjs/bouncer/build/src/Exceptions/AuthorizationException.js:15:16)
    at ActionsAuthorizer.authorize (/home/farmageo/api.farmageo.com.ar/node_modules/@adonisjs/bouncer/build/src/ActionsAuthorizer/index.js:165:63)
    at runMicrotasks (<anonymous>)
    at processTicksAndRejections (node:internal/process/task_queues:96:5)
    at PublicidadsController.mig_novedadesFarmacia (/home/farmageo/api.farmageo.com.ar/app/Controllers/Http/PublicidadsController.ts:59:7)
    at Object.PreCompiler.runRouteHandler [as fn] (/home/farmageo/api.farmageo.com.ar/node_modules/@adonisjs/http-server/build/src/Server/PreCompiler/index.js:47:31)
    at UncaughtError.handle (/home/farmageo/api.farmageo.com.ar/app/Middleware/UncaughtError.ts:22:5)
    at RegistradorDePista.handle (/home/farmageo/api.farmageo.com.ar/app/Middleware/RegistradorDePista.ts:36:5)
    at UsuarioPermiso.handle (/home/farmageo/api.farmageo.com.ar/app/Middleware/ctxdata.ts:126:5)
    at SilentAuthMiddleware.handle (/home/farmageo/api.farmageo.com.ar/app/Middleware/SilentAuth.ts:23:5)
Thu Nov 10 2022 11:58:52 GMT-0300 (Argentina Standard Time) Error Handler: AuthorizationException: E_AUTHORIZATION_FAILURE: Not authorized to perform this action
    at Function.raise (/home/farmageo/api.farmageo.com.ar/node_modules/@adonisjs/bouncer/build/src/Exceptions/AuthorizationException.js:15:16)
    at ActionsAuthorizer.authorize (/home/farmageo/api.farmageo.com.ar/node_modules/@adonisjs/bouncer/build/src/ActionsAuthorizer/index.js:165:63)
    at runMicrotasks (<anonymous>)
    at processTicksAndRejections (node:internal/process/task_queues:96:5)
    at PedidoController.mig_farmacia_pedidos (/home/farmageo/api.farmageo.com.ar/app/Controllers/Http/PedidoController.ts:43:7)
    at Object.PreCompiler.runRouteHandler [as fn] (/home/farmageo/api.farmageo.com.ar/node_modules/@adonisjs/http-server/build/src/Server/PreCompiler/index.js:47:31)
    at UncaughtError.handle (/home/farmageo/api.farmageo.com.ar/app/Middleware/UncaughtError.ts:22:5)
    at RegistradorDePista.handle (/home/farmageo/api.farmageo.com.ar/app/Middleware/RegistradorDePista.ts:36:5)
    at UsuarioPermiso.handle (/home/farmageo/api.farmageo.com.ar/app/Middleware/ctxdata.ts:126:5)
    at SilentAuthMiddleware.handle (/home/farmageo/api.farmageo.com.ar/app/Middleware/SilentAuth.ts:23:5)
Thu Nov 10 2022 11:58:52 GMT-0300 (Argentina Standard Time) Error Handler: AuthorizationException: E_AUTHORIZATION_FAILURE: Not authorized to perform this action
    at Function.raise (/home/farmageo/api.farmageo.com.ar/node_modules/@adonisjs/bouncer/build/src/Exceptions/AuthorizationException.js:15:16)
    at ActionsAuthorizer.authorize (/home/farmageo/api.farmageo.com.ar/node_modules/@adonisjs/bouncer/build/src/ActionsAuthorizer/index.js:165:63)
    at runMicrotasks (<anonymous>)
    at processTicksAndRejections (node:internal/process/task_queues:96:5)
    at PublicidadsController.mig_novedadesFarmacia (/home/farmageo/api.farmageo.com.ar/app/Controllers/Http/PublicidadsController.ts:59:7)
    at Object.PreCompiler.runRouteHandler [as fn] (/home/farmageo/api.farmageo.com.ar/node_modules/@adonisjs/http-server/build/src/Server/PreCompiler/index.js:47:31)
    at UncaughtError.handle (/home/farmageo/api.farmageo.com.ar/app/Middleware/UncaughtError.ts:22:5)
    at RegistradorDePista.handle (/home/farmageo/api.farmageo.com.ar/app/Middleware/RegistradorDePista.ts:36:5)
    at UsuarioPermiso.handle (/home/farmageo/api.farmageo.com.ar/app/Middleware/ctxdata.ts:126:5)
    at SilentAuthMiddleware.handle (/home/farmageo/api.farmageo.com.ar/app/Middleware/SilentAuth.ts:23:5)
[1668092932586] [33mWARN[39m (apirest/1652298 on vps2.farmageo.com): [36mConnection Error: Error: read ECONNRESET[39m
[1668092932587] [33mWARN[39m (apirest/1652298 on vps2.farmageo.com): [36mConnection Error: Error: read ECONNRESET[39m
Thu Nov 10 2022 12:08:52 GMT-0300 (Argentina Standard Time) Error Handler: HttpException: E_ROUTE_NOT_FOUND: Cannot GET:/.well-known/acme-challenge/-tg-KHUcBTG_nA_-fu1cFdi-zLFhvJV9fl0OsYCRYdg
    at Function.invoke (/home/farmageo/api.farmageo.com.ar/node_modules/@adonisjs/http-server/build/src/Exceptions/HttpException.js:31:23)
    at RequestHandler.findRoute (/home/farmageo/api.farmageo.com.ar/node_modules/@adonisjs/http-server/build/src/Server/RequestHandler/index.js:49:49)
    at RequestHandler.handle (/home/farmageo/api.farmageo.com.ar/node_modules/@adonisjs/http-server/build/src/Server/RequestHandler/index.js:65:14)
    at /home/farmageo/api.farmageo.com.ar/node_modules/@adonisjs/http-server/build/src/Server/index.js:77:44
    at runMicrotasks (<anonymous>)
    at processTicksAndRejections (node:internal/process/task_queues:96:5)
    at Server.handleRequest (/home/farmageo/api.farmageo.com.ar/node_modules/@adonisjs/http-server/build/src/Server/index.js:108:13) {
  body: 'E_ROUTE_NOT_FOUND: Cannot GET:/.well-known/acme-challenge/-tg-KHUcBTG_nA_-fu1cFdi-zLFhvJV9fl0OsYCRYdg'
}
Thu Nov 10 2022 12:08:52 GMT-0300 (Argentina Standard Time) Error Handler: HttpException: E_ROUTE_NOT_FOUND: Cannot GET:/.well-known/acme-challenge/-tg-KHUcBTG_nA_-fu1cFdi-zLFhvJV9fl0OsYCRYdg
    at Function.invoke (/home/farmageo/api.farmageo.com.ar/node_modules/@adonisjs/http-server/build/src/Exceptions/HttpException.js:31:23)
    at RequestHandler.findRoute (/home/farmageo/api.farmageo.com.ar/node_modules/@adonisjs/http-server/build/src/Server/RequestHandler/index.js:49:49)
    at RequestHandler.handle (/home/farmageo/api.farmageo.com.ar/node_modules/@adonisjs/http-server/build/src/Server/RequestHandler/index.js:65:14)
    at /home/farmageo/api.farmageo.com.ar/node_modules/@adonisjs/http-server/build/src/Server/index.js:77:44
    at runMicrotasks (<anonymous>)
    at processTicksAndRejections (node:internal/process/task_queues:96:5)
    at Server.handleRequest (/home/farmageo/api.farmageo.com.ar/node_modules/@adonisjs/http-server/build/src/Server/index.js:108:13) {
  body: 'E_ROUTE_NOT_FOUND: Cannot GET:/.well-known/acme-challenge/-tg-KHUcBTG_nA_-fu1cFdi-zLFhvJV9fl0OsYCRYdg'
}
Thu Nov 10 2022 12:08:53 GMT-0300 (Argentina Standard Time) Error Handler: HttpException: E_ROUTE_NOT_FOUND: Cannot GET:/.well-known/acme-challenge/-tg-KHUcBTG_nA_-fu1cFdi-zLFhvJV9fl0OsYCRYdg
    at Function.invoke (/home/farmageo/api.farmageo.com.ar/node_modules/@adonisjs/http-server/build/src/Exceptions/HttpException.js:31:23)
    at RequestHandler.findRoute (/home/farmageo/api.farmageo.com.ar/node_modules/@adonisjs/http-server/build/src/Server/RequestHandler/index.js:49:49)
    at RequestHandler.handle (/home/farmageo/api.farmageo.com.ar/node_modules/@adonisjs/http-server/build/src/Server/RequestHandler/index.js:65:14)
    at /home/farmageo/api.farmageo.com.ar/node_modules/@adonisjs/http-server/build/src/Server/index.js:77:44
    at runMicrotasks (<anonymous>)
    at processTicksAndRejections (node:internal/process/task_queues:96:5)
    at Server.handleRequest (/home/farmageo/api.farmageo.com.ar/node_modules/@adonisjs/http-server/build/src/Server/index.js:108:13) {
  body: 'E_ROUTE_NOT_FOUND: Cannot GET:/.well-known/acme-challenge/-tg-KHUcBTG_nA_-fu1cFdi-zLFhvJV9fl0OsYCRYdg'
}
[1668093119549] [33mWARN[39m (apirest/1652298 on vps2.farmageo.com): [36mConnection Error: Error: read ECONNRESET[39m
AuthorizationException: E_AUTHORIZATION_FAILURE: Not authorized to perform this action
    at Function.raise (/home/farmageo/api.farmageo.com.ar/node_modules/@adonisjs/bouncer/build/src/Exceptions/AuthorizationException.js:15:16)
    at ActionsAuthorizer.authorize (/home/farmageo/api.farmageo.com.ar/node_modules/@adonisjs/bouncer/build/src/ActionsAuthorizer/index.js:165:63)
    at processTicksAndRejections (node:internal/process/task_queues:96:5)
    at PedidoController.mig_farmacia_pedidos (/home/farmageo/api.farmageo.com.ar/app/Controllers/Http/PedidoController.ts:43:7)
    at Object.PreCompiler.runRouteHandler [as fn] (/home/farmageo/api.farmageo.com.ar/node_modules/@adonisjs/http-server/build/src/Server/PreCompiler/index.js:47:31)
    at UncaughtError.handle (/home/farmageo/api.farmageo.com.ar/app/Middleware/UncaughtError.ts:22:5)
    at RegistradorDePista.handle (/home/farmageo/api.farmageo.com.ar/app/Middleware/RegistradorDePista.ts:36:5)
    at UsuarioPermiso.handle (/home/farmageo/api.farmageo.com.ar/app/Middleware/ctxdata.ts:126:5)
    at SilentAuthMiddleware.handle (/home/farmageo/api.farmageo.com.ar/app/Middleware/SilentAuth.ts:23:5)
    at Server.handleRequest (/home/farmageo/api.farmageo.com.ar/node_modules/@adonisjs/http-server/build/src/Server/index.js:108:13)
Thu Nov 10 2022 12:13:46 GMT-0300 (Argentina Standard Time) Error Handler: AuthorizationException: E_AUTHORIZATION_FAILURE: Not authorized to perform this action
    at Function.raise (/home/farmageo/api.farmageo.com.ar/node_modules/@adonisjs/bouncer/build/src/Exceptions/AuthorizationException.js:15:16)
    at ActionsAuthorizer.authorize (/home/farmageo/api.farmageo.com.ar/node_modules/@adonisjs/bouncer/build/src/ActionsAuthorizer/index.js:165:63)
    at processTicksAndRejections (node:internal/process/task_queues:96:5)
    at PedidoController.mig_farmacia_pedidos (/home/farmageo/api.farmageo.com.ar/app/Controllers/Http/PedidoController.ts:43:7)
    at Object.PreCompiler.runRouteHandler [as fn] (/home/farmageo/api.farmageo.com.ar/node_modules/@adonisjs/http-server/build/src/Server/PreCompiler/index.js:47:31)
    at UncaughtError.handle (/home/farmageo/api.farmageo.com.ar/app/Middleware/UncaughtError.ts:22:5)
    at RegistradorDePista.handle (/home/farmageo/api.farmageo.com.ar/app/Middleware/RegistradorDePista.ts:36:5)
    at UsuarioPermiso.handle (/home/farmageo/api.farmageo.com.ar/app/Middleware/ctxdata.ts:126:5)
    at SilentAuthMiddleware.handle (/home/farmageo/api.farmageo.com.ar/app/Middleware/SilentAuth.ts:23:5)
    at Server.handleRequest (/home/farmageo/api.farmageo.com.ar/node_modules/@adonisjs/http-server/build/src/Server/index.js:108:13)
AuthorizationException: E_AUTHORIZATION_FAILURE: Not authorized to perform this action
    at Function.raise (/home/farmageo/api.farmageo.com.ar/node_modules/@adonisjs/bouncer/build/src/Exceptions/AuthorizationException.js:15:16)
    at ActionsAuthorizer.authorize (/home/farmageo/api.farmageo.com.ar/node_modules/@adonisjs/bouncer/build/src/ActionsAuthorizer/index.js:165:63)
    at processTicksAndRejections (node:internal/process/task_queues:96:5)
    at PublicidadsController.mig_novedadesFarmacia (/home/farmageo/api.farmageo.com.ar/app/Controllers/Http/PublicidadsController.ts:59:7)
    at Object.PreCompiler.runRouteHandler [as fn] (/home/farmageo/api.farmageo.com.ar/node_modules/@adonisjs/http-server/build/src/Server/PreCompiler/index.js:47:31)
    at UncaughtError.handle (/home/farmageo/api.farmageo.com.ar/app/Middleware/UncaughtError.ts:22:5)
    at RegistradorDePista.handle (/home/farmageo/api.farmageo.com.ar/app/Middleware/RegistradorDePista.ts:36:5)
    at UsuarioPermiso.handle (/home/farmageo/api.farmageo.com.ar/app/Middleware/ctxdata.ts:126:5)
    at SilentAuthMiddleware.handle (/home/farmageo/api.farmageo.com.ar/app/Middleware/SilentAuth.ts:23:5)
    at Server.handleRequest (/home/farmageo/api.farmageo.com.ar/node_modules/@adonisjs/http-server/build/src/Server/index.js:108:13)
Thu Nov 10 2022 12:13:46 GMT-0300 (Argentina Standard Time) Error Handler: AuthorizationException: E_AUTHORIZATION_FAILURE: Not authorized to perform this action
    at Function.raise (/home/farmageo/api.farmageo.com.ar/node_modules/@adonisjs/bouncer/build/src/Exceptions/AuthorizationException.js:15:16)
    at ActionsAuthorizer.authorize (/home/farmageo/api.farmageo.com.ar/node_modules/@adonisjs/bouncer/build/src/ActionsAuthorizer/index.js:165:63)
    at processTicksAndRejections (node:internal/process/task_queues:96:5)
    at PublicidadsController.mig_novedadesFarmacia (/home/farmageo/api.farmageo.com.ar/app/Controllers/Http/PublicidadsController.ts:59:7)
    at Object.PreCompiler.runRouteHandler [as fn] (/home/farmageo/api.farmageo.com.ar/node_modules/@adonisjs/http-server/build/src/Server/PreCompiler/index.js:47:31)
    at UncaughtError.handle (/home/farmageo/api.farmageo.com.ar/app/Middleware/UncaughtError.ts:22:5)
    at RegistradorDePista.handle (/home/farmageo/api.farmageo.com.ar/app/Middleware/RegistradorDePista.ts:36:5)
    at UsuarioPermiso.handle (/home/farmageo/api.farmageo.com.ar/app/Middleware/ctxdata.ts:126:5)
    at SilentAuthMiddleware.handle (/home/farmageo/api.farmageo.com.ar/app/Middleware/SilentAuth.ts:23:5)
    at Server.handleRequest (/home/farmageo/api.farmageo.com.ar/node_modules/@adonisjs/http-server/build/src/Server/index.js:108:13)
AuthorizationException: E_AUTHORIZATION_FAILURE: Not authorized to perform this action
    at Function.raise (/home/farmageo/api.farmageo.com.ar/node_modules/@adonisjs/bouncer/build/src/Exceptions/AuthorizationException.js:15:16)
    at ActionsAuthorizer.authorize (/home/farmageo/api.farmageo.com.ar/node_modules/@adonisjs/bouncer/build/src/ActionsAuthorizer/index.js:165:63)
    at processTicksAndRejections (node:internal/process/task_queues:96:5)
    at PedidoController.mig_farmacia_pedidos (/home/farmageo/api.farmageo.com.ar/app/Controllers/Http/PedidoController.ts:43:7)
    at Object.PreCompiler.runRouteHandler [as fn] (/home/farmageo/api.farmageo.com.ar/node_modules/@adonisjs/http-server/build/src/Server/PreCompiler/index.js:47:31)
    at UncaughtError.handle (/home/farmageo/api.farmageo.com.ar/app/Middleware/UncaughtError.ts:22:5)
    at RegistradorDePista.handle (/home/farmageo/api.farmageo.com.ar/app/Middleware/RegistradorDePista.ts:36:5)
    at UsuarioPermiso.handle (/home/farmageo/api.farmageo.com.ar/app/Middleware/ctxdata.ts:126:5)
    at SilentAuthMiddleware.handle (/home/farmageo/api.farmageo.com.ar/app/Middleware/SilentAuth.ts:23:5)
    at Server.handleRequest (/home/farmageo/api.farmageo.com.ar/node_modules/@adonisjs/http-server/build/src/Server/index.js:108:13)
Thu Nov 10 2022 12:13:46 GMT-0300 (Argentina Standard Time) Error Handler: AuthorizationException: E_AUTHORIZATION_FAILURE: Not authorized to perform this action
    at Function.raise (/home/farmageo/api.farmageo.com.ar/node_modules/@adonisjs/bouncer/build/src/Exceptions/AuthorizationException.js:15:16)
    at ActionsAuthorizer.authorize (/home/farmageo/api.farmageo.com.ar/node_modules/@adonisjs/bouncer/build/src/ActionsAuthorizer/index.js:165:63)
    at processTicksAndRejections (node:internal/process/task_queues:96:5)
    at PedidoController.mig_farmacia_pedidos (/home/farmageo/api.farmageo.com.ar/app/Controllers/Http/PedidoController.ts:43:7)
    at Object.PreCompiler.runRouteHandler [as fn] (/home/farmageo/api.farmageo.com.ar/node_modules/@adonisjs/http-server/build/src/Server/PreCompiler/index.js:47:31)
    at UncaughtError.handle (/home/farmageo/api.farmageo.com.ar/app/Middleware/UncaughtError.ts:22:5)
    at RegistradorDePista.handle (/home/farmageo/api.farmageo.com.ar/app/Middleware/RegistradorDePista.ts:36:5)
    at UsuarioPermiso.handle (/home/farmageo/api.farmageo.com.ar/app/Middleware/ctxdata.ts:126:5)
    at SilentAuthMiddleware.handle (/home/farmageo/api.farmageo.com.ar/app/Middleware/SilentAuth.ts:23:5)
    at Server.handleRequest (/home/farmageo/api.farmageo.com.ar/node_modules/@adonisjs/http-server/build/src/Server/index.js:108:13)
AuthorizationException: E_AUTHORIZATION_FAILURE: Not authorized to perform this action
    at Function.raise (/home/farmageo/api.farmageo.com.ar/node_modules/@adonisjs/bouncer/build/src/Exceptions/AuthorizationException.js:15:16)
    at ActionsAuthorizer.authorize (/home/farmageo/api.farmageo.com.ar/node_modules/@adonisjs/bouncer/build/src/ActionsAuthorizer/index.js:165:63)
    at processTicksAndRejections (node:internal/process/task_queues:96:5)
    at PublicidadsController.mig_novedadesFarmacia (/home/farmageo/api.farmageo.com.ar/app/Controllers/Http/PublicidadsController.ts:59:7)
    at Object.PreCompiler.runRouteHandler [as fn] (/home/farmageo/api.farmageo.com.ar/node_modules/@adonisjs/http-server/build/src/Server/PreCompiler/index.js:47:31)
    at UncaughtError.handle (/home/farmageo/api.farmageo.com.ar/app/Middleware/UncaughtError.ts:22:5)
    at RegistradorDePista.handle (/home/farmageo/api.farmageo.com.ar/app/Middleware/RegistradorDePista.ts:36:5)
    at UsuarioPermiso.handle (/home/farmageo/api.farmageo.com.ar/app/Middleware/ctxdata.ts:126:5)
    at SilentAuthMiddleware.handle (/home/farmageo/api.farmageo.com.ar/app/Middleware/SilentAuth.ts:23:5)
    at Server.handleRequest (/home/farmageo/api.farmageo.com.ar/node_modules/@adonisjs/http-server/build/src/Server/index.js:108:13)
Thu Nov 10 2022 12:13:46 GMT-0300 (Argentina Standard Time) Error Handler: AuthorizationException: E_AUTHORIZATION_FAILURE: Not authorized to perform this action
    at Function.raise (/home/farmageo/api.farmageo.com.ar/node_modules/@adonisjs/bouncer/build/src/Exceptions/AuthorizationException.js:15:16)
    at ActionsAuthorizer.authorize (/home/farmageo/api.farmageo.com.ar/node_modules/@adonisjs/bouncer/build/src/ActionsAuthorizer/index.js:165:63)
    at processTicksAndRejections (node:internal/process/task_queues:96:5)
    at PublicidadsController.mig_novedadesFarmacia (/home/farmageo/api.farmageo.com.ar/app/Controllers/Http/PublicidadsController.ts:59:7)
    at Object.PreCompiler.runRouteHandler [as fn] (/home/farmageo/api.farmageo.com.ar/node_modules/@adonisjs/http-server/build/src/Server/PreCompiler/index.js:47:31)
    at UncaughtError.handle (/home/farmageo/api.farmageo.com.ar/app/Middleware/UncaughtError.ts:22:5)
    at RegistradorDePista.handle (/home/farmageo/api.farmageo.com.ar/app/Middleware/RegistradorDePista.ts:36:5)
    at UsuarioPermiso.handle (/home/farmageo/api.farmageo.com.ar/app/Middleware/ctxdata.ts:126:5)
    at SilentAuthMiddleware.handle (/home/farmageo/api.farmageo.com.ar/app/Middleware/SilentAuth.ts:23:5)
    at Server.handleRequest (/home/farmageo/api.farmageo.com.ar/node_modules/@adonisjs/http-server/build/src/Server/index.js:108:13)
AuthorizationException: E_AUTHORIZATION_FAILURE: Not authorized to perform this action
    at Function.raise (/home/farmageo/api.farmageo.com.ar/node_modules/@adonisjs/bouncer/build/src/Exceptions/AuthorizationException.js:15:16)
    at ActionsAuthorizer.authorize (/home/farmageo/api.farmageo.com.ar/node_modules/@adonisjs/bouncer/build/src/ActionsAuthorizer/index.js:165:63)
    at processTicksAndRejections (node:internal/process/task_queues:96:5)
    at PedidoController.mig_farmacia_pedidos (/home/farmageo/api.farmageo.com.ar/app/Controllers/Http/PedidoController.ts:43:7)
    at Object.PreCompiler.runRouteHandler [as fn] (/home/farmageo/api.farmageo.com.ar/node_modules/@adonisjs/http-server/build/src/Server/PreCompiler/index.js:47:31)
    at UncaughtError.handle (/home/farmageo/api.farmageo.com.ar/app/Middleware/UncaughtError.ts:22:5)
    at RegistradorDePista.handle (/home/farmageo/api.farmageo.com.ar/app/Middleware/RegistradorDePista.ts:36:5)
    at UsuarioPermiso.handle (/home/farmageo/api.farmageo.com.ar/app/Middleware/ctxdata.ts:126:5)
    at SilentAuthMiddleware.handle (/home/farmageo/api.farmageo.com.ar/app/Middleware/SilentAuth.ts:23:5)
    at Server.handleRequest (/home/farmageo/api.farmageo.com.ar/node_modules/@adonisjs/http-server/build/src/Server/index.js:108:13)
AuthorizationException: E_AUTHORIZATION_FAILURE: Not authorized to perform this action
    at Function.raise (/home/farmageo/api.farmageo.com.ar/node_modules/@adonisjs/bouncer/build/src/Exceptions/AuthorizationException.js:15:16)
    at ActionsAuthorizer.authorize (/home/farmageo/api.farmageo.com.ar/node_modules/@adonisjs/bouncer/build/src/ActionsAuthorizer/index.js:165:63)
    at processTicksAndRejections (node:internal/process/task_queues:96:5)
    at PublicidadsController.mig_novedadesFarmacia (/home/farmageo/api.farmageo.com.ar/app/Controllers/Http/PublicidadsController.ts:59:7)
    at Object.PreCompiler.runRouteHandler [as fn] (/home/farmageo/api.farmageo.com.ar/node_modules/@adonisjs/http-server/build/src/Server/PreCompiler/index.js:47:31)
    at UncaughtError.handle (/home/farmageo/api.farmageo.com.ar/app/Middleware/UncaughtError.ts:22:5)
    at RegistradorDePista.handle (/home/farmageo/api.farmageo.com.ar/app/Middleware/RegistradorDePista.ts:36:5)
    at UsuarioPermiso.handle (/home/farmageo/api.farmageo.com.ar/app/Middleware/ctxdata.ts:126:5)
    at SilentAuthMiddleware.handle (/home/farmageo/api.farmageo.com.ar/app/Middleware/SilentAuth.ts:23:5)
    at Server.handleRequest (/home/farmageo/api.farmageo.com.ar/node_modules/@adonisjs/http-server/build/src/Server/index.js:108:13)
Thu Nov 10 2022 12:13:53 GMT-0300 (Argentina Standard Time) Error Handler: AuthorizationException: E_AUTHORIZATION_FAILURE: Not authorized to perform this action
    at Function.raise (/home/farmageo/api.farmageo.com.ar/node_modules/@adonisjs/bouncer/build/src/Exceptions/AuthorizationException.js:15:16)
    at ActionsAuthorizer.authorize (/home/farmageo/api.farmageo.com.ar/node_modules/@adonisjs/bouncer/build/src/ActionsAuthorizer/index.js:165:63)
    at processTicksAndRejections (node:internal/process/task_queues:96:5)
    at PedidoController.mig_farmacia_pedidos (/home/farmageo/api.farmageo.com.ar/app/Controllers/Http/PedidoController.ts:43:7)
    at Object.PreCompiler.runRouteHandler [as fn] (/home/farmageo/api.farmageo.com.ar/node_modules/@adonisjs/http-server/build/src/Server/PreCompiler/index.js:47:31)
    at UncaughtError.handle (/home/farmageo/api.farmageo.com.ar/app/Middleware/UncaughtError.ts:22:5)
    at RegistradorDePista.handle (/home/farmageo/api.farmageo.com.ar/app/Middleware/RegistradorDePista.ts:36:5)
    at UsuarioPermiso.handle (/home/farmageo/api.farmageo.com.ar/app/Middleware/ctxdata.ts:126:5)
    at SilentAuthMiddleware.handle (/home/farmageo/api.farmageo.com.ar/app/Middleware/SilentAuth.ts:23:5)
    at Server.handleRequest (/home/farmageo/api.farmageo.com.ar/node_modules/@adonisjs/http-server/build/src/Server/index.js:108:13)
Thu Nov 10 2022 12:13:53 GMT-0300 (Argentina Standard Time) Error Handler: AuthorizationException: E_AUTHORIZATION_FAILURE: Not authorized to perform this action
    at Function.raise (/home/farmageo/api.farmageo.com.ar/node_modules/@adonisjs/bouncer/build/src/Exceptions/AuthorizationException.js:15:16)
    at ActionsAuthorizer.authorize (/home/farmageo/api.farmageo.com.ar/node_modules/@adonisjs/bouncer/build/src/ActionsAuthorizer/index.js:165:63)
    at processTicksAndRejections (node:internal/process/task_queues:96:5)
    at PublicidadsController.mig_novedadesFarmacia (/home/farmageo/api.farmageo.com.ar/app/Controllers/Http/PublicidadsController.ts:59:7)
    at Object.PreCompiler.runRouteHandler [as fn] (/home/farmageo/api.farmageo.com.ar/node_modules/@adonisjs/http-server/build/src/Server/PreCompiler/index.js:47:31)
    at UncaughtError.handle (/home/farmageo/api.farmageo.com.ar/app/Middleware/UncaughtError.ts:22:5)
    at RegistradorDePista.handle (/home/farmageo/api.farmageo.com.ar/app/Middleware/RegistradorDePista.ts:36:5)
    at UsuarioPermiso.handle (/home/farmageo/api.farmageo.com.ar/app/Middleware/ctxdata.ts:126:5)
    at SilentAuthMiddleware.handle (/home/farmageo/api.farmageo.com.ar/app/Middleware/SilentAuth.ts:23:5)
    at Server.handleRequest (/home/farmageo/api.farmageo.com.ar/node_modules/@adonisjs/http-server/build/src/Server/index.js:108:13)
AuthorizationException: E_AUTHORIZATION_FAILURE: Not authorized to perform this action
    at Function.raise (/home/farmageo/api.farmageo.com.ar/node_modules/@adonisjs/bouncer/build/src/Exceptions/AuthorizationException.js:15:16)
    at ActionsAuthorizer.authorize (/home/farmageo/api.farmageo.com.ar/node_modules/@adonisjs/bouncer/build/src/ActionsAuthorizer/index.js:165:63)
    at processTicksAndRejections (node:internal/process/task_queues:96:5)
    at PedidoController.mig_farmacia_pedidos (/home/farmageo/api.farmageo.com.ar/app/Controllers/Http/PedidoController.ts:43:7)
    at Object.PreCompiler.runRouteHandler [as fn] (/home/farmageo/api.farmageo.com.ar/node_modules/@adonisjs/http-server/build/src/Server/PreCompiler/index.js:47:31)
    at UncaughtError.handle (/home/farmageo/api.farmageo.com.ar/app/Middleware/UncaughtError.ts:22:5)
    at RegistradorDePista.handle (/home/farmageo/api.farmageo.com.ar/app/Middleware/RegistradorDePista.ts:36:5)
    at UsuarioPermiso.handle (/home/farmageo/api.farmageo.com.ar/app/Middleware/ctxdata.ts:126:5)
    at SilentAuthMiddleware.handle (/home/farmageo/api.farmageo.com.ar/app/Middleware/SilentAuth.ts:23:5)
    at Server.handleRequest (/home/farmageo/api.farmageo.com.ar/node_modules/@adonisjs/http-server/build/src/Server/index.js:108:13)
AuthorizationException: E_AUTHORIZATION_FAILURE: Not authorized to perform this action
    at Function.raise (/home/farmageo/api.farmageo.com.ar/node_modules/@adonisjs/bouncer/build/src/Exceptions/AuthorizationException.js:15:16)
    at ActionsAuthorizer.authorize (/home/farmageo/api.farmageo.com.ar/node_modules/@adonisjs/bouncer/build/src/ActionsAuthorizer/index.js:165:63)
    at processTicksAndRejections (node:internal/process/task_queues:96:5)
    at PublicidadsController.mig_novedadesFarmacia (/home/farmageo/api.farmageo.com.ar/app/Controllers/Http/PublicidadsController.ts:59:7)
    at Object.PreCompiler.runRouteHandler [as fn] (/home/farmageo/api.farmageo.com.ar/node_modules/@adonisjs/http-server/build/src/Server/PreCompiler/index.js:47:31)
    at UncaughtError.handle (/home/farmageo/api.farmageo.com.ar/app/Middleware/UncaughtError.ts:22:5)
    at RegistradorDePista.handle (/home/farmageo/api.farmageo.com.ar/app/Middleware/RegistradorDePista.ts:36:5)
    at UsuarioPermiso.handle (/home/farmageo/api.farmageo.com.ar/app/Middleware/ctxdata.ts:126:5)
    at SilentAuthMiddleware.handle (/home/farmageo/api.farmageo.com.ar/app/Middleware/SilentAuth.ts:23:5)
    at Server.handleRequest (/home/farmageo/api.farmageo.com.ar/node_modules/@adonisjs/http-server/build/src/Server/index.js:108:13)
Thu Nov 10 2022 12:13:54 GMT-0300 (Argentina Standard Time) Error Handler: AuthorizationException: E_AUTHORIZATION_FAILURE: Not authorized to perform this action
    at Function.raise (/home/farmageo/api.farmageo.com.ar/node_modules/@adonisjs/bouncer/build/src/Exceptions/AuthorizationException.js:15:16)
    at ActionsAuthorizer.authorize (/home/farmageo/api.farmageo.com.ar/node_modules/@adonisjs/bouncer/build/src/ActionsAuthorizer/index.js:165:63)
    at processTicksAndRejections (node:internal/process/task_queues:96:5)
    at PedidoController.mig_farmacia_pedidos (/home/farmageo/api.farmageo.com.ar/app/Controllers/Http/PedidoController.ts:43:7)
    at Object.PreCompiler.runRouteHandler [as fn] (/home/farmageo/api.farmageo.com.ar/node_modules/@adonisjs/http-server/build/src/Server/PreCompiler/index.js:47:31)
    at UncaughtError.handle (/home/farmageo/api.farmageo.com.ar/app/Middleware/UncaughtError.ts:22:5)
    at RegistradorDePista.handle (/home/farmageo/api.farmageo.com.ar/app/Middleware/RegistradorDePista.ts:36:5)
    at UsuarioPermiso.handle (/home/farmageo/api.farmageo.com.ar/app/Middleware/ctxdata.ts:126:5)
    at SilentAuthMiddleware.handle (/home/farmageo/api.farmageo.com.ar/app/Middleware/SilentAuth.ts:23:5)
    at Server.handleRequest (/home/farmageo/api.farmageo.com.ar/node_modules/@adonisjs/http-server/build/src/Server/index.js:108:13)
Thu Nov 10 2022 12:13:54 GMT-0300 (Argentina Standard Time) Error Handler: AuthorizationException: E_AUTHORIZATION_FAILURE: Not authorized to perform this action
    at Function.raise (/home/farmageo/api.farmageo.com.ar/node_modules/@adonisjs/bouncer/build/src/Exceptions/AuthorizationException.js:15:16)
    at ActionsAuthorizer.authorize (/home/farmageo/api.farmageo.com.ar/node_modules/@adonisjs/bouncer/build/src/ActionsAuthorizer/index.js:165:63)
    at processTicksAndRejections (node:internal/process/task_queues:96:5)
    at PublicidadsController.mig_novedadesFarmacia (/home/farmageo/api.farmageo.com.ar/app/Controllers/Http/PublicidadsController.ts:59:7)
    at Object.PreCompiler.runRouteHandler [as fn] (/home/farmageo/api.farmageo.com.ar/node_modules/@adonisjs/http-server/build/src/Server/PreCompiler/index.js:47:31)
    at UncaughtError.handle (/home/farmageo/api.farmageo.com.ar/app/Middleware/UncaughtError.ts:22:5)
    at RegistradorDePista.handle (/home/farmageo/api.farmageo.com.ar/app/Middleware/RegistradorDePista.ts:36:5)
    at UsuarioPermiso.handle (/home/farmageo/api.farmageo.com.ar/app/Middleware/ctxdata.ts:126:5)
    at SilentAuthMiddleware.handle (/home/farmageo/api.farmageo.com.ar/app/Middleware/SilentAuth.ts:23:5)
    at Server.handleRequest (/home/farmageo/api.farmageo.com.ar/node_modules/@adonisjs/http-server/build/src/Server/index.js:108:13)
Exception: E_ROW_NOT_FOUND: Row not found
    at ModelQueryBuilder.firstOrFail (/home/farmageo/api.farmageo.com.ar/node_modules/@adonisjs/lucid/build/src/Orm/QueryBuilder/index.js:426:19)
    at processTicksAndRejections (node:internal/process/task_queues:96:5)
    at LaboratoriosController.transfers (/home/farmageo/api.farmageo.com.ar/app/Controllers/Http/LaboratoriosController.ts:109:14)
    at Object.PreCompiler.runRouteHandler [as fn] (/home/farmageo/api.farmageo.com.ar/node_modules/@adonisjs/http-server/build/src/Server/PreCompiler/index.js:47:31)
    at UncaughtError.handle (/home/farmageo/api.farmageo.com.ar/app/Middleware/UncaughtError.ts:22:5)
    at RegistradorDePista.handle (/home/farmageo/api.farmageo.com.ar/app/Middleware/RegistradorDePista.ts:10:52)
    at UsuarioPermiso.handle (/home/farmageo/api.farmageo.com.ar/app/Middleware/ctxdata.ts:126:5)
    at SilentAuthMiddleware.handle (/home/farmageo/api.farmageo.com.ar/app/Middleware/SilentAuth.ts:23:5)
    at Server.handleRequest (/home/farmageo/api.farmageo.com.ar/node_modules/@adonisjs/http-server/build/src/Server/index.js:108:13)
ExceptionHandler {
  logger: Logger {
    config: {
      name: 'apirest',
      enabled: true,
      level: 'info',
      prettyPrint: true
    },
    pino: EventEmitter {
      levels: [Object],
      silent: [Function: noop],
      trace: [Function: noop],
      debug: [Function: noop],
      info: [Function: LOG],
      warn: [Function: LOG],
      error: [Function: LOG],
      fatal: [Function (anonymous)],
      [Symbol(pino.useOnlyCustomLevels)]: false,
      [Symbol(pino.stream)]: [Object],
      [Symbol(pino.time)]: [Function: epochTime],
      [Symbol(pino.timeSliceIndex)]: 8,
      [Symbol(pino.stringify)]: [Function: stringify],
      [Symbol(pino.stringifiers)]: {},
      [Symbol(pino.end)]: '}\n',
      [Symbol(pino.formatOpts)]: [Object],
      [Symbol(pino.messageKey)]: 'msg',
      [Symbol(pino.nestedKey)]: null,
      [Symbol(pino.serializers)]: [Object: null prototype],
      [Symbol(pino.mixin)]: undefined,
      [Symbol(pino.mixinMergeStrategy)]: undefined,
      [Symbol(pino.chindings)]: ',"pid":1652298,"hostname":"vps2.farmageo.com","name":"apirest"',
      [Symbol(pino.formatters)]: [Object],
      [Symbol(pino.hooks)]: [Object],
      [Symbol(pino.lsCache)]: [Object],
      [Symbol(pino.levelVal)]: 30,
      [Symbol(pino.parsedChindings)]: [Object]
    }
  },
  ignoreCodes: [],
  ignoreStatuses: [ 400, 422, 401 ],
  internalIgnoreCodes: [ 'E_ROUTE_NOT_FOUND' ],
  statusPages: { '404': 'errors/not-found', '500..599': 'errors/server-error' },
  disableStatusPagesInDevelopment: true
}
Thu Nov 10 2022 12:14:08 GMT-0300 (Argentina Standard Time) Error Handler: ExceptionHandler {
  logger: Logger {
    config: {
      name: 'apirest',
      enabled: true,
      level: 'info',
      prettyPrint: true
    },
    pino: EventEmitter {
      levels: [Object],
      silent: [Function: noop],
      trace: [Function: noop],
      debug: [Function: noop],
      info: [Function: LOG],
      warn: [Function: LOG],
      error: [Function: LOG],
      fatal: [Function (anonymous)],
      [Symbol(pino.useOnlyCustomLevels)]: false,
      [Symbol(pino.stream)]: [Object],
      [Symbol(pino.time)]: [Function: epochTime],
      [Symbol(pino.timeSliceIndex)]: 8,
      [Symbol(pino.stringify)]: [Function: stringify],
      [Symbol(pino.stringifiers)]: {},
      [Symbol(pino.end)]: '}\n',
      [Symbol(pino.formatOpts)]: [Object],
      [Symbol(pino.messageKey)]: 'msg',
      [Symbol(pino.nestedKey)]: null,
      [Symbol(pino.serializers)]: [Object: null prototype],
      [Symbol(pino.mixin)]: undefined,
      [Symbol(pino.mixinMergeStrategy)]: undefined,
      [Symbol(pino.chindings)]: ',"pid":1652298,"hostname":"vps2.farmageo.com","name":"apirest"',
      [Symbol(pino.formatters)]: [Object],
      [Symbol(pino.hooks)]: [Object],
      [Symbol(pino.lsCache)]: [Object],
      [Symbol(pino.levelVal)]: 30,
      [Symbol(pino.parsedChindings)]: [Object]
    }
  },
  ignoreCodes: [],
  ignoreStatuses: [ 400, 422, 401 ],
  internalIgnoreCodes: [ 'E_ROUTE_NOT_FOUND' ],
  statusPages: { '404': 'errors/not-found', '500..599': 'errors/server-error' },
  disableStatusPagesInDevelopment: true
}
[1668093248995] [41mFATAL[49m (apirest/1652298 on vps2.farmageo.com): [36m"uncaughtException" detected[39m
    TypeError: Cannot read properties of undefined (reading 'status')
        at ExceptionManager.handleError (/home/farmageo/api.farmageo.com.ar/node_modules/@adonisjs/http-server/build/src/Server/ExceptionManager/index.js:41:39)
        at ExceptionManager.handle (/home/farmageo/api.farmageo.com.ar/node_modules/@adonisjs/http-server/build/src/Server/ExceptionManager/index.js:92:20)
        at Server.handleRequest (/home/farmageo/api.farmageo.com.ar/node_modules/@adonisjs/http-server/build/src/Server/index.js:111:34)
        at processTicksAndRejections (node:internal/process/task_queues:96:5)
Error no Capturado a tiempo
Error no Capturado a tiempo
Error no Capturado a tiempo
Error no Capturado a tiempo
Error no Capturado a tiempo
Error no Capturado a tiempo
Error no Capturado a tiempo
Error no Capturado a tiempo
Error no Capturado a tiempo
Error no Capturado a tiempo
Error no Capturado a tiempo
Error no Capturado a tiempo
Error no Capturado a tiempo
Error no Capturado a tiempo
Error no Capturado a tiempo
Error no Capturado a tiempo
Error no Capturado a tiempo
Error no Capturado a tiempo
Error no Capturado a tiempo
Error no Capturado a tiempo
Error no Capturado a tiempo
Error no Capturado a tiempo
Error no Capturado a tiempo
Error no Capturado a tiempo
Error no Capturado a tiempo
Error no Capturado a tiempo
Error no Capturado a tiempo
Error no Capturado a tiempo
Error no Capturado a tiempo
Error no Capturado a tiempo
Error no Capturado a tiempo
Error no Capturado a tiempo
Error no Capturado a tiempo
Error no Capturado a tiempo
Error no Capturado a tiempo
Error no Capturado a tiempo
Error no Capturado a tiempo
Error no Capturado a tiempo
Error no Capturado a tiempo
Error no Capturado a tiempo
Error no Capturado a tiempo
Error no Capturado a tiempo
Error no Capturado a tiempo
Error no Capturado a tiempo
Error no Capturado a tiempo
Error no Capturado a tiempo
Error no Capturado a tiempo
Error no Capturado a tiempo
Error no Capturado a tiempo
Error no Capturado a tiempo
Error no Capturado a tiempo
Error no Capturado a tiempo
Error no Capturado a tiempo
Error no Capturado a tiempo
Error no Capturado a tiempo
Error no Capturado a tiempo
Error no Capturado a tiempo
Error no Capturado a tiempo
Error no Capturado a tiempo
Error no Capturado a tiempo
Error no Capturado a tiempo
Error no Capturado a tiempo
Error no Capturado a tiempo
Error no Capturado a tiempo
Error no Capturado a tiempo
Error no Capturado a tiempo
Error no Capturado a tiempo
Error no Capturado a tiempo
Error no Capturado a tiempo
Error no Capturado a tiempo
Error no Capturado a tiempo
Error no Capturado a tiempo
Error no Capturado a tiempo
Error no Capturado a tiempo
Error no Capturado a tiempo
Error no Capturado a tiempo
Error no Capturado a tiempo
Error no Capturado a tiempo
Error no Capturado a tiempo
Error no Capturado a tiempo
Error no Capturado a tiempo
Error no Capturado a tiempo
Error no Capturado a tiempo
Error no Capturado a tiempo
Error no Capturado a tiempo
Error no Capturado a tiempo
Error no Capturado a tiempo
Error no Capturado a tiempo
Error no Capturado a tiempo
Error no Capturado a tiempo
Error no Capturado a tiempo
Error no Capturado a tiempo
Error no Capturado a tiempo
Error no Capturado a tiempo
Error no Capturado a tiempo
Error no Capturado a tiempo
Error no Capturado a tiempo
Error no Capturado a tiempo
Error no Capturado a tiempo
Error no Capturado a tiempo
Error no Capturado a tiempo
Error no Capturado a tiempo
Error no Capturado a tiempo
Error no Capturado a tiempo
Error no Capturado a tiempo
Error no Capturado a tiempo
Error no Capturado a tiempo
Error no Capturado a tiempo
Error no Capturado a tiempo
Error no Capturado a tiempo
Error no Capturado a tiempo
Error no Capturado a tiempo
Error no Capturado a tiempo
Error no Capturado a tiempo
Error no Capturado a tiempo
Error no Capturado a tiempo
Error no Capturado a tiempo
Error no Capturado a tiempo
Error no Capturado a tiempo
Error no Capturado a tiempo
Error no Capturado a tiempo
Error no Capturado a tiempo
Error no Capturado a tiempo
Error no Capturado a tiempo
Error no Capturado a tiempo
Error no Capturado a tiempo
Error no Capturado a tiempo
Error no Capturado a tiempo
Error no Capturado a tiempo
Error no Capturado a tiempo
Error no Capturado a tiempo
Error no Capturado a tiempo
Error no Capturado a tiempo
Error no Capturado a tiempo
Error no Capturado a tiempo
Error no Capturado a tiempo
Error no Capturado a tiempo
Error no Capturado a tiempo
Error no Capturado a tiempo
Error no Capturado a tiempo
Error no Capturado a tiempo
Error no Capturado a tiempo
Error no Capturado a tiempo
Error no Capturado a tiempo
Error no Capturado a tiempo
Error no Capturado a tiempo
Error no Capturado a tiempo
Error no Capturado a tiempo
Error no Capturado a tiempo
Error no Capturado a tiempo
Error no Capturado a tiempo
Error no Capturado a tiempo
Error no Capturado a tiempo
Error no Capturado a tiempo
Error no Capturado a tiempo
Error no Capturado a tiempo
Error no Capturado a tiempo
Error no Capturado a tiempo
Error no Capturado a tiempo
Error no Capturado a tiempo
Error no Capturado a tiempo
Error no Capturado a tiempo
Error no Capturado a tiempo
Error no Capturado a tiempo
Error no Capturado a tiempo
Error no Capturado a tiempo
Error no Capturado a tiempo
Error no Capturado a tiempo
Error no Capturado a tiempo
Error no Capturado a tiempo
Error no Capturado a tiempo
Error no Capturado a tiempo
Error no Capturado a tiempo
Error no Capturado a tiempo
Error no Capturado a tiempo
Error no Capturado a tiempo
Error no Capturado a tiempo
Error no Capturado a tiempo
Error no Capturado a tiempo
Error no Capturado a tiempo
Error no Capturado a tiempo
Error no Capturado a tiempo
Error no Capturado a tiempo
Error no Capturado a tiempo
Error no Capturado a tiempo
Error no Capturado a tiempo
Error no Capturado a tiempo
Error no Capturado a tiempo
Error no Capturado a tiempo
Error no Capturado a tiempo
Error no Capturado a tiempo
Error no Capturado a tiempo
Error no Capturado a tiempo
Error no Capturado a tiempo
Error no Capturado a tiempo
Error no Capturado a tiempo
Error no Capturado a tiempo
Error no Capturado a tiempo
Error no Capturado a tiempo
Error no Capturado a tiempo
Error no Capturado a tiempo
Error no Capturado a tiempo
Error no Capturado a tiempo
Error no Capturado a tiempo
Error no Capturado a tiempo
Error no Capturado a tiempo
Error no Capturado a tiempo
Error no Capturado a tiempo
Error no Capturado a tiempo
Error no Capturado a tiempo
Error no Capturado a tiempo
Error no Capturado a tiempo
Error no Capturado a tiempo
Error no Capturado a tiempo
Error no Capturado a tiempo
Error no Capturado a tiempo
Error no Capturado a tiempo
Error no Capturado a tiempo
Error no Capturado a tiempo
Error no Capturado a tiempo
Error no Capturado a tiempo
Error no Capturado a tiempo
Error no Capturado a tiempo
Error no Capturado a tiempo
Error no Capturado a tiempo
Error no Capturado a tiempo
Error no Capturado a tiempo
Error no Capturado a tiempo
Error no Capturado a tiempo
Error no Capturado a tiempo
Error no Capturado a tiempo
Error no Capturado a tiempo
Error no Capturado a tiempo
Error no Capturado a tiempo
Error no Capturado a tiempo
Error no Capturado a tiempo
Error no Capturado a tiempo
Error no Capturado a tiempo
Error no Capturado a tiempo
Error no Capturado a tiempo
Error no Capturado a tiempo
Error no Capturado a tiempo
Error no Capturado a tiempo
Error no Capturado a tiempo
Error no Capturado a tiempo
Error no Capturado a tiempo
Error no Capturado a tiempo
Error no Capturado a tiempo
Error no Capturado a tiempo
Error no Capturado a tiempo
Error no Capturado a tiempo
Error no Capturado a tiempo
Error no Capturado a tiempo
Error no Capturado a tiempo
Error no Capturado a tiempo
Error no Capturado a tiempo
Error no Capturado a tiempo
Error no Capturado a tiempo
Error no Capturado a tiempo
Error no Capturado a tiempo
Error no Capturado a tiempo
Error no Capturado a tiempo
Error no Capturado a tiempo
Error no Capturado a tiempo
Thu Nov 10 2022 12:14:08 GMT-0300 (Argentina Standard Time) Error Handler: TypeError: Cannot read properties of undefined (reading 'status')
    at ExceptionManager.handleError (/home/farmageo/api.farmageo.com.ar/node_modules/@adonisjs/http-server/build/src/Server/ExceptionManager/index.js:41:39)
    at ExceptionManager.handle (/home/farmageo/api.farmageo.com.ar/node_modules/@adonisjs/http-server/build/src/Server/ExceptionManager/index.js:92:20)
    at Server.handleRequest (/home/farmageo/api.farmageo.com.ar/node_modules/@adonisjs/http-server/build/src/Server/index.js:111:34)
    at processTicksAndRejections (node:internal/process/task_queues:96:5)
Thu Nov 10 2022 12:14:08 GMT-0300 (Argentina Standard Time) Error Handler: TypeError: Cannot read properties of undefined (reading 'status')
    at ExceptionManager.handleError (/home/farmageo/api.farmageo.com.ar/node_modules/@adonisjs/http-server/build/src/Server/ExceptionManager/index.js:41:39)
    at ExceptionManager.handle (/home/farmageo/api.farmageo.com.ar/node_modules/@adonisjs/http-server/build/src/Server/ExceptionManager/index.js:92:20)
    at Server.handleRequest (/home/farmageo/api.farmageo.com.ar/node_modules/@adonisjs/http-server/build/src/Server/index.js:111:34)
    at processTicksAndRejections (node:internal/process/task_queues:96:5)
Thu Nov 10 2022 12:14:08 GMT-0300 (Argentina Standard Time) Error Handler: TypeError: Cannot read properties of undefined (reading 'status')
    at ExceptionManager.handleError (/home/farmageo/api.farmageo.com.ar/node_modules/@adonisjs/http-server/build/src/Server/ExceptionManager/index.js:41:39)
    at ExceptionManager.handle (/home/farmageo/api.farmageo.com.ar/node_modules/@adonisjs/http-server/build/src/Server/ExceptionManager/index.js:92:20)
    at Server.handleRequest (/home/farmageo/api.farmageo.com.ar/node_modules/@adonisjs/http-server/build/src/Server/index.js:111:34)
    at processTicksAndRejections (node:internal/process/task_queues:96:5)
Thu Nov 10 2022 12:14:08 GMT-0300 (Argentina Standard Time) Error Handler: TypeError: Cannot read properties of undefined (reading 'status')
    at ExceptionManager.handleError (/home/farmageo/api.farmageo.com.ar/node_modules/@adonisjs/http-server/build/src/Server/ExceptionManager/index.js:41:39)
    at ExceptionManager.handle (/home/farmageo/api.farmageo.com.ar/node_modules/@adonisjs/http-server/build/src/Server/ExceptionManager/index.js:92:20)
    at Server.handleRequest (/home/farmageo/api.farmageo.com.ar/node_modules/@adonisjs/http-server/build/src/Server/index.js:111:34)
    at processTicksAndRejections (node:internal/process/task_queues:96:5)
Thu Nov 10 2022 12:14:08 GMT-0300 (Argentina Standard Time) Error Handler: TypeError: Cannot read properties of undefined (reading 'status')
    at ExceptionManager.handleError (/home/farmageo/api.farmageo.com.ar/node_modules/@adonisjs/http-server/build/src/Server/ExceptionManager/index.js:41:39)
    at ExceptionManager.handle (/home/farmageo/api.farmageo.com.ar/node_modules/@adonisjs/http-server/build/src/Server/ExceptionManager/index.js:92:20)
    at Server.handleRequest (/home/farmageo/api.farmageo.com.ar/node_modules/@adonisjs/http-server/build/src/Server/index.js:111:34)
    at processTicksAndRejections (node:internal/process/task_queues:96:5)
Thu Nov 10 2022 12:14:08 GMT-0300 (Argentina Standard Time) Error Handler: TypeError: Cannot read properties of undefined (reading 'status')
    at ExceptionManager.handleError (/home/farmageo/api.farmageo.com.ar/node_modules/@adonisjs/http-server/build/src/Server/ExceptionManager/index.js:41:39)
    at ExceptionManager.handle (/home/farmageo/api.farmageo.com.ar/node_modules/@adonisjs/http-server/build/src/Server/ExceptionManager/index.js:92:20)
    at Server.handleRequest (/home/farmageo/api.farmageo.com.ar/node_modules/@adonisjs/http-server/build/src/Server/index.js:111:34)
    at processTicksAndRejections (node:internal/process/task_queues:96:5)
Thu Nov 10 2022 12:14:08 GMT-0300 (Argentina Standard Time) Error Handler: TypeError: Cannot read properties of undefined (reading 'status')
    at ExceptionManager.handleError (/home/farmageo/api.farmageo.com.ar/node_modules/@adonisjs/http-server/build/src/Server/ExceptionManager/index.js:41:39)
    at ExceptionManager.handle (/home/farmageo/api.farmageo.com.ar/node_modules/@adonisjs/http-server/build/src/Server/ExceptionManager/index.js:92:20)
    at Server.handleRequest (/home/farmageo/api.farmageo.com.ar/node_modules/@adonisjs/http-server/build/src/Server/index.js:111:34)
    at processTicksAndRejections (node:internal/process/task_queues:96:5)
Thu Nov 10 2022 12:14:08 GMT-0300 (Argentina Standard Time) Error Handler: TypeError: Cannot read properties of undefined (reading 'status')
    at ExceptionManager.handleError (/home/farmageo/api.farmageo.com.ar/node_modules/@adonisjs/http-server/build/src/Server/ExceptionManager/index.js:41:39)
    at ExceptionManager.handle (/home/farmageo/api.farmageo.com.ar/node_modules/@adonisjs/http-server/build/src/Server/ExceptionManager/index.js:92:20)
    at Server.handleRequest (/home/farmageo/api.farmageo.com.ar/node_modules/@adonisjs/http-server/build/src/Server/index.js:111:34)
    at processTicksAndRejections (node:internal/process/task_queues:96:5)
Thu Nov 10 2022 12:14:08 GMT-0300 (Argentina Standard Time) Error Handler: TypeError: Cannot read properties of undefined (reading 'status')
    at ExceptionManager.handleError (/home/farmageo/api.farmageo.com.ar/node_modules/@adonisjs/http-server/build/src/Server/ExceptionManager/index.js:41:39)
    at ExceptionManager.handle (/home/farmageo/api.farmageo.com.ar/node_modules/@adonisjs/http-server/build/src/Server/ExceptionManager/index.js:92:20)
    at Server.handleRequest (/home/farmageo/api.farmageo.com.ar/node_modules/@adonisjs/http-server/build/src/Server/index.js:111:34)
    at processTicksAndRejections (node:internal/process/task_queues:96:5)
Thu Nov 10 2022 12:14:08 GMT-0300 (Argentina Standard Time) Error Handler: TypeError: Cannot read properties of undefined (reading 'status')
    at ExceptionManager.handleError (/home/farmageo/api.farmageo.com.ar/node_modules/@adonisjs/http-server/build/src/Server/ExceptionManager/index.js:41:39)
    at ExceptionManager.handle (/home/farmageo/api.farmageo.com.ar/node_modules/@adonisjs/http-server/build/src/Server/ExceptionManager/index.js:92:20)
    at Server.handleRequest (/home/farmageo/api.farmageo.com.ar/node_modules/@adonisjs/http-server/build/src/Server/index.js:111:34)
    at processTicksAndRejections (node:internal/process/task_queues:96:5)
Thu Nov 10 2022 12:14:08 GMT-0300 (Argentina Standard Time) Error Handler: TypeError: Cannot read properties of undefined (reading 'status')
    at ExceptionManager.handleError (/home/farmageo/api.farmageo.com.ar/node_modules/@adonisjs/http-server/build/src/Server/ExceptionManager/index.js:41:39)
    at ExceptionManager.handle (/home/farmageo/api.farmageo.com.ar/node_modules/@adonisjs/http-server/build/src/Server/ExceptionManager/index.js:92:20)
    at Server.handleRequest (/home/farmageo/api.farmageo.com.ar/node_modules/@adonisjs/http-server/build/src/Server/index.js:111:34)
    at processTicksAndRejections (node:internal/process/task_queues:96:5)
Thu Nov 10 2022 12:14:08 GMT-0300 (Argentina Standard Time) Error Handler: TypeError: Cannot read properties of undefined (reading 'status')
    at ExceptionManager.handleError (/home/farmageo/api.farmageo.com.ar/node_modules/@adonisjs/http-server/build/src/Server/ExceptionManager/index.js:41:39)
    at ExceptionManager.handle (/home/farmageo/api.farmageo.com.ar/node_modules/@adonisjs/http-server/build/src/Server/ExceptionManager/index.js:92:20)
    at Server.handleRequest (/home/farmageo/api.farmageo.com.ar/node_modules/@adonisjs/http-server/build/src/Server/index.js:111:34)
    at processTicksAndRejections (node:internal/process/task_queues:96:5)
Thu Nov 10 2022 12:14:08 GMT-0300 (Argentina Standard Time) Error Handler: TypeError: Cannot read properties of undefined (reading 'status')
    at ExceptionManager.handleError (/home/farmageo/api.farmageo.com.ar/node_modules/@adonisjs/http-server/build/src/Server/ExceptionManager/index.js:41:39)
    at ExceptionManager.handle (/home/farmageo/api.farmageo.com.ar/node_modules/@adonisjs/http-server/build/src/Server/ExceptionManager/index.js:92:20)
    at Server.handleRequest (/home/farmageo/api.farmageo.com.ar/node_modules/@adonisjs/http-server/build/src/Server/index.js:111:34)
    at processTicksAndRejections (node:internal/process/task_queues:96:5)
Thu Nov 10 2022 12:14:08 GMT-0300 (Argentina Standard Time) Error Handler: TypeError: Cannot read properties of undefined (reading 'status')
    at ExceptionManager.handleError (/home/farmageo/api.farmageo.com.ar/node_modules/@adonisjs/http-server/build/src/Server/ExceptionManager/index.js:41:39)
    at ExceptionManager.handle (/home/farmageo/api.farmageo.com.ar/node_modules/@adonisjs/http-server/build/src/Server/ExceptionManager/index.js:92:20)
    at Server.handleRequest (/home/farmageo/api.farmageo.com.ar/node_modules/@adonisjs/http-server/build/src/Server/index.js:111:34)
    at processTicksAndRejections (node:internal/process/task_queues:96:5)
Thu Nov 10 2022 12:14:08 GMT-0300 (Argentina Standard Time) Error Handler: TypeError: Cannot read properties of undefined (reading 'status')
    at ExceptionManager.handleError (/home/farmageo/api.farmageo.com.ar/node_modules/@adonisjs/http-server/build/src/Server/ExceptionManager/index.js:41:39)
    at ExceptionManager.handle (/home/farmageo/api.farmageo.com.ar/node_modules/@adonisjs/http-server/build/src/Server/ExceptionManager/index.js:92:20)
    at Server.handleRequest (/home/farmageo/api.farmageo.com.ar/node_modules/@adonisjs/http-server/build/src/Server/index.js:111:34)
    at processTicksAndRejections (node:internal/process/task_queues:96:5)
Thu Nov 10 2022 12:14:08 GMT-0300 (Argentina Standard Time) Error Handler: TypeError: Cannot read properties of undefined (reading 'status')
    at ExceptionManager.handleError (/home/farmageo/api.farmageo.com.ar/node_modules/@adonisjs/http-server/build/src/Server/ExceptionManager/index.js:41:39)
    at ExceptionManager.handle (/home/farmageo/api.farmageo.com.ar/node_modules/@adonisjs/http-server/build/src/Server/ExceptionManager/index.js:92:20)
    at Server.handleRequest (/home/farmageo/api.farmageo.com.ar/node_modules/@adonisjs/http-server/build/src/Server/index.js:111:34)
    at processTicksAndRejections (node:internal/process/task_queues:96:5)
Thu Nov 10 2022 12:14:08 GMT-0300 (Argentina Standard Time) Error Handler: TypeError: Cannot read properties of undefined (reading 'status')
    at ExceptionManager.handleError (/home/farmageo/api.farmageo.com.ar/node_modules/@adonisjs/http-server/build/src/Server/ExceptionManager/index.js:41:39)
    at ExceptionManager.handle (/home/farmageo/api.farmageo.com.ar/node_modules/@adonisjs/http-server/build/src/Server/ExceptionManager/index.js:92:20)
    at Server.handleRequest (/home/farmageo/api.farmageo.com.ar/node_modules/@adonisjs/http-server/build/src/Server/index.js:111:34)
    at processTicksAndRejections (node:internal/process/task_queues:96:5)
Thu Nov 10 2022 12:14:08 GMT-0300 (Argentina Standard Time) Error Handler: TypeError: Cannot read properties of undefined (reading 'status')
    at ExceptionManager.handleError (/home/farmageo/api.farmageo.com.ar/node_modules/@adonisjs/http-server/build/src/Server/ExceptionManager/index.js:41:39)
    at ExceptionManager.handle (/home/farmageo/api.farmageo.com.ar/node_modules/@adonisjs/http-server/build/src/Server/ExceptionManager/index.js:92:20)
    at Server.handleRequest (/home/farmageo/api.farmageo.com.ar/node_modules/@adonisjs/http-server/build/src/Server/index.js:111:34)
    at processTicksAndRejections (node:internal/process/task_queues:96:5)
Thu Nov 10 2022 12:14:08 GMT-0300 (Argentina Standard Time) Error Handler: TypeError: Cannot read properties of undefined (reading 'status')
    at ExceptionManager.handleError (/home/farmageo/api.farmageo.com.ar/node_modules/@adonisjs/http-server/build/src/Server/ExceptionManager/index.js:41:39)
    at ExceptionManager.handle (/home/farmageo/api.farmageo.com.ar/node_modules/@adonisjs/http-server/build/src/Server/ExceptionManager/index.js:92:20)
    at Server.handleRequest (/home/farmageo/api.farmageo.com.ar/node_modules/@adonisjs/http-server/build/src/Server/index.js:111:34)
    at processTicksAndRejections (node:internal/process/task_queues:96:5)
Thu Nov 10 2022 12:14:08 GMT-0300 (Argentina Standard Time) Error Handler: TypeError: Cannot read properties of undefined (reading 'status')
    at ExceptionManager.handleError (/home/farmageo/api.farmageo.com.ar/node_modules/@adonisjs/http-server/build/src/Server/ExceptionManager/index.js:41:39)
    at ExceptionManager.handle (/home/farmageo/api.farmageo.com.ar/node_modules/@adonisjs/http-server/build/src/Server/ExceptionManager/index.js:92:20)
    at Server.handleRequest (/home/farmageo/api.farmageo.com.ar/node_modules/@adonisjs/http-server/build/src/Server/index.js:111:34)
    at processTicksAndRejections (node:internal/process/task_queues:96:5)
Thu Nov 10 2022 12:14:08 GMT-0300 (Argentina Standard Time) Error Handler: TypeError: Cannot read properties of undefined (reading 'status')
    at ExceptionManager.handleError (/home/farmageo/api.farmageo.com.ar/node_modules/@adonisjs/http-server/build/src/Server/ExceptionManager/index.js:41:39)
    at ExceptionManager.handle (/home/farmageo/api.farmageo.com.ar/node_modules/@adonisjs/http-server/build/src/Server/ExceptionManager/index.js:92:20)
    at Server.handleRequest (/home/farmageo/api.farmageo.com.ar/node_modules/@adonisjs/http-server/build/src/Server/index.js:111:34)
    at processTicksAndRejections (node:internal/process/task_queues:96:5)
Thu Nov 10 2022 12:14:08 GMT-0300 (Argentina Standard Time) Error Handler: TypeError: Cannot read properties of undefined (reading 'status')
    at ExceptionManager.handleError (/home/farmageo/api.farmageo.com.ar/node_modules/@adonisjs/http-server/build/src/Server/ExceptionManager/index.js:41:39)
    at ExceptionManager.handle (/home/farmageo/api.farmageo.com.ar/node_modules/@adonisjs/http-server/build/src/Server/ExceptionManager/index.js:92:20)
    at Server.handleRequest (/home/farmageo/api.farmageo.com.ar/node_modules/@adonisjs/http-server/build/src/Server/index.js:111:34)
    at processTicksAndRejections (node:internal/process/task_queues:96:5)
Thu Nov 10 2022 12:14:08 GMT-0300 (Argentina Standard Time) Error Handler: TypeError: Cannot read properties of undefined (reading 'status')
    at ExceptionManager.handleError (/home/farmageo/api.farmageo.com.ar/node_modules/@adonisjs/http-server/build/src/Server/ExceptionManager/index.js:41:39)
    at ExceptionManager.handle (/home/farmageo/api.farmageo.com.ar/node_modules/@adonisjs/http-server/build/src/Server/ExceptionManager/index.js:92:20)
    at Server.handleRequest (/home/farmageo/api.farmageo.com.ar/node_modules/@adonisjs/http-server/build/src/Server/index.js:111:34)
    at processTicksAndRejections (node:internal/process/task_queues:96:5)
Thu Nov 10 2022 12:14:08 GMT-0300 (Argentina Standard Time) Error Handler: TypeError: Cannot read properties of undefined (reading 'status')
    at ExceptionManager.handleError (/home/farmageo/api.farmageo.com.ar/node_modules/@adonisjs/http-server/build/src/Server/ExceptionManager/index.js:41:39)
    at ExceptionManager.handle (/home/farmageo/api.farmageo.com.ar/node_modules/@adonisjs/http-server/build/src/Server/ExceptionManager/index.js:92:20)
    at Server.handleRequest (/home/farmageo/api.farmageo.com.ar/node_modules/@adonisjs/http-server/build/src/Server/index.js:111:34)
    at processTicksAndRejections (node:internal/process/task_queues:96:5)
Thu Nov 10 2022 12:14:08 GMT-0300 (Argentina Standard Time) Error Handler: TypeError: Cannot read properties of undefined (reading 'status')
    at ExceptionManager.handleError (/home/farmageo/api.farmageo.com.ar/node_modules/@adonisjs/http-server/build/src/Server/ExceptionManager/index.js:41:39)
    at ExceptionManager.handle (/home/farmageo/api.farmageo.com.ar/node_modules/@adonisjs/http-server/build/src/Server/ExceptionManager/index.js:92:20)
    at Server.handleRequest (/home/farmageo/api.farmageo.com.ar/node_modules/@adonisjs/http-server/build/src/Server/index.js:111:34)
    at processTicksAndRejections (node:internal/process/task_queues:96:5)
Thu Nov 10 2022 12:14:08 GMT-0300 (Argentina Standard Time) Error Handler: TypeError: Cannot read properties of undefined (reading 'status')
    at ExceptionManager.handleError (/home/farmageo/api.farmageo.com.ar/node_modules/@adonisjs/http-server/build/src/Server/ExceptionManager/index.js:41:39)
    at ExceptionManager.handle (/home/farmageo/api.farmageo.com.ar/node_modules/@adonisjs/http-server/build/src/Server/ExceptionManager/index.js:92:20)
    at Server.handleRequest (/home/farmageo/api.farmageo.com.ar/node_modules/@adonisjs/http-server/build/src/Server/index.js:111:34)
    at processTicksAndRejections (node:internal/process/task_queues:96:5)
Thu Nov 10 2022 12:14:08 GMT-0300 (Argentina Standard Time) Error Handler: TypeError: Cannot read properties of undefined (reading 'status')
    at ExceptionManager.handleError (/home/farmageo/api.farmageo.com.ar/node_modules/@adonisjs/http-server/build/src/Server/ExceptionManager/index.js:41:39)
    at ExceptionManager.handle (/home/farmageo/api.farmageo.com.ar/node_modules/@adonisjs/http-server/build/src/Server/ExceptionManager/index.js:92:20)
    at Server.handleRequest (/home/farmageo/api.farmageo.com.ar/node_modules/@adonisjs/http-server/build/src/Server/index.js:111:34)
    at processTicksAndRejections (node:internal/process/task_queues:96:5)
Thu Nov 10 2022 12:14:08 GMT-0300 (Argentina Standard Time) Error Handler: TypeError: Cannot read properties of undefined (reading 'status')
    at ExceptionManager.handleError (/home/farmageo/api.farmageo.com.ar/node_modules/@adonisjs/http-server/build/src/Server/ExceptionManager/index.js:41:39)
    at ExceptionManager.handle (/home/farmageo/api.farmageo.com.ar/node_modules/@adonisjs/http-server/build/src/Server/ExceptionManager/index.js:92:20)
    at Server.handleRequest (/home/farmageo/api.farmageo.com.ar/node_modules/@adonisjs/http-server/build/src/Server/index.js:111:34)
    at processTicksAndRejections (node:internal/process/task_queues:96:5)
Thu Nov 10 2022 12:14:08 GMT-0300 (Argentina Standard Time) Error Handler: TypeError: Cannot read properties of undefined (reading 'status')
    at ExceptionManager.handleError (/home/farmageo/api.farmageo.com.ar/node_modules/@adonisjs/http-server/build/src/Server/ExceptionManager/index.js:41:39)
    at ExceptionManager.handle (/home/farmageo/api.farmageo.com.ar/node_modules/@adonisjs/http-server/build/src/Server/ExceptionManager/index.js:92:20)
    at Server.handleRequest (/home/farmageo/api.farmageo.com.ar/node_modules/@adonisjs/http-server/build/src/Server/index.js:111:34)
    at processTicksAndRejections (node:internal/process/task_queues:96:5)
Thu Nov 10 2022 12:14:08 GMT-0300 (Argentina Standard Time) Error Handler: TypeError: Cannot read properties of undefined (reading 'status')
    at ExceptionManager.handleError (/home/farmageo/api.farmageo.com.ar/node_modules/@adonisjs/http-server/build/src/Server/ExceptionManager/index.js:41:39)
    at ExceptionManager.handle (/home/farmageo/api.farmageo.com.ar/node_modules/@adonisjs/http-server/build/src/Server/ExceptionManager/index.js:92:20)
    at Server.handleRequest (/home/farmageo/api.farmageo.com.ar/node_modules/@adonisjs/http-server/build/src/Server/index.js:111:34)
    at processTicksAndRejections (node:internal/process/task_queues:96:5)
Thu Nov 10 2022 12:14:08 GMT-0300 (Argentina Standard Time) Error Handler: TypeError: Cannot read properties of undefined (reading 'status')
    at ExceptionManager.handleError (/home/farmageo/api.farmageo.com.ar/node_modules/@adonisjs/http-server/build/src/Server/ExceptionManager/index.js:41:39)
    at ExceptionManager.handle (/home/farmageo/api.farmageo.com.ar/node_modules/@adonisjs/http-server/build/src/Server/ExceptionManager/index.js:92:20)
    at Server.handleRequest (/home/farmageo/api.farmageo.com.ar/node_modules/@adonisjs/http-server/build/src/Server/index.js:111:34)
    at processTicksAndRejections (node:internal/process/task_queues:96:5)
Thu Nov 10 2022 12:14:08 GMT-0300 (Argentina Standard Time) Error Handler: TypeError: Cannot read properties of undefined (reading 'status')
    at ExceptionManager.handleError (/home/farmageo/api.farmageo.com.ar/node_modules/@adonisjs/http-server/build/src/Server/ExceptionManager/index.js:41:39)
    at ExceptionManager.handle (/home/farmageo/api.farmageo.com.ar/node_modules/@adonisjs/http-server/build/src/Server/ExceptionManager/index.js:92:20)
    at Server.handleRequest (/home/farmageo/api.farmageo.com.ar/node_modules/@adonisjs/http-server/build/src/Server/index.js:111:34)
    at processTicksAndRejections (node:internal/process/task_queues:96:5)
Thu Nov 10 2022 12:14:08 GMT-0300 (Argentina Standard Time) Error Handler: TypeError: Cannot read properties of undefined (reading 'status')
    at ExceptionManager.handleError (/home/farmageo/api.farmageo.com.ar/node_modules/@adonisjs/http-server/build/src/Server/ExceptionManager/index.js:41:39)
    at ExceptionManager.handle (/home/farmageo/api.farmageo.com.ar/node_modules/@adonisjs/http-server/build/src/Server/ExceptionManager/index.js:92:20)
    at Server.handleRequest (/home/farmageo/api.farmageo.com.ar/node_modules/@adonisjs/http-server/build/src/Server/index.js:111:34)
    at processTicksAndRejections (node:internal/process/task_queues:96:5)
Thu Nov 10 2022 12:14:08 GMT-0300 (Argentina Standard Time) Error Handler: TypeError: Cannot read properties of undefined (reading 'status')
    at ExceptionManager.handleError (/home/farmageo/api.farmageo.com.ar/node_modules/@adonisjs/http-server/build/src/Server/ExceptionManager/index.js:41:39)
    at ExceptionManager.handle (/home/farmageo/api.farmageo.com.ar/node_modules/@adonisjs/http-server/build/src/Server/ExceptionManager/index.js:92:20)
    at Server.handleRequest (/home/farmageo/api.farmageo.com.ar/node_modules/@adonisjs/http-server/build/src/Server/index.js:111:34)
    at processTicksAndRejections (node:internal/process/task_queues:96:5)
Thu Nov 10 2022 12:14:08 GMT-0300 (Argentina Standard Time) Error Handler: TypeError: Cannot read properties of undefined (reading 'status')
    at ExceptionManager.handleError (/home/farmageo/api.farmageo.com.ar/node_modules/@adonisjs/http-server/build/src/Server/ExceptionManager/index.js:41:39)
    at ExceptionManager.handle (/home/farmageo/api.farmageo.com.ar/node_modules/@adonisjs/http-server/build/src/Server/ExceptionManager/index.js:92:20)
    at Server.handleRequest (/home/farmageo/api.farmageo.com.ar/node_modules/@adonisjs/http-server/build/src/Server/index.js:111:34)
    at processTicksAndRejections (node:internal/process/task_queues:96:5)
Thu Nov 10 2022 12:14:08 GMT-0300 (Argentina Standard Time) Error Handler: TypeError: Cannot read properties of undefined (reading 'status')
    at ExceptionManager.handleError (/home/farmageo/api.farmageo.com.ar/node_modules/@adonisjs/http-server/build/src/Server/ExceptionManager/index.js:41:39)
    at ExceptionManager.handle (/home/farmageo/api.farmageo.com.ar/node_modules/@adonisjs/http-server/build/src/Server/ExceptionManager/index.js:92:20)
    at Server.handleRequest (/home/farmageo/api.farmageo.com.ar/node_modules/@adonisjs/http-server/build/src/Server/index.js:111:34)
    at processTicksAndRejections (node:internal/process/task_queues:96:5)
Thu Nov 10 2022 12:14:08 GMT-0300 (Argentina Standard Time) Error Handler: TypeError: Cannot read properties of undefined (reading 'status')
    at ExceptionManager.handleError (/home/farmageo/api.farmageo.com.ar/node_modules/@adonisjs/http-server/build/src/Server/ExceptionManager/index.js:41:39)
    at ExceptionManager.handle (/home/farmageo/api.farmageo.com.ar/node_modules/@adonisjs/http-server/build/src/Server/ExceptionManager/index.js:92:20)
    at Server.handleRequest (/home/farmageo/api.farmageo.com.ar/node_modules/@adonisjs/http-server/build/src/Server/index.js:111:34)
    at processTicksAndRejections (node:internal/process/task_queues:96:5)
Thu Nov 10 2022 12:14:08 GMT-0300 (Argentina Standard Time) Error Handler: TypeError: Cannot read properties of undefined (reading 'status')
    at ExceptionManager.handleError (/home/farmageo/api.farmageo.com.ar/node_modules/@adonisjs/http-server/build/src/Server/ExceptionManager/index.js:41:39)
    at ExceptionManager.handle (/home/farmageo/api.farmageo.com.ar/node_modules/@adonisjs/http-server/build/src/Server/ExceptionManager/index.js:92:20)
    at Server.handleRequest (/home/farmageo/api.farmageo.com.ar/node_modules/@adonisjs/http-server/build/src/Server/index.js:111:34)
    at processTicksAndRejections (node:internal/process/task_queues:96:5)
Thu Nov 10 2022 12:14:08 GMT-0300 (Argentina Standard Time) Error Handler: TypeError: Cannot read properties of undefined (reading 'status')
    at ExceptionManager.handleError (/home/farmageo/api.farmageo.com.ar/node_modules/@adonisjs/http-server/build/src/Server/ExceptionManager/index.js:41:39)
    at ExceptionManager.handle (/home/farmageo/api.farmageo.com.ar/node_modules/@adonisjs/http-server/build/src/Server/ExceptionManager/index.js:92:20)
    at Server.handleRequest (/home/farmageo/api.farmageo.com.ar/node_modules/@adonisjs/http-server/build/src/Server/index.js:111:34)
    at processTicksAndRejections (node:internal/process/task_queues:96:5)
Thu Nov 10 2022 12:14:08 GMT-0300 (Argentina Standard Time) Error Handler: TypeError: Cannot read properties of undefined (reading 'status')
    at ExceptionManager.handleError (/home/farmageo/api.farmageo.com.ar/node_modules/@adonisjs/http-server/build/src/Server/ExceptionManager/index.js:41:39)
    at ExceptionManager.handle (/home/farmageo/api.farmageo.com.ar/node_modules/@adonisjs/http-server/build/src/Server/ExceptionManager/index.js:92:20)
    at Server.handleRequest (/home/farmageo/api.farmageo.com.ar/node_modules/@adonisjs/http-server/build/src/Server/index.js:111:34)
    at processTicksAndRejections (node:internal/process/task_queues:96:5)
Thu Nov 10 2022 12:14:08 GMT-0300 (Argentina Standard Time) Error Handler: TypeError: Cannot read properties of undefined (reading 'status')
    at ExceptionManager.handleError (/home/farmageo/api.farmageo.com.ar/node_modules/@adonisjs/http-server/build/src/Server/ExceptionManager/index.js:41:39)
    at ExceptionManager.handle (/home/farmageo/api.farmageo.com.ar/node_modules/@adonisjs/http-server/build/src/Server/ExceptionManager/index.js:92:20)
    at Server.handleRequest (/home/farmageo/api.farmageo.com.ar/node_modules/@adonisjs/http-server/build/src/Server/index.js:111:34)
    at processTicksAndRejections (node:internal/process/task_queues:96:5)
Thu Nov 10 2022 12:14:08 GMT-0300 (Argentina Standard Time) Error Handler: TypeError: Cannot read properties of undefined (reading 'status')
    at ExceptionManager.handleError (/home/farmageo/api.farmageo.com.ar/node_modules/@adonisjs/http-server/build/src/Server/ExceptionManager/index.js:41:39)
    at ExceptionManager.handle (/home/farmageo/api.farmageo.com.ar/node_modules/@adonisjs/http-server/build/src/Server/ExceptionManager/index.js:92:20)
    at Server.handleRequest (/home/farmageo/api.farmageo.com.ar/node_modules/@adonisjs/http-server/build/src/Server/index.js:111:34)
    at processTicksAndRejections (node:internal/process/task_queues:96:5)
Thu Nov 10 2022 12:14:08 GMT-0300 (Argentina Standard Time) Error Handler: TypeError: Cannot read properties of undefined (reading 'status')
    at ExceptionManager.handleError (/home/farmageo/api.farmageo.com.ar/node_modules/@adonisjs/http-server/build/src/Server/ExceptionManager/index.js:41:39)
    at ExceptionManager.handle (/home/farmageo/api.farmageo.com.ar/node_modules/@adonisjs/http-server/build/src/Server/ExceptionManager/index.js:92:20)
    at Server.handleRequest (/home/farmageo/api.farmageo.com.ar/node_modules/@adonisjs/http-server/build/src/Server/index.js:111:34)
    at processTicksAndRejections (node:internal/process/task_queues:96:5)
Thu Nov 10 2022 12:14:08 GMT-0300 (Argentina Standard Time) Error Handler: TypeError: Cannot read properties of undefined (reading 'status')
    at ExceptionManager.handleError (/home/farmageo/api.farmageo.com.ar/node_modules/@adonisjs/http-server/build/src/Server/ExceptionManager/index.js:41:39)
    at ExceptionManager.handle (/home/farmageo/api.farmageo.com.ar/node_modules/@adonisjs/http-server/build/src/Server/ExceptionManager/index.js:92:20)
    at Server.handleRequest (/home/farmageo/api.farmageo.com.ar/node_modules/@adonisjs/http-server/build/src/Server/index.js:111:34)
    at processTicksAndRejections (node:internal/process/task_queues:96:5)
Thu Nov 10 2022 12:14:08 GMT-0300 (Argentina Standard Time) Error Handler: TypeError: Cannot read properties of undefined (reading 'status')
    at ExceptionManager.handleError (/home/farmageo/api.farmageo.com.ar/node_modules/@adonisjs/http-server/build/src/Server/ExceptionManager/index.js:41:39)
    at ExceptionManager.handle (/home/farmageo/api.farmageo.com.ar/node_modules/@adonisjs/http-server/build/src/Server/ExceptionManager/index.js:92:20)
    at Server.handleRequest (/home/farmageo/api.farmageo.com.ar/node_modules/@adonisjs/http-server/build/src/Server/index.js:111:34)
    at processTicksAndRejections (node:internal/process/task_queues:96:5)
Thu Nov 10 2022 12:14:08 GMT-0300 (Argentina Standard Time) Error Handler: TypeError: Cannot read properties of undefined (reading 'status')
    at ExceptionManager.handleError (/home/farmageo/api.farmageo.com.ar/node_modules/@adonisjs/http-server/build/src/Server/ExceptionManager/index.js:41:39)
    at ExceptionManager.handle (/home/farmageo/api.farmageo.com.ar/node_modules/@adonisjs/http-server/build/src/Server/ExceptionManager/index.js:92:20)
    at Server.handleRequest (/home/farmageo/api.farmageo.com.ar/node_modules/@adonisjs/http-server/build/src/Server/index.js:111:34)
    at processTicksAndRejections (node:internal/process/task_queues:96:5)
Thu Nov 10 2022 12:14:08 GMT-0300 (Argentina Standard Time) Error Handler: TypeError: Cannot read properties of undefined (reading 'status')
    at ExceptionManager.handleError (/home/farmageo/api.farmageo.com.ar/node_modules/@adonisjs/http-server/build/src/Server/ExceptionManager/index.js:41:39)
    at ExceptionManager.handle (/home/farmageo/api.farmageo.com.ar/node_modules/@adonisjs/http-server/build/src/Server/ExceptionManager/index.js:92:20)
    at Server.handleRequest (/home/farmageo/api.farmageo.com.ar/node_modules/@adonisjs/http-server/build/src/Server/index.js:111:34)
    at processTicksAndRejections (node:internal/process/task_queues:96:5)
Thu Nov 10 2022 12:14:08 GMT-0300 (Argentina Standard Time) Error Handler: TypeError: Cannot read properties of undefined (reading 'status')
    at ExceptionManager.handleError (/home/farmageo/api.farmageo.com.ar/node_modules/@adonisjs/http-server/build/src/Server/ExceptionManager/index.js:41:39)
    at ExceptionManager.handle (/home/farmageo/api.farmageo.com.ar/node_modules/@adonisjs/http-server/build/src/Server/ExceptionManager/index.js:92:20)
    at Server.handleRequest (/home/farmageo/api.farmageo.com.ar/node_modules/@adonisjs/http-server/build/src/Server/index.js:111:34)
    at processTicksAndRejections (node:internal/process/task_queues:96:5)
Thu Nov 10 2022 12:14:08 GMT-0300 (Argentina Standard Time) Error Handler: TypeError: Cannot read properties of undefined (reading 'status')
    at ExceptionManager.handleError (/home/farmageo/api.farmageo.com.ar/node_modules/@adonisjs/http-server/build/src/Server/ExceptionManager/index.js:41:39)
    at ExceptionManager.handle (/home/farmageo/api.farmageo.com.ar/node_modules/@adonisjs/http-server/build/src/Server/ExceptionManager/index.js:92:20)
    at Server.handleRequest (/home/farmageo/api.farmageo.com.ar/node_modules/@adonisjs/http-server/build/src/Server/index.js:111:34)
    at processTicksAndRejections (node:internal/process/task_queues:96:5)
Thu Nov 10 2022 12:14:08 GMT-0300 (Argentina Standard Time) Error Handler: TypeError: Cannot read properties of undefined (reading 'status')
    at ExceptionManager.handleError (/home/farmageo/api.farmageo.com.ar/node_modules/@adonisjs/http-server/build/src/Server/ExceptionManager/index.js:41:39)
    at ExceptionManager.handle (/home/farmageo/api.farmageo.com.ar/node_modules/@adonisjs/http-server/build/src/Server/ExceptionManager/index.js:92:20)
    at Server.handleRequest (/home/farmageo/api.farmageo.com.ar/node_modules/@adonisjs/http-server/build/src/Server/index.js:111:34)
    at processTicksAndRejections (node:internal/process/task_queues:96:5)
Thu Nov 10 2022 12:14:08 GMT-0300 (Argentina Standard Time) Error Handler: TypeError: Cannot read properties of undefined (reading 'status')
    at ExceptionManager.handleError (/home/farmageo/api.farmageo.com.ar/node_modules/@adonisjs/http-server/build/src/Server/ExceptionManager/index.js:41:39)
    at ExceptionManager.handle (/home/farmageo/api.farmageo.com.ar/node_modules/@adonisjs/http-server/build/src/Server/ExceptionManager/index.js:92:20)
    at Server.handleRequest (/home/farmageo/api.farmageo.com.ar/node_modules/@adonisjs/http-server/build/src/Server/index.js:111:34)
    at processTicksAndRejections (node:internal/process/task_queues:96:5)
Thu Nov 10 2022 12:14:08 GMT-0300 (Argentina Standard Time) Error Handler: TypeError: Cannot read properties of undefined (reading 'status')
    at ExceptionManager.handleError (/home/farmageo/api.farmageo.com.ar/node_modules/@adonisjs/http-server/build/src/Server/ExceptionManager/index.js:41:39)
    at ExceptionManager.handle (/home/farmageo/api.farmageo.com.ar/node_modules/@adonisjs/http-server/build/src/Server/ExceptionManager/index.js:92:20)
    at Server.handleRequest (/home/farmageo/api.farmageo.com.ar/node_modules/@adonisjs/http-server/build/src/Server/index.js:111:34)
    at processTicksAndRejections (node:internal/process/task_queues:96:5)
Thu Nov 10 2022 12:14:08 GMT-0300 (Argentina Standard Time) Error Handler: TypeError: Cannot read properties of undefined (reading 'status')
    at ExceptionManager.handleError (/home/farmageo/api.farmageo.com.ar/node_modules/@adonisjs/http-server/build/src/Server/ExceptionManager/index.js:41:39)
    at ExceptionManager.handle (/home/farmageo/api.farmageo.com.ar/node_modules/@adonisjs/http-server/build/src/Server/ExceptionManager/index.js:92:20)
    at Server.handleRequest (/home/farmageo/api.farmageo.com.ar/node_modules/@adonisjs/http-server/build/src/Server/index.js:111:34)
    at processTicksAndRejections (node:internal/process/task_queues:96:5)
Thu Nov 10 2022 12:14:08 GMT-0300 (Argentina Standard Time) Error Handler: TypeError: Cannot read properties of undefined (reading 'status')
    at ExceptionManager.handleError (/home/farmageo/api.farmageo.com.ar/node_modules/@adonisjs/http-server/build/src/Server/ExceptionManager/index.js:41:39)
    at ExceptionManager.handle (/home/farmageo/api.farmageo.com.ar/node_modules/@adonisjs/http-server/build/src/Server/ExceptionManager/index.js:92:20)
    at Server.handleRequest (/home/farmageo/api.farmageo.com.ar/node_modules/@adonisjs/http-server/build/src/Server/index.js:111:34)
    at processTicksAndRejections (node:internal/process/task_queues:96:5)
Thu Nov 10 2022 12:14:08 GMT-0300 (Argentina Standard Time) Error Handler: TypeError: Cannot read properties of undefined (reading 'status')
    at ExceptionManager.handleError (/home/farmageo/api.farmageo.com.ar/node_modules/@adonisjs/http-server/build/src/Server/ExceptionManager/index.js:41:39)
    at ExceptionManager.handle (/home/farmageo/api.farmageo.com.ar/node_modules/@adonisjs/http-server/build/src/Server/ExceptionManager/index.js:92:20)
    at Server.handleRequest (/home/farmageo/api.farmageo.com.ar/node_modules/@adonisjs/http-server/build/src/Server/index.js:111:34)
    at processTicksAndRejections (node:internal/process/task_queues:96:5)
Thu Nov 10 2022 12:14:08 GMT-0300 (Argentina Standard Time) Error Handler: TypeError: Cannot read properties of undefined (reading 'status')
    at ExceptionManager.handleError (/home/farmageo/api.farmageo.com.ar/node_modules/@adonisjs/http-server/build/src/Server/ExceptionManager/index.js:41:39)
    at ExceptionManager.handle (/home/farmageo/api.farmageo.com.ar/node_modules/@adonisjs/http-server/build/src/Server/ExceptionManager/index.js:92:20)
    at Server.handleRequest (/home/farmageo/api.farmageo.com.ar/node_modules/@adonisjs/http-server/build/src/Server/index.js:111:34)
    at processTicksAndRejections (node:internal/process/task_queues:96:5)
Thu Nov 10 2022 12:14:08 GMT-0300 (Argentina Standard Time) Error Handler: TypeError: Cannot read properties of undefined (reading 'status')
    at ExceptionManager.handleError (/home/farmageo/api.farmageo.com.ar/node_modules/@adonisjs/http-server/build/src/Server/ExceptionManager/index.js:41:39)
    at ExceptionManager.handle (/home/farmageo/api.farmageo.com.ar/node_modules/@adonisjs/http-server/build/src/Server/ExceptionManager/index.js:92:20)
    at Server.handleRequest (/home/farmageo/api.farmageo.com.ar/node_modules/@adonisjs/http-server/build/src/Server/index.js:111:34)
    at processTicksAndRejections (node:internal/process/task_queues:96:5)
Thu Nov 10 2022 12:14:08 GMT-0300 (Argentina Standard Time) Error Handler: TypeError: Cannot read properties of undefined (reading 'status')
    at ExceptionManager.handleError (/home/farmageo/api.farmageo.com.ar/node_modules/@adonisjs/http-server/build/src/Server/ExceptionManager/index.js:41:39)
    at ExceptionManager.handle (/home/farmageo/api.farmageo.com.ar/node_modules/@adonisjs/http-server/build/src/Server/ExceptionManager/index.js:92:20)
    at Server.handleRequest (/home/farmageo/api.farmageo.com.ar/node_modules/@adonisjs/http-server/build/src/Server/index.js:111:34)
    at processTicksAndRejections (node:internal/process/task_queues:96:5)
Thu Nov 10 2022 12:14:08 GMT-0300 (Argentina Standard Time) Error Handler: TypeError: Cannot read properties of undefined (reading 'status')
    at ExceptionManager.handleError (/home/farmageo/api.farmageo.com.ar/node_modules/@adonisjs/http-server/build/src/Server/ExceptionManager/index.js:41:39)
    at ExceptionManager.handle (/home/farmageo/api.farmageo.com.ar/node_modules/@adonisjs/http-server/build/src/Server/ExceptionManager/index.js:92:20)
    at Server.handleRequest (/home/farmageo/api.farmageo.com.ar/node_modules/@adonisjs/http-server/build/src/Server/index.js:111:34)
    at processTicksAndRejections (node:internal/process/task_queues:96:5)
Thu Nov 10 2022 12:14:08 GMT-0300 (Argentina Standard Time) Error Handler: TypeError: Cannot read properties of undefined (reading 'status')
    at ExceptionManager.handleError (/home/farmageo/api.farmageo.com.ar/node_modules/@adonisjs/http-server/build/src/Server/ExceptionManager/index.js:41:39)
    at ExceptionManager.handle (/home/farmageo/api.farmageo.com.ar/node_modules/@adonisjs/http-server/build/src/Server/ExceptionManager/index.js:92:20)
    at Server.handleRequest (/home/farmageo/api.farmageo.com.ar/node_modules/@adonisjs/http-server/build/src/Server/index.js:111:34)
    at processTicksAndRejections (node:internal/process/task_queues:96:5)
Thu Nov 10 2022 12:14:08 GMT-0300 (Argentina Standard Time) Error Handler: TypeError: Cannot read properties of undefined (reading 'status')
    at ExceptionManager.handleError (/home/farmageo/api.farmageo.com.ar/node_modules/@adonisjs/http-server/build/src/Server/ExceptionManager/index.js:41:39)
    at ExceptionManager.handle (/home/farmageo/api.farmageo.com.ar/node_modules/@adonisjs/http-server/build/src/Server/ExceptionManager/index.js:92:20)
    at Server.handleRequest (/home/farmageo/api.farmageo.com.ar/node_modules/@adonisjs/http-server/build/src/Server/index.js:111:34)
    at processTicksAndRejections (node:internal/process/task_queues:96:5)
Thu Nov 10 2022 12:14:08 GMT-0300 (Argentina Standard Time) Error Handler: TypeError: Cannot read properties of undefined (reading 'status')
    at ExceptionManager.handleError (/home/farmageo/api.farmageo.com.ar/node_modules/@adonisjs/http-server/build/src/Server/ExceptionManager/index.js:41:39)
    at ExceptionManager.handle (/home/farmageo/api.farmageo.com.ar/node_modules/@adonisjs/http-server/build/src/Server/ExceptionManager/index.js:92:20)
    at Server.handleRequest (/home/farmageo/api.farmageo.com.ar/node_modules/@adonisjs/http-server/build/src/Server/index.js:111:34)
    at processTicksAndRejections (node:internal/process/task_queues:96:5)
Thu Nov 10 2022 12:14:08 GMT-0300 (Argentina Standard Time) Error Handler: TypeError: Cannot read properties of undefined (reading 'status')
    at ExceptionManager.handleError (/home/farmageo/api.farmageo.com.ar/node_modules/@adonisjs/http-server/build/src/Server/ExceptionManager/index.js:41:39)
    at ExceptionManager.handle (/home/farmageo/api.farmageo.com.ar/node_modules/@adonisjs/http-server/build/src/Server/ExceptionManager/index.js:92:20)
    at Server.handleRequest (/home/farmageo/api.farmageo.com.ar/node_modules/@adonisjs/http-server/build/src/Server/index.js:111:34)
    at processTicksAndRejections (node:internal/process/task_queues:96:5)
Thu Nov 10 2022 12:14:08 GMT-0300 (Argentina Standard Time) Error Handler: TypeError: Cannot read properties of undefined (reading 'status')
    at ExceptionManager.handleError (/home/farmageo/api.farmageo.com.ar/node_modules/@adonisjs/http-server/build/src/Server/ExceptionManager/index.js:41:39)
    at ExceptionManager.handle (/home/farmageo/api.farmageo.com.ar/node_modules/@adonisjs/http-server/build/src/Server/ExceptionManager/index.js:92:20)
    at Server.handleRequest (/home/farmageo/api.farmageo.com.ar/node_modules/@adonisjs/http-server/build/src/Server/index.js:111:34)
    at processTicksAndRejections (node:internal/process/task_queues:96:5)
Thu Nov 10 2022 12:14:08 GMT-0300 (Argentina Standard Time) Error Handler: TypeError: Cannot read properties of undefined (reading 'status')
    at ExceptionManager.handleError (/home/farmageo/api.farmageo.com.ar/node_modules/@adonisjs/http-server/build/src/Server/ExceptionManager/index.js:41:39)
    at ExceptionManager.handle (/home/farmageo/api.farmageo.com.ar/node_modules/@adonisjs/http-server/build/src/Server/ExceptionManager/index.js:92:20)
    at Server.handleRequest (/home/farmageo/api.farmageo.com.ar/node_modules/@adonisjs/http-server/build/src/Server/index.js:111:34)
    at processTicksAndRejections (node:internal/process/task_queues:96:5)
Thu Nov 10 2022 12:14:08 GMT-0300 (Argentina Standard Time) Error Handler: TypeError: Cannot read properties of undefined (reading 'status')
    at ExceptionManager.handleError (/home/farmageo/api.farmageo.com.ar/node_modules/@adonisjs/http-server/build/src/Server/ExceptionManager/index.js:41:39)
    at ExceptionManager.handle (/home/farmageo/api.farmageo.com.ar/node_modules/@adonisjs/http-server/build/src/Server/ExceptionManager/index.js:92:20)
    at Server.handleRequest (/home/farmageo/api.farmageo.com.ar/node_modules/@adonisjs/http-server/build/src/Server/index.js:111:34)
    at processTicksAndRejections (node:internal/process/task_queues:96:5)
Thu Nov 10 2022 12:14:08 GMT-0300 (Argentina Standard Time) Error Handler: TypeError: Cannot read properties of undefined (reading 'status')
    at ExceptionManager.handleError (/home/farmageo/api.farmageo.com.ar/node_modules/@adonisjs/http-server/build/src/Server/ExceptionManager/index.js:41:39)
    at ExceptionManager.handle (/home/farmageo/api.farmageo.com.ar/node_modules/@adonisjs/http-server/build/src/Server/ExceptionManager/index.js:92:20)
    at Server.handleRequest (/home/farmageo/api.farmageo.com.ar/node_modules/@adonisjs/http-server/build/src/Server/index.js:111:34)
    at processTicksAndRejections (node:internal/process/task_queues:96:5)
Thu Nov 10 2022 12:14:08 GMT-0300 (Argentina Standard Time) Error Handler: TypeError: Cannot read properties of undefined (reading 'status')
    at ExceptionManager.handleError (/home/farmageo/api.farmageo.com.ar/node_modules/@adonisjs/http-server/build/src/Server/ExceptionManager/index.js:41:39)
    at ExceptionManager.handle (/home/farmageo/api.farmageo.com.ar/node_modules/@adonisjs/http-server/build/src/Server/ExceptionManager/index.js:92:20)
    at Server.handleRequest (/home/farmageo/api.farmageo.com.ar/node_modules/@adonisjs/http-server/build/src/Server/index.js:111:34)
    at processTicksAndRejections (node:internal/process/task_queues:96:5)
Thu Nov 10 2022 12:14:08 GMT-0300 (Argentina Standard Time) Error Handler: TypeError: Cannot read properties of undefined (reading 'status')
    at ExceptionManager.handleError (/home/farmageo/api.farmageo.com.ar/node_modules/@adonisjs/http-server/build/src/Server/ExceptionManager/index.js:41:39)
    at ExceptionManager.handle (/home/farmageo/api.farmageo.com.ar/node_modules/@adonisjs/http-server/build/src/Server/ExceptionManager/index.js:92:20)
    at Server.handleRequest (/home/farmageo/api.farmageo.com.ar/node_modules/@adonisjs/http-server/build/src/Server/index.js:111:34)
    at processTicksAndRejections (node:internal/process/task_queues:96:5)
Thu Nov 10 2022 12:14:08 GMT-0300 (Argentina Standard Time) Error Handler: TypeError: Cannot read properties of undefined (reading 'status')
    at ExceptionManager.handleError (/home/farmageo/api.farmageo.com.ar/node_modules/@adonisjs/http-server/build/src/Server/ExceptionManager/index.js:41:39)
    at ExceptionManager.handle (/home/farmageo/api.farmageo.com.ar/node_modules/@adonisjs/http-server/build/src/Server/ExceptionManager/index.js:92:20)
    at Server.handleRequest (/home/farmageo/api.farmageo.com.ar/node_modules/@adonisjs/http-server/build/src/Server/index.js:111:34)
    at processTicksAndRejections (node:internal/process/task_queues:96:5)
Thu Nov 10 2022 12:14:08 GMT-0300 (Argentina Standard Time) Error Handler: TypeError: Cannot read properties of undefined (reading 'status')
    at ExceptionManager.handleError (/home/farmageo/api.farmageo.com.ar/node_modules/@adonisjs/http-server/build/src/Server/ExceptionManager/index.js:41:39)
    at ExceptionManager.handle (/home/farmageo/api.farmageo.com.ar/node_modules/@adonisjs/http-server/build/src/Server/ExceptionManager/index.js:92:20)
    at Server.handleRequest (/home/farmageo/api.farmageo.com.ar/node_modules/@adonisjs/http-server/build/src/Server/index.js:111:34)
    at processTicksAndRejections (node:internal/process/task_queues:96:5)
Thu Nov 10 2022 12:14:08 GMT-0300 (Argentina Standard Time) Error Handler: TypeError: Cannot read properties of undefined (reading 'status')
    at ExceptionManager.handleError (/home/farmageo/api.farmageo.com.ar/node_modules/@adonisjs/http-server/build/src/Server/ExceptionManager/index.js:41:39)
    at ExceptionManager.handle (/home/farmageo/api.farmageo.com.ar/node_modules/@adonisjs/http-server/build/src/Server/ExceptionManager/index.js:92:20)
    at Server.handleRequest (/home/farmageo/api.farmageo.com.ar/node_modules/@adonisjs/http-server/build/src/Server/index.js:111:34)
    at processTicksAndRejections (node:internal/process/task_queues:96:5)
Thu Nov 10 2022 12:14:08 GMT-0300 (Argentina Standard Time) Error Handler: TypeError: Cannot read properties of undefined (reading 'status')
    at ExceptionManager.handleError (/home/farmageo/api.farmageo.com.ar/node_modules/@adonisjs/http-server/build/src/Server/ExceptionManager/index.js:41:39)
    at ExceptionManager.handle (/home/farmageo/api.farmageo.com.ar/node_modules/@adonisjs/http-server/build/src/Server/ExceptionManager/index.js:92:20)
    at Server.handleRequest (/home/farmageo/api.farmageo.com.ar/node_modules/@adonisjs/http-server/build/src/Server/index.js:111:34)
    at processTicksAndRejections (node:internal/process/task_queues:96:5)
Thu Nov 10 2022 12:14:08 GMT-0300 (Argentina Standard Time) Error Handler: TypeError: Cannot read properties of undefined (reading 'status')
    at ExceptionManager.handleError (/home/farmageo/api.farmageo.com.ar/node_modules/@adonisjs/http-server/build/src/Server/ExceptionManager/index.js:41:39)
    at ExceptionManager.handle (/home/farmageo/api.farmageo.com.ar/node_modules/@adonisjs/http-server/build/src/Server/ExceptionManager/index.js:92:20)
    at Server.handleRequest (/home/farmageo/api.farmageo.com.ar/node_modules/@adonisjs/http-server/build/src/Server/index.js:111:34)
    at processTicksAndRejections (node:internal/process/task_queues:96:5)
Thu Nov 10 2022 12:14:08 GMT-0300 (Argentina Standard Time) Error Handler: TypeError: Cannot read properties of undefined (reading 'status')
    at ExceptionManager.handleError (/home/farmageo/api.farmageo.com.ar/node_modules/@adonisjs/http-server/build/src/Server/ExceptionManager/index.js:41:39)
    at ExceptionManager.handle (/home/farmageo/api.farmageo.com.ar/node_modules/@adonisjs/http-server/build/src/Server/ExceptionManager/index.js:92:20)
    at Server.handleRequest (/home/farmageo/api.farmageo.com.ar/node_modules/@adonisjs/http-server/build/src/Server/index.js:111:34)
    at processTicksAndRejections (node:internal/process/task_queues:96:5)
Thu Nov 10 2022 12:14:08 GMT-0300 (Argentina Standard Time) Error Handler: TypeError: Cannot read properties of undefined (reading 'status')
    at ExceptionManager.handleError (/home/farmageo/api.farmageo.com.ar/node_modules/@adonisjs/http-server/build/src/Server/ExceptionManager/index.js:41:39)
    at ExceptionManager.handle (/home/farmageo/api.farmageo.com.ar/node_modules/@adonisjs/http-server/build/src/Server/ExceptionManager/index.js:92:20)
    at Server.handleRequest (/home/farmageo/api.farmageo.com.ar/node_modules/@adonisjs/http-server/build/src/Server/index.js:111:34)
    at processTicksAndRejections (node:internal/process/task_queues:96:5)
Thu Nov 10 2022 12:14:08 GMT-0300 (Argentina Standard Time) Error Handler: TypeError: Cannot read properties of undefined (reading 'status')
    at ExceptionManager.handleError (/home/farmageo/api.farmageo.com.ar/node_modules/@adonisjs/http-server/build/src/Server/ExceptionManager/index.js:41:39)
    at ExceptionManager.handle (/home/farmageo/api.farmageo.com.ar/node_modules/@adonisjs/http-server/build/src/Server/ExceptionManager/index.js:92:20)
    at Server.handleRequest (/home/farmageo/api.farmageo.com.ar/node_modules/@adonisjs/http-server/build/src/Server/index.js:111:34)
    at processTicksAndRejections (node:internal/process/task_queues:96:5)
Thu Nov 10 2022 12:14:08 GMT-0300 (Argentina Standard Time) Error Handler: TypeError: Cannot read properties of undefined (reading 'status')
    at ExceptionManager.handleError (/home/farmageo/api.farmageo.com.ar/node_modules/@adonisjs/http-server/build/src/Server/ExceptionManager/index.js:41:39)
    at ExceptionManager.handle (/home/farmageo/api.farmageo.com.ar/node_modules/@adonisjs/http-server/build/src/Server/ExceptionManager/index.js:92:20)
    at Server.handleRequest (/home/farmageo/api.farmageo.com.ar/node_modules/@adonisjs/http-server/build/src/Server/index.js:111:34)
    at processTicksAndRejections (node:internal/process/task_queues:96:5)
Thu Nov 10 2022 12:14:08 GMT-0300 (Argentina Standard Time) Error Handler: TypeError: Cannot read properties of undefined (reading 'status')
    at ExceptionManager.handleError (/home/farmageo/api.farmageo.com.ar/node_modules/@adonisjs/http-server/build/src/Server/ExceptionManager/index.js:41:39)
    at ExceptionManager.handle (/home/farmageo/api.farmageo.com.ar/node_modules/@adonisjs/http-server/build/src/Server/ExceptionManager/index.js:92:20)
    at Server.handleRequest (/home/farmageo/api.farmageo.com.ar/node_modules/@adonisjs/http-server/build/src/Server/index.js:111:34)
    at processTicksAndRejections (node:internal/process/task_queues:96:5)
Thu Nov 10 2022 12:14:08 GMT-0300 (Argentina Standard Time) Error Handler: TypeError: Cannot read properties of undefined (reading 'status')
    at ExceptionManager.handleError (/home/farmageo/api.farmageo.com.ar/node_modules/@adonisjs/http-server/build/src/Server/ExceptionManager/index.js:41:39)
    at ExceptionManager.handle (/home/farmageo/api.farmageo.com.ar/node_modules/@adonisjs/http-server/build/src/Server/ExceptionManager/index.js:92:20)
    at Server.handleRequest (/home/farmageo/api.farmageo.com.ar/node_modules/@adonisjs/http-server/build/src/Server/index.js:111:34)
    at processTicksAndRejections (node:internal/process/task_queues:96:5)
Thu Nov 10 2022 12:14:08 GMT-0300 (Argentina Standard Time) Error Handler: TypeError: Cannot read properties of undefined (reading 'status')
    at ExceptionManager.handleError (/home/farmageo/api.farmageo.com.ar/node_modules/@adonisjs/http-server/build/src/Server/ExceptionManager/index.js:41:39)
    at ExceptionManager.handle (/home/farmageo/api.farmageo.com.ar/node_modules/@adonisjs/http-server/build/src/Server/ExceptionManager/index.js:92:20)
    at Server.handleRequest (/home/farmageo/api.farmageo.com.ar/node_modules/@adonisjs/http-server/build/src/Server/index.js:111:34)
    at processTicksAndRejections (node:internal/process/task_queues:96:5)
Thu Nov 10 2022 12:14:08 GMT-0300 (Argentina Standard Time) Error Handler: TypeError: Cannot read properties of undefined (reading 'status')
    at ExceptionManager.handleError (/home/farmageo/api.farmageo.com.ar/node_modules/@adonisjs/http-server/build/src/Server/ExceptionManager/index.js:41:39)
    at ExceptionManager.handle (/home/farmageo/api.farmageo.com.ar/node_modules/@adonisjs/http-server/build/src/Server/ExceptionManager/index.js:92:20)
    at Server.handleRequest (/home/farmageo/api.farmageo.com.ar/node_modules/@adonisjs/http-server/build/src/Server/index.js:111:34)
    at processTicksAndRejections (node:internal/process/task_queues:96:5)
Thu Nov 10 2022 12:14:08 GMT-0300 (Argentina Standard Time) Error Handler: TypeError: Cannot read properties of undefined (reading 'status')
    at ExceptionManager.handleError (/home/farmageo/api.farmageo.com.ar/node_modules/@adonisjs/http-server/build/src/Server/ExceptionManager/index.js:41:39)
    at ExceptionManager.handle (/home/farmageo/api.farmageo.com.ar/node_modules/@adonisjs/http-server/build/src/Server/ExceptionManager/index.js:92:20)
    at Server.handleRequest (/home/farmageo/api.farmageo.com.ar/node_modules/@adonisjs/http-server/build/src/Server/index.js:111:34)
    at processTicksAndRejections (node:internal/process/task_queues:96:5)
Thu Nov 10 2022 12:14:08 GMT-0300 (Argentina Standard Time) Error Handler: TypeError: Cannot read properties of undefined (reading 'status')
    at ExceptionManager.handleError (/home/farmageo/api.farmageo.com.ar/node_modules/@adonisjs/http-server/build/src/Server/ExceptionManager/index.js:41:39)
    at ExceptionManager.handle (/home/farmageo/api.farmageo.com.ar/node_modules/@adonisjs/http-server/build/src/Server/ExceptionManager/index.js:92:20)
    at Server.handleRequest (/home/farmageo/api.farmageo.com.ar/node_modules/@adonisjs/http-server/build/src/Server/index.js:111:34)
    at processTicksAndRejections (node:internal/process/task_queues:96:5)
Thu Nov 10 2022 12:14:08 GMT-0300 (Argentina Standard Time) Error Handler: TypeError: Cannot read properties of undefined (reading 'status')
    at ExceptionManager.handleError (/home/farmageo/api.farmageo.com.ar/node_modules/@adonisjs/http-server/build/src/Server/ExceptionManager/index.js:41:39)
    at ExceptionManager.handle (/home/farmageo/api.farmageo.com.ar/node_modules/@adonisjs/http-server/build/src/Server/ExceptionManager/index.js:92:20)
    at Server.handleRequest (/home/farmageo/api.farmageo.com.ar/node_modules/@adonisjs/http-server/build/src/Server/index.js:111:34)
    at processTicksAndRejections (node:internal/process/task_queues:96:5)
Thu Nov 10 2022 12:14:08 GMT-0300 (Argentina Standard Time) Error Handler: TypeError: Cannot read properties of undefined (reading 'status')
    at ExceptionManager.handleError (/home/farmageo/api.farmageo.com.ar/node_modules/@adonisjs/http-server/build/src/Server/ExceptionManager/index.js:41:39)
    at ExceptionManager.handle (/home/farmageo/api.farmageo.com.ar/node_modules/@adonisjs/http-server/build/src/Server/ExceptionManager/index.js:92:20)
    at Server.handleRequest (/home/farmageo/api.farmageo.com.ar/node_modules/@adonisjs/http-server/build/src/Server/index.js:111:34)
    at processTicksAndRejections (node:internal/process/task_queues:96:5)
Thu Nov 10 2022 12:14:08 GMT-0300 (Argentina Standard Time) Error Handler: TypeError: Cannot read properties of undefined (reading 'status')
    at ExceptionManager.handleError (/home/farmageo/api.farmageo.com.ar/node_modules/@adonisjs/http-server/build/src/Server/ExceptionManager/index.js:41:39)
    at ExceptionManager.handle (/home/farmageo/api.farmageo.com.ar/node_modules/@adonisjs/http-server/build/src/Server/ExceptionManager/index.js:92:20)
    at Server.handleRequest (/home/farmageo/api.farmageo.com.ar/node_modules/@adonisjs/http-server/build/src/Server/index.js:111:34)
    at processTicksAndRejections (node:internal/process/task_queues:96:5)
Thu Nov 10 2022 12:14:08 GMT-0300 (Argentina Standard Time) Error Handler: TypeError: Cannot read properties of undefined (reading 'status')
    at ExceptionManager.handleError (/home/farmageo/api.farmageo.com.ar/node_modules/@adonisjs/http-server/build/src/Server/ExceptionManager/index.js:41:39)
    at ExceptionManager.handle (/home/farmageo/api.farmageo.com.ar/node_modules/@adonisjs/http-server/build/src/Server/ExceptionManager/index.js:92:20)
    at Server.handleRequest (/home/farmageo/api.farmageo.com.ar/node_modules/@adonisjs/http-server/build/src/Server/index.js:111:34)
    at processTicksAndRejections (node:internal/process/task_queues:96:5)
Thu Nov 10 2022 12:14:08 GMT-0300 (Argentina Standard Time) Error Handler: TypeError: Cannot read properties of undefined (reading 'status')
    at ExceptionManager.handleError (/home/farmageo/api.farmageo.com.ar/node_modules/@adonisjs/http-server/build/src/Server/ExceptionManager/index.js:41:39)
    at ExceptionManager.handle (/home/farmageo/api.farmageo.com.ar/node_modules/@adonisjs/http-server/build/src/Server/ExceptionManager/index.js:92:20)
    at Server.handleRequest (/home/farmageo/api.farmageo.com.ar/node_modules/@adonisjs/http-server/build/src/Server/index.js:111:34)
    at processTicksAndRejections (node:internal/process/task_queues:96:5)
Thu Nov 10 2022 12:14:08 GMT-0300 (Argentina Standard Time) Error Handler: TypeError: Cannot read properties of undefined (reading 'status')
    at ExceptionManager.handleError (/home/farmageo/api.farmageo.com.ar/node_modules/@adonisjs/http-server/build/src/Server/ExceptionManager/index.js:41:39)
    at ExceptionManager.handle (/home/farmageo/api.farmageo.com.ar/node_modules/@adonisjs/http-server/build/src/Server/ExceptionManager/index.js:92:20)
    at Server.handleRequest (/home/farmageo/api.farmageo.com.ar/node_modules/@adonisjs/http-server/build/src/Server/index.js:111:34)
    at processTicksAndRejections (node:internal/process/task_queues:96:5)
Thu Nov 10 2022 12:14:08 GMT-0300 (Argentina Standard Time) Error Handler: TypeError: Cannot read properties of undefined (reading 'status')
    at ExceptionManager.handleError (/home/farmageo/api.farmageo.com.ar/node_modules/@adonisjs/http-server/build/src/Server/ExceptionManager/index.js:41:39)
    at ExceptionManager.handle (/home/farmageo/api.farmageo.com.ar/node_modules/@adonisjs/http-server/build/src/Server/ExceptionManager/index.js:92:20)
    at Server.handleRequest (/home/farmageo/api.farmageo.com.ar/node_modules/@adonisjs/http-server/build/src/Server/index.js:111:34)
    at processTicksAndRejections (node:internal/process/task_queues:96:5)
Thu Nov 10 2022 12:14:08 GMT-0300 (Argentina Standard Time) Error Handler: TypeError: Cannot read properties of undefined (reading 'status')
    at ExceptionManager.handleError (/home/farmageo/api.farmageo.com.ar/node_modules/@adonisjs/http-server/build/src/Server/ExceptionManager/index.js:41:39)
    at ExceptionManager.handle (/home/farmageo/api.farmageo.com.ar/node_modules/@adonisjs/http-server/build/src/Server/ExceptionManager/index.js:92:20)
    at Server.handleRequest (/home/farmageo/api.farmageo.com.ar/node_modules/@adonisjs/http-server/build/src/Server/index.js:111:34)
    at processTicksAndRejections (node:internal/process/task_queues:96:5)
Thu Nov 10 2022 12:14:08 GMT-0300 (Argentina Standard Time) Error Handler: TypeError: Cannot read properties of undefined (reading 'status')
    at ExceptionManager.handleError (/home/farmageo/api.farmageo.com.ar/node_modules/@adonisjs/http-server/build/src/Server/ExceptionManager/index.js:41:39)
    at ExceptionManager.handle (/home/farmageo/api.farmageo.com.ar/node_modules/@adonisjs/http-server/build/src/Server/ExceptionManager/index.js:92:20)
    at Server.handleRequest (/home/farmageo/api.farmageo.com.ar/node_modules/@adonisjs/http-server/build/src/Server/index.js:111:34)
    at processTicksAndRejections (node:internal/process/task_queues:96:5)
Thu Nov 10 2022 12:14:08 GMT-0300 (Argentina Standard Time) Error Handler: TypeError: Cannot read properties of undefined (reading 'status')
    at ExceptionManager.handleError (/home/farmageo/api.farmageo.com.ar/node_modules/@adonisjs/http-server/build/src/Server/ExceptionManager/index.js:41:39)
    at ExceptionManager.handle (/home/farmageo/api.farmageo.com.ar/node_modules/@adonisjs/http-server/build/src/Server/ExceptionManager/index.js:92:20)
    at Server.handleRequest (/home/farmageo/api.farmageo.com.ar/node_modules/@adonisjs/http-server/build/src/Server/index.js:111:34)
    at processTicksAndRejections (node:internal/process/task_queues:96:5)
Thu Nov 10 2022 12:14:08 GMT-0300 (Argentina Standard Time) Error Handler: TypeError: Cannot read properties of undefined (reading 'status')
    at ExceptionManager.handleError (/home/farmageo/api.farmageo.com.ar/node_modules/@adonisjs/http-server/build/src/Server/ExceptionManager/index.js:41:39)
    at ExceptionManager.handle (/home/farmageo/api.farmageo.com.ar/node_modules/@adonisjs/http-server/build/src/Server/ExceptionManager/index.js:92:20)
    at Server.handleRequest (/home/farmageo/api.farmageo.com.ar/node_modules/@adonisjs/http-server/build/src/Server/index.js:111:34)
    at processTicksAndRejections (node:internal/process/task_queues:96:5)
Thu Nov 10 2022 12:14:08 GMT-0300 (Argentina Standard Time) Error Handler: TypeError: Cannot read properties of undefined (reading 'status')
    at ExceptionManager.handleError (/home/farmageo/api.farmageo.com.ar/node_modules/@adonisjs/http-server/build/src/Server/ExceptionManager/index.js:41:39)
    at ExceptionManager.handle (/home/farmageo/api.farmageo.com.ar/node_modules/@adonisjs/http-server/build/src/Server/ExceptionManager/index.js:92:20)
    at Server.handleRequest (/home/farmageo/api.farmageo.com.ar/node_modules/@adonisjs/http-server/build/src/Server/index.js:111:34)
    at processTicksAndRejections (node:internal/process/task_queues:96:5)
Thu Nov 10 2022 12:14:08 GMT-0300 (Argentina Standard Time) Error Handler: TypeError: Cannot read properties of undefined (reading 'status')
    at ExceptionManager.handleError (/home/farmageo/api.farmageo.com.ar/node_modules/@adonisjs/http-server/build/src/Server/ExceptionManager/index.js:41:39)
    at ExceptionManager.handle (/home/farmageo/api.farmageo.com.ar/node_modules/@adonisjs/http-server/build/src/Server/ExceptionManager/index.js:92:20)
    at Server.handleRequest (/home/farmageo/api.farmageo.com.ar/node_modules/@adonisjs/http-server/build/src/Server/index.js:111:34)
    at processTicksAndRejections (node:internal/process/task_queues:96:5)
Thu Nov 10 2022 12:14:08 GMT-0300 (Argentina Standard Time) Error Handler: TypeError: Cannot read properties of undefined (reading 'status')
    at ExceptionManager.handleError (/home/farmageo/api.farmageo.com.ar/node_modules/@adonisjs/http-server/build/src/Server/ExceptionManager/index.js:41:39)
    at ExceptionManager.handle (/home/farmageo/api.farmageo.com.ar/node_modules/@adonisjs/http-server/build/src/Server/ExceptionManager/index.js:92:20)
    at Server.handleRequest (/home/farmageo/api.farmageo.com.ar/node_modules/@adonisjs/http-server/build/src/Server/index.js:111:34)
    at processTicksAndRejections (node:internal/process/task_queues:96:5)
Thu Nov 10 2022 12:14:08 GMT-0300 (Argentina Standard Time) Error Handler: TypeError: Cannot read properties of undefined (reading 'status')
    at ExceptionManager.handleError (/home/farmageo/api.farmageo.com.ar/node_modules/@adonisjs/http-server/build/src/Server/ExceptionManager/index.js:41:39)
    at ExceptionManager.handle (/home/farmageo/api.farmageo.com.ar/node_modules/@adonisjs/http-server/build/src/Server/ExceptionManager/index.js:92:20)
    at Server.handleRequest (/home/farmageo/api.farmageo.com.ar/node_modules/@adonisjs/http-server/build/src/Server/index.js:111:34)
    at processTicksAndRejections (node:internal/process/task_queues:96:5)
Thu Nov 10 2022 12:14:08 GMT-0300 (Argentina Standard Time) Error Handler: TypeError: Cannot read properties of undefined (reading 'status')
    at ExceptionManager.handleError (/home/farmageo/api.farmageo.com.ar/node_modules/@adonisjs/http-server/build/src/Server/ExceptionManager/index.js:41:39)
    at ExceptionManager.handle (/home/farmageo/api.farmageo.com.ar/node_modules/@adonisjs/http-server/build/src/Server/ExceptionManager/index.js:92:20)
    at Server.handleRequest (/home/farmageo/api.farmageo.com.ar/node_modules/@adonisjs/http-server/build/src/Server/index.js:111:34)
    at processTicksAndRejections (node:internal/process/task_queues:96:5)
Thu Nov 10 2022 12:14:08 GMT-0300 (Argentina Standard Time) Error Handler: TypeError: Cannot read properties of undefined (reading 'status')
    at ExceptionManager.handleError (/home/farmageo/api.farmageo.com.ar/node_modules/@adonisjs/http-server/build/src/Server/ExceptionManager/index.js:41:39)
    at ExceptionManager.handle (/home/farmageo/api.farmageo.com.ar/node_modules/@adonisjs/http-server/build/src/Server/ExceptionManager/index.js:92:20)
    at Server.handleRequest (/home/farmageo/api.farmageo.com.ar/node_modules/@adonisjs/http-server/build/src/Server/index.js:111:34)
    at processTicksAndRejections (node:internal/process/task_queues:96:5)
Thu Nov 10 2022 12:14:08 GMT-0300 (Argentina Standard Time) Error Handler: TypeError: Cannot read properties of undefined (reading 'status')
    at ExceptionManager.handleError (/home/farmageo/api.farmageo.com.ar/node_modules/@adonisjs/http-server/build/src/Server/ExceptionManager/index.js:41:39)
    at ExceptionManager.handle (/home/farmageo/api.farmageo.com.ar/node_modules/@adonisjs/http-server/build/src/Server/ExceptionManager/index.js:92:20)
    at Server.handleRequest (/home/farmageo/api.farmageo.com.ar/node_modules/@adonisjs/http-server/build/src/Server/index.js:111:34)
    at processTicksAndRejections (node:internal/process/task_queues:96:5)
Thu Nov 10 2022 12:14:08 GMT-0300 (Argentina Standard Time) Error Handler: TypeError: Cannot read properties of undefined (reading 'status')
    at ExceptionManager.handleError (/home/farmageo/api.farmageo.com.ar/node_modules/@adonisjs/http-server/build/src/Server/ExceptionManager/index.js:41:39)
    at ExceptionManager.handle (/home/farmageo/api.farmageo.com.ar/node_modules/@adonisjs/http-server/build/src/Server/ExceptionManager/index.js:92:20)
    at Server.handleRequest (/home/farmageo/api.farmageo.com.ar/node_modules/@adonisjs/http-server/build/src/Server/index.js:111:34)
    at processTicksAndRejections (node:internal/process/task_queues:96:5)
Thu Nov 10 2022 12:14:08 GMT-0300 (Argentina Standard Time) Error Handler: TypeError: Cannot read properties of undefined (reading 'status')
    at ExceptionManager.handleError (/home/farmageo/api.farmageo.com.ar/node_modules/@adonisjs/http-server/build/src/Server/ExceptionManager/index.js:41:39)
    at ExceptionManager.handle (/home/farmageo/api.farmageo.com.ar/node_modules/@adonisjs/http-server/build/src/Server/ExceptionManager/index.js:92:20)
    at Server.handleRequest (/home/farmageo/api.farmageo.com.ar/node_modules/@adonisjs/http-server/build/src/Server/index.js:111:34)
    at processTicksAndRejections (node:internal/process/task_queues:96:5)
Thu Nov 10 2022 12:14:08 GMT-0300 (Argentina Standard Time) Error Handler: TypeError: Cannot read properties of undefined (reading 'status')
    at ExceptionManager.handleError (/home/farmageo/api.farmageo.com.ar/node_modules/@adonisjs/http-server/build/src/Server/ExceptionManager/index.js:41:39)
    at ExceptionManager.handle (/home/farmageo/api.farmageo.com.ar/node_modules/@adonisjs/http-server/build/src/Server/ExceptionManager/index.js:92:20)
    at Server.handleRequest (/home/farmageo/api.farmageo.com.ar/node_modules/@adonisjs/http-server/build/src/Server/index.js:111:34)
    at processTicksAndRejections (node:internal/process/task_queues:96:5)
Thu Nov 10 2022 12:14:08 GMT-0300 (Argentina Standard Time) Error Handler: TypeError: Cannot read properties of undefined (reading 'status')
    at ExceptionManager.handleError (/home/farmageo/api.farmageo.com.ar/node_modules/@adonisjs/http-server/build/src/Server/ExceptionManager/index.js:41:39)
    at ExceptionManager.handle (/home/farmageo/api.farmageo.com.ar/node_modules/@adonisjs/http-server/build/src/Server/ExceptionManager/index.js:92:20)
    at Server.handleRequest (/home/farmageo/api.farmageo.com.ar/node_modules/@adonisjs/http-server/build/src/Server/index.js:111:34)
    at processTicksAndRejections (node:internal/process/task_queues:96:5)
Thu Nov 10 2022 12:14:08 GMT-0300 (Argentina Standard Time) Error Handler: TypeError: Cannot read properties of undefined (reading 'status')
    at ExceptionManager.handleError (/home/farmageo/api.farmageo.com.ar/node_modules/@adonisjs/http-server/build/src/Server/ExceptionManager/index.js:41:39)
    at ExceptionManager.handle (/home/farmageo/api.farmageo.com.ar/node_modules/@adonisjs/http-server/build/src/Server/ExceptionManager/index.js:92:20)
    at Server.handleRequest (/home/farmageo/api.farmageo.com.ar/node_modules/@adonisjs/http-server/build/src/Server/index.js:111:34)
    at processTicksAndRejections (node:internal/process/task_queues:96:5)
Thu Nov 10 2022 12:14:08 GMT-0300 (Argentina Standard Time) Error Handler: TypeError: Cannot read properties of undefined (reading 'status')
    at ExceptionManager.handleError (/home/farmageo/api.farmageo.com.ar/node_modules/@adonisjs/http-server/build/src/Server/ExceptionManager/index.js:41:39)
    at ExceptionManager.handle (/home/farmageo/api.farmageo.com.ar/node_modules/@adonisjs/http-server/build/src/Server/ExceptionManager/index.js:92:20)
    at Server.handleRequest (/home/farmageo/api.farmageo.com.ar/node_modules/@adonisjs/http-server/build/src/Server/index.js:111:34)
    at processTicksAndRejections (node:internal/process/task_queues:96:5)
Thu Nov 10 2022 12:14:08 GMT-0300 (Argentina Standard Time) Error Handler: TypeError: Cannot read properties of undefined (reading 'status')
    at ExceptionManager.handleError (/home/farmageo/api.farmageo.com.ar/node_modules/@adonisjs/http-server/build/src/Server/ExceptionManager/index.js:41:39)
    at ExceptionManager.handle (/home/farmageo/api.farmageo.com.ar/node_modules/@adonisjs/http-server/build/src/Server/ExceptionManager/index.js:92:20)
    at Server.handleRequest (/home/farmageo/api.farmageo.com.ar/node_modules/@adonisjs/http-server/build/src/Server/index.js:111:34)
    at processTicksAndRejections (node:internal/process/task_queues:96:5)
Thu Nov 10 2022 12:14:08 GMT-0300 (Argentina Standard Time) Error Handler: TypeError: Cannot read properties of undefined (reading 'status')
    at ExceptionManager.handleError (/home/farmageo/api.farmageo.com.ar/node_modules/@adonisjs/http-server/build/src/Server/ExceptionManager/index.js:41:39)
    at ExceptionManager.handle (/home/farmageo/api.farmageo.com.ar/node_modules/@adonisjs/http-server/build/src/Server/ExceptionManager/index.js:92:20)
    at Server.handleRequest (/home/farmageo/api.farmageo.com.ar/node_modules/@adonisjs/http-server/build/src/Server/index.js:111:34)
    at processTicksAndRejections (node:internal/process/task_queues:96:5)
Thu Nov 10 2022 12:14:08 GMT-0300 (Argentina Standard Time) Error Handler: TypeError: Cannot read properties of undefined (reading 'status')
    at ExceptionManager.handleError (/home/farmageo/api.farmageo.com.ar/node_modules/@adonisjs/http-server/build/src/Server/ExceptionManager/index.js:41:39)
    at ExceptionManager.handle (/home/farmageo/api.farmageo.com.ar/node_modules/@adonisjs/http-server/build/src/Server/ExceptionManager/index.js:92:20)
    at Server.handleRequest (/home/farmageo/api.farmageo.com.ar/node_modules/@adonisjs/http-server/build/src/Server/index.js:111:34)
    at processTicksAndRejections (node:internal/process/task_queues:96:5)
Thu Nov 10 2022 12:14:08 GMT-0300 (Argentina Standard Time) Error Handler: TypeError: Cannot read properties of undefined (reading 'status')
    at ExceptionManager.handleError (/home/farmageo/api.farmageo.com.ar/node_modules/@adonisjs/http-server/build/src/Server/ExceptionManager/index.js:41:39)
    at ExceptionManager.handle (/home/farmageo/api.farmageo.com.ar/node_modules/@adonisjs/http-server/build/src/Server/ExceptionManager/index.js:92:20)
    at Server.handleRequest (/home/farmageo/api.farmageo.com.ar/node_modules/@adonisjs/http-server/build/src/Server/index.js:111:34)
    at processTicksAndRejections (node:internal/process/task_queues:96:5)
Thu Nov 10 2022 12:14:08 GMT-0300 (Argentina Standard Time) Error Handler: TypeError: Cannot read properties of undefined (reading 'status')
    at ExceptionManager.handleError (/home/farmageo/api.farmageo.com.ar/node_modules/@adonisjs/http-server/build/src/Server/ExceptionManager/index.js:41:39)
    at ExceptionManager.handle (/home/farmageo/api.farmageo.com.ar/node_modules/@adonisjs/http-server/build/src/Server/ExceptionManager/index.js:92:20)
    at Server.handleRequest (/home/farmageo/api.farmageo.com.ar/node_modules/@adonisjs/http-server/build/src/Server/index.js:111:34)
    at processTicksAndRejections (node:internal/process/task_queues:96:5)
Thu Nov 10 2022 12:14:08 GMT-0300 (Argentina Standard Time) Error Handler: TypeError: Cannot read properties of undefined (reading 'status')
    at ExceptionManager.handleError (/home/farmageo/api.farmageo.com.ar/node_modules/@adonisjs/http-server/build/src/Server/ExceptionManager/index.js:41:39)
    at ExceptionManager.handle (/home/farmageo/api.farmageo.com.ar/node_modules/@adonisjs/http-server/build/src/Server/ExceptionManager/index.js:92:20)
    at Server.handleRequest (/home/farmageo/api.farmageo.com.ar/node_modules/@adonisjs/http-server/build/src/Server/index.js:111:34)
    at processTicksAndRejections (node:internal/process/task_queues:96:5)
Thu Nov 10 2022 12:14:08 GMT-0300 (Argentina Standard Time) Error Handler: TypeError: Cannot read properties of undefined (reading 'status')
    at ExceptionManager.handleError (/home/farmageo/api.farmageo.com.ar/node_modules/@adonisjs/http-server/build/src/Server/ExceptionManager/index.js:41:39)
    at ExceptionManager.handle (/home/farmageo/api.farmageo.com.ar/node_modules/@adonisjs/http-server/build/src/Server/ExceptionManager/index.js:92:20)
    at Server.handleRequest (/home/farmageo/api.farmageo.com.ar/node_modules/@adonisjs/http-server/build/src/Server/index.js:111:34)
    at processTicksAndRejections (node:internal/process/task_queues:96:5)
Thu Nov 10 2022 12:14:08 GMT-0300 (Argentina Standard Time) Error Handler: TypeError: Cannot read properties of undefined (reading 'status')
    at ExceptionManager.handleError (/home/farmageo/api.farmageo.com.ar/node_modules/@adonisjs/http-server/build/src/Server/ExceptionManager/index.js:41:39)
    at ExceptionManager.handle (/home/farmageo/api.farmageo.com.ar/node_modules/@adonisjs/http-server/build/src/Server/ExceptionManager/index.js:92:20)
    at Server.handleRequest (/home/farmageo/api.farmageo.com.ar/node_modules/@adonisjs/http-server/build/src/Server/index.js:111:34)
    at processTicksAndRejections (node:internal/process/task_queues:96:5)
Thu Nov 10 2022 12:14:08 GMT-0300 (Argentina Standard Time) Error Handler: TypeError: Cannot read properties of undefined (reading 'status')
    at ExceptionManager.handleError (/home/farmageo/api.farmageo.com.ar/node_modules/@adonisjs/http-server/build/src/Server/ExceptionManager/index.js:41:39)
    at ExceptionManager.handle (/home/farmageo/api.farmageo.com.ar/node_modules/@adonisjs/http-server/build/src/Server/ExceptionManager/index.js:92:20)
    at Server.handleRequest (/home/farmageo/api.farmageo.com.ar/node_modules/@adonisjs/http-server/build/src/Server/index.js:111:34)
    at processTicksAndRejections (node:internal/process/task_queues:96:5)
Thu Nov 10 2022 12:14:08 GMT-0300 (Argentina Standard Time) Error Handler: TypeError: Cannot read properties of undefined (reading 'status')
    at ExceptionManager.handleError (/home/farmageo/api.farmageo.com.ar/node_modules/@adonisjs/http-server/build/src/Server/ExceptionManager/index.js:41:39)
    at ExceptionManager.handle (/home/farmageo/api.farmageo.com.ar/node_modules/@adonisjs/http-server/build/src/Server/ExceptionManager/index.js:92:20)
    at Server.handleRequest (/home/farmageo/api.farmageo.com.ar/node_modules/@adonisjs/http-server/build/src/Server/index.js:111:34)
    at processTicksAndRejections (node:internal/process/task_queues:96:5)
Thu Nov 10 2022 12:14:08 GMT-0300 (Argentina Standard Time) Error Handler: TypeError: Cannot read properties of undefined (reading 'status')
    at ExceptionManager.handleError (/home/farmageo/api.farmageo.com.ar/node_modules/@adonisjs/http-server/build/src/Server/ExceptionManager/index.js:41:39)
    at ExceptionManager.handle (/home/farmageo/api.farmageo.com.ar/node_modules/@adonisjs/http-server/build/src/Server/ExceptionManager/index.js:92:20)
    at Server.handleRequest (/home/farmageo/api.farmageo.com.ar/node_modules/@adonisjs/http-server/build/src/Server/index.js:111:34)
    at processTicksAndRejections (node:internal/process/task_queues:96:5)
Thu Nov 10 2022 12:14:08 GMT-0300 (Argentina Standard Time) Error Handler: TypeError: Cannot read properties of undefined (reading 'status')
    at ExceptionManager.handleError (/home/farmageo/api.farmageo.com.ar/node_modules/@adonisjs/http-server/build/src/Server/ExceptionManager/index.js:41:39)
    at ExceptionManager.handle (/home/farmageo/api.farmageo.com.ar/node_modules/@adonisjs/http-server/build/src/Server/ExceptionManager/index.js:92:20)
    at Server.handleRequest (/home/farmageo/api.farmageo.com.ar/node_modules/@adonisjs/http-server/build/src/Server/index.js:111:34)
    at processTicksAndRejections (node:internal/process/task_queues:96:5)
Thu Nov 10 2022 12:14:08 GMT-0300 (Argentina Standard Time) Error Handler: TypeError: Cannot read properties of undefined (reading 'status')
    at ExceptionManager.handleError (/home/farmageo/api.farmageo.com.ar/node_modules/@adonisjs/http-server/build/src/Server/ExceptionManager/index.js:41:39)
    at ExceptionManager.handle (/home/farmageo/api.farmageo.com.ar/node_modules/@adonisjs/http-server/build/src/Server/ExceptionManager/index.js:92:20)
    at Server.handleRequest (/home/farmageo/api.farmageo.com.ar/node_modules/@adonisjs/http-server/build/src/Server/index.js:111:34)
    at processTicksAndRejections (node:internal/process/task_queues:96:5)
Thu Nov 10 2022 12:14:08 GMT-0300 (Argentina Standard Time) Error Handler: TypeError: Cannot read properties of undefined (reading 'status')
    at ExceptionManager.handleError (/home/farmageo/api.farmageo.com.ar/node_modules/@adonisjs/http-server/build/src/Server/ExceptionManager/index.js:41:39)
    at ExceptionManager.handle (/home/farmageo/api.farmageo.com.ar/node_modules/@adonisjs/http-server/build/src/Server/ExceptionManager/index.js:92:20)
    at Server.handleRequest (/home/farmageo/api.farmageo.com.ar/node_modules/@adonisjs/http-server/build/src/Server/index.js:111:34)
    at processTicksAndRejections (node:internal/process/task_queues:96:5)
Thu Nov 10 2022 12:14:08 GMT-0300 (Argentina Standard Time) Error Handler: TypeError: Cannot read properties of undefined (reading 'status')
    at ExceptionManager.handleError (/home/farmageo/api.farmageo.com.ar/node_modules/@adonisjs/http-server/build/src/Server/ExceptionManager/index.js:41:39)
    at ExceptionManager.handle (/home/farmageo/api.farmageo.com.ar/node_modules/@adonisjs/http-server/build/src/Server/ExceptionManager/index.js:92:20)
    at Server.handleRequest (/home/farmageo/api.farmageo.com.ar/node_modules/@adonisjs/http-server/build/src/Server/index.js:111:34)
    at processTicksAndRejections (node:internal/process/task_queues:96:5)
Thu Nov 10 2022 12:14:08 GMT-0300 (Argentina Standard Time) Error Handler: TypeError: Cannot read properties of undefined (reading 'status')
    at ExceptionManager.handleError (/home/farmageo/api.farmageo.com.ar/node_modules/@adonisjs/http-server/build/src/Server/ExceptionManager/index.js:41:39)
    at ExceptionManager.handle (/home/farmageo/api.farmageo.com.ar/node_modules/@adonisjs/http-server/build/src/Server/ExceptionManager/index.js:92:20)
    at Server.handleRequest (/home/farmageo/api.farmageo.com.ar/node_modules/@adonisjs/http-server/build/src/Server/index.js:111:34)
    at processTicksAndRejections (node:internal/process/task_queues:96:5)
Thu Nov 10 2022 12:14:08 GMT-0300 (Argentina Standard Time) Error Handler: TypeError: Cannot read properties of undefined (reading 'status')
    at ExceptionManager.handleError (/home/farmageo/api.farmageo.com.ar/node_modules/@adonisjs/http-server/build/src/Server/ExceptionManager/index.js:41:39)
    at ExceptionManager.handle (/home/farmageo/api.farmageo.com.ar/node_modules/@adonisjs/http-server/build/src/Server/ExceptionManager/index.js:92:20)
    at Server.handleRequest (/home/farmageo/api.farmageo.com.ar/node_modules/@adonisjs/http-server/build/src/Server/index.js:111:34)
    at processTicksAndRejections (node:internal/process/task_queues:96:5)
Thu Nov 10 2022 12:14:08 GMT-0300 (Argentina Standard Time) Error Handler: TypeError: Cannot read properties of undefined (reading 'status')
    at ExceptionManager.handleError (/home/farmageo/api.farmageo.com.ar/node_modules/@adonisjs/http-server/build/src/Server/ExceptionManager/index.js:41:39)
    at ExceptionManager.handle (/home/farmageo/api.farmageo.com.ar/node_modules/@adonisjs/http-server/build/src/Server/ExceptionManager/index.js:92:20)
    at Server.handleRequest (/home/farmageo/api.farmageo.com.ar/node_modules/@adonisjs/http-server/build/src/Server/index.js:111:34)
    at processTicksAndRejections (node:internal/process/task_queues:96:5)
Thu Nov 10 2022 12:14:08 GMT-0300 (Argentina Standard Time) Error Handler: TypeError: Cannot read properties of undefined (reading 'status')
    at ExceptionManager.handleError (/home/farmageo/api.farmageo.com.ar/node_modules/@adonisjs/http-server/build/src/Server/ExceptionManager/index.js:41:39)
    at ExceptionManager.handle (/home/farmageo/api.farmageo.com.ar/node_modules/@adonisjs/http-server/build/src/Server/ExceptionManager/index.js:92:20)
    at Server.handleRequest (/home/farmageo/api.farmageo.com.ar/node_modules/@adonisjs/http-server/build/src/Server/index.js:111:34)
    at processTicksAndRejections (node:internal/process/task_queues:96:5)
Thu Nov 10 2022 12:14:08 GMT-0300 (Argentina Standard Time) Error Handler: TypeError: Cannot read properties of undefined (reading 'status')
    at ExceptionManager.handleError (/home/farmageo/api.farmageo.com.ar/node_modules/@adonisjs/http-server/build/src/Server/ExceptionManager/index.js:41:39)
    at ExceptionManager.handle (/home/farmageo/api.farmageo.com.ar/node_modules/@adonisjs/http-server/build/src/Server/ExceptionManager/index.js:92:20)
    at Server.handleRequest (/home/farmageo/api.farmageo.com.ar/node_modules/@adonisjs/http-server/build/src/Server/index.js:111:34)
    at processTicksAndRejections (node:internal/process/task_queues:96:5)
Thu Nov 10 2022 12:14:08 GMT-0300 (Argentina Standard Time) Error Handler: TypeError: Cannot read properties of undefined (reading 'status')
    at ExceptionManager.handleError (/home/farmageo/api.farmageo.com.ar/node_modules/@adonisjs/http-server/build/src/Server/ExceptionManager/index.js:41:39)
    at ExceptionManager.handle (/home/farmageo/api.farmageo.com.ar/node_modules/@adonisjs/http-server/build/src/Server/ExceptionManager/index.js:92:20)
    at Server.handleRequest (/home/farmageo/api.farmageo.com.ar/node_modules/@adonisjs/http-server/build/src/Server/index.js:111:34)
    at processTicksAndRejections (node:internal/process/task_queues:96:5)
Thu Nov 10 2022 12:14:08 GMT-0300 (Argentina Standard Time) Error Handler: TypeError: Cannot read properties of undefined (reading 'status')
    at ExceptionManager.handleError (/home/farmageo/api.farmageo.com.ar/node_modules/@adonisjs/http-server/build/src/Server/ExceptionManager/index.js:41:39)
    at ExceptionManager.handle (/home/farmageo/api.farmageo.com.ar/node_modules/@adonisjs/http-server/build/src/Server/ExceptionManager/index.js:92:20)
    at Server.handleRequest (/home/farmageo/api.farmageo.com.ar/node_modules/@adonisjs/http-server/build/src/Server/index.js:111:34)
    at processTicksAndRejections (node:internal/process/task_queues:96:5)
Thu Nov 10 2022 12:14:08 GMT-0300 (Argentina Standard Time) Error Handler: TypeError: Cannot read properties of undefined (reading 'status')
    at ExceptionManager.handleError (/home/farmageo/api.farmageo.com.ar/node_modules/@adonisjs/http-server/build/src/Server/ExceptionManager/index.js:41:39)
    at ExceptionManager.handle (/home/farmageo/api.farmageo.com.ar/node_modules/@adonisjs/http-server/build/src/Server/ExceptionManager/index.js:92:20)
    at Server.handleRequest (/home/farmageo/api.farmageo.com.ar/node_modules/@adonisjs/http-server/build/src/Server/index.js:111:34)
    at processTicksAndRejections (node:internal/process/task_queues:96:5)
Thu Nov 10 2022 12:14:08 GMT-0300 (Argentina Standard Time) Error Handler: TypeError: Cannot read properties of undefined (reading 'status')
    at ExceptionManager.handleError (/home/farmageo/api.farmageo.com.ar/node_modules/@adonisjs/http-server/build/src/Server/ExceptionManager/index.js:41:39)
    at ExceptionManager.handle (/home/farmageo/api.farmageo.com.ar/node_modules/@adonisjs/http-server/build/src/Server/ExceptionManager/index.js:92:20)
    at Server.handleRequest (/home/farmageo/api.farmageo.com.ar/node_modules/@adonisjs/http-server/build/src/Server/index.js:111:34)
    at processTicksAndRejections (node:internal/process/task_queues:96:5)
Thu Nov 10 2022 12:14:09 GMT-0300 (Argentina Standard Time) Error Handler: TypeError: Cannot read properties of undefined (reading 'status')
    at ExceptionManager.handleError (/home/farmageo/api.farmageo.com.ar/node_modules/@adonisjs/http-server/build/src/Server/ExceptionManager/index.js:41:39)
    at ExceptionManager.handle (/home/farmageo/api.farmageo.com.ar/node_modules/@adonisjs/http-server/build/src/Server/ExceptionManager/index.js:92:20)
    at Server.handleRequest (/home/farmageo/api.farmageo.com.ar/node_modules/@adonisjs/http-server/build/src/Server/index.js:111:34)
    at processTicksAndRejections (node:internal/process/task_queues:96:5)
Thu Nov 10 2022 12:14:09 GMT-0300 (Argentina Standard Time) Error Handler: TypeError: Cannot read properties of undefined (reading 'status')
    at ExceptionManager.handleError (/home/farmageo/api.farmageo.com.ar/node_modules/@adonisjs/http-server/build/src/Server/ExceptionManager/index.js:41:39)
    at ExceptionManager.handle (/home/farmageo/api.farmageo.com.ar/node_modules/@adonisjs/http-server/build/src/Server/ExceptionManager/index.js:92:20)
    at Server.handleRequest (/home/farmageo/api.farmageo.com.ar/node_modules/@adonisjs/http-server/build/src/Server/index.js:111:34)
    at processTicksAndRejections (node:internal/process/task_queues:96:5)
Thu Nov 10 2022 12:14:09 GMT-0300 (Argentina Standard Time) Error Handler: TypeError: Cannot read properties of undefined (reading 'status')
    at ExceptionManager.handleError (/home/farmageo/api.farmageo.com.ar/node_modules/@adonisjs/http-server/build/src/Server/ExceptionManager/index.js:41:39)
    at ExceptionManager.handle (/home/farmageo/api.farmageo.com.ar/node_modules/@adonisjs/http-server/build/src/Server/ExceptionManager/index.js:92:20)
    at Server.handleRequest (/home/farmageo/api.farmageo.com.ar/node_modules/@adonisjs/http-server/build/src/Server/index.js:111:34)
    at processTicksAndRejections (node:internal/process/task_queues:96:5)
Thu Nov 10 2022 12:14:09 GMT-0300 (Argentina Standard Time) Error Handler: TypeError: Cannot read properties of undefined (reading 'status')
    at ExceptionManager.handleError (/home/farmageo/api.farmageo.com.ar/node_modules/@adonisjs/http-server/build/src/Server/ExceptionManager/index.js:41:39)
    at ExceptionManager.handle (/home/farmageo/api.farmageo.com.ar/node_modules/@adonisjs/http-server/build/src/Server/ExceptionManager/index.js:92:20)
    at Server.handleRequest (/home/farmageo/api.farmageo.com.ar/node_modules/@adonisjs/http-server/build/src/Server/index.js:111:34)
    at processTicksAndRejections (node:internal/process/task_queues:96:5)
Thu Nov 10 2022 12:14:09 GMT-0300 (Argentina Standard Time) Error Handler: TypeError: Cannot read properties of undefined (reading 'status')
    at ExceptionManager.handleError (/home/farmageo/api.farmageo.com.ar/node_modules/@adonisjs/http-server/build/src/Server/ExceptionManager/index.js:41:39)
    at ExceptionManager.handle (/home/farmageo/api.farmageo.com.ar/node_modules/@adonisjs/http-server/build/src/Server/ExceptionManager/index.js:92:20)
    at Server.handleRequest (/home/farmageo/api.farmageo.com.ar/node_modules/@adonisjs/http-server/build/src/Server/index.js:111:34)
    at processTicksAndRejections (node:internal/process/task_queues:96:5)
Thu Nov 10 2022 12:14:09 GMT-0300 (Argentina Standard Time) Error Handler: TypeError: Cannot read properties of undefined (reading 'status')
    at ExceptionManager.handleError (/home/farmageo/api.farmageo.com.ar/node_modules/@adonisjs/http-server/build/src/Server/ExceptionManager/index.js:41:39)
    at ExceptionManager.handle (/home/farmageo/api.farmageo.com.ar/node_modules/@adonisjs/http-server/build/src/Server/ExceptionManager/index.js:92:20)
    at Server.handleRequest (/home/farmageo/api.farmageo.com.ar/node_modules/@adonisjs/http-server/build/src/Server/index.js:111:34)
    at processTicksAndRejections (node:internal/process/task_queues:96:5)
Thu Nov 10 2022 12:14:09 GMT-0300 (Argentina Standard Time) Error Handler: TypeError: Cannot read properties of undefined (reading 'status')
    at ExceptionManager.handleError (/home/farmageo/api.farmageo.com.ar/node_modules/@adonisjs/http-server/build/src/Server/ExceptionManager/index.js:41:39)
    at ExceptionManager.handle (/home/farmageo/api.farmageo.com.ar/node_modules/@adonisjs/http-server/build/src/Server/ExceptionManager/index.js:92:20)
    at Server.handleRequest (/home/farmageo/api.farmageo.com.ar/node_modules/@adonisjs/http-server/build/src/Server/index.js:111:34)
    at processTicksAndRejections (node:internal/process/task_queues:96:5)
Thu Nov 10 2022 12:14:09 GMT-0300 (Argentina Standard Time) Error Handler: TypeError: Cannot read properties of undefined (reading 'status')
    at ExceptionManager.handleError (/home/farmageo/api.farmageo.com.ar/node_modules/@adonisjs/http-server/build/src/Server/ExceptionManager/index.js:41:39)
    at ExceptionManager.handle (/home/farmageo/api.farmageo.com.ar/node_modules/@adonisjs/http-server/build/src/Server/ExceptionManager/index.js:92:20)
    at Server.handleRequest (/home/farmageo/api.farmageo.com.ar/node_modules/@adonisjs/http-server/build/src/Server/index.js:111:34)
    at processTicksAndRejections (node:internal/process/task_queues:96:5)
Thu Nov 10 2022 12:14:09 GMT-0300 (Argentina Standard Time) Error Handler: TypeError: Cannot read properties of undefined (reading 'status')
    at ExceptionManager.handleError (/home/farmageo/api.farmageo.com.ar/node_modules/@adonisjs/http-server/build/src/Server/ExceptionManager/index.js:41:39)
    at ExceptionManager.handle (/home/farmageo/api.farmageo.com.ar/node_modules/@adonisjs/http-server/build/src/Server/ExceptionManager/index.js:92:20)
    at Server.handleRequest (/home/farmageo/api.farmageo.com.ar/node_modules/@adonisjs/http-server/build/src/Server/index.js:111:34)
    at processTicksAndRejections (node:internal/process/task_queues:96:5)
Thu Nov 10 2022 12:14:09 GMT-0300 (Argentina Standard Time) Error Handler: TypeError: Cannot read properties of undefined (reading 'status')
    at ExceptionManager.handleError (/home/farmageo/api.farmageo.com.ar/node_modules/@adonisjs/http-server/build/src/Server/ExceptionManager/index.js:41:39)
    at ExceptionManager.handle (/home/farmageo/api.farmageo.com.ar/node_modules/@adonisjs/http-server/build/src/Server/ExceptionManager/index.js:92:20)
    at Server.handleRequest (/home/farmageo/api.farmageo.com.ar/node_modules/@adonisjs/http-server/build/src/Server/index.js:111:34)
    at processTicksAndRejections (node:internal/process/task_queues:96:5)
Thu Nov 10 2022 12:14:09 GMT-0300 (Argentina Standard Time) Error Handler: TypeError: Cannot read properties of undefined (reading 'status')
    at ExceptionManager.handleError (/home/farmageo/api.farmageo.com.ar/node_modules/@adonisjs/http-server/build/src/Server/ExceptionManager/index.js:41:39)
    at ExceptionManager.handle (/home/farmageo/api.farmageo.com.ar/node_modules/@adonisjs/http-server/build/src/Server/ExceptionManager/index.js:92:20)
    at Server.handleRequest (/home/farmageo/api.farmageo.com.ar/node_modules/@adonisjs/http-server/build/src/Server/index.js:111:34)
    at processTicksAndRejections (node:internal/process/task_queues:96:5)
Thu Nov 10 2022 12:14:09 GMT-0300 (Argentina Standard Time) Error Handler: TypeError: Cannot read properties of undefined (reading 'status')
    at ExceptionManager.handleError (/home/farmageo/api.farmageo.com.ar/node_modules/@adonisjs/http-server/build/src/Server/ExceptionManager/index.js:41:39)
    at ExceptionManager.handle (/home/farmageo/api.farmageo.com.ar/node_modules/@adonisjs/http-server/build/src/Server/ExceptionManager/index.js:92:20)
    at Server.handleRequest (/home/farmageo/api.farmageo.com.ar/node_modules/@adonisjs/http-server/build/src/Server/index.js:111:34)
    at processTicksAndRejections (node:internal/process/task_queues:96:5)
Thu Nov 10 2022 12:14:09 GMT-0300 (Argentina Standard Time) Error Handler: TypeError: Cannot read properties of undefined (reading 'status')
    at ExceptionManager.handleError (/home/farmageo/api.farmageo.com.ar/node_modules/@adonisjs/http-server/build/src/Server/ExceptionManager/index.js:41:39)
    at ExceptionManager.handle (/home/farmageo/api.farmageo.com.ar/node_modules/@adonisjs/http-server/build/src/Server/ExceptionManager/index.js:92:20)
    at Server.handleRequest (/home/farmageo/api.farmageo.com.ar/node_modules/@adonisjs/http-server/build/src/Server/index.js:111:34)
    at processTicksAndRejections (node:internal/process/task_queues:96:5)
Thu Nov 10 2022 12:14:09 GMT-0300 (Argentina Standard Time) Error Handler: TypeError: Cannot read properties of undefined (reading 'status')
    at ExceptionManager.handleError (/home/farmageo/api.farmageo.com.ar/node_modules/@adonisjs/http-server/build/src/Server/ExceptionManager/index.js:41:39)
    at ExceptionManager.handle (/home/farmageo/api.farmageo.com.ar/node_modules/@adonisjs/http-server/build/src/Server/ExceptionManager/index.js:92:20)
    at Server.handleRequest (/home/farmageo/api.farmageo.com.ar/node_modules/@adonisjs/http-server/build/src/Server/index.js:111:34)
    at processTicksAndRejections (node:internal/process/task_queues:96:5)
Thu Nov 10 2022 12:14:09 GMT-0300 (Argentina Standard Time) Error Handler: TypeError: Cannot read properties of undefined (reading 'status')
    at ExceptionManager.handleError (/home/farmageo/api.farmageo.com.ar/node_modules/@adonisjs/http-server/build/src/Server/ExceptionManager/index.js:41:39)
    at ExceptionManager.handle (/home/farmageo/api.farmageo.com.ar/node_modules/@adonisjs/http-server/build/src/Server/ExceptionManager/index.js:92:20)
    at Server.handleRequest (/home/farmageo/api.farmageo.com.ar/node_modules/@adonisjs/http-server/build/src/Server/index.js:111:34)
    at processTicksAndRejections (node:internal/process/task_queues:96:5)
Thu Nov 10 2022 12:14:09 GMT-0300 (Argentina Standard Time) Error Handler: TypeError: Cannot read properties of undefined (reading 'status')
    at ExceptionManager.handleError (/home/farmageo/api.farmageo.com.ar/node_modules/@adonisjs/http-server/build/src/Server/ExceptionManager/index.js:41:39)
    at ExceptionManager.handle (/home/farmageo/api.farmageo.com.ar/node_modules/@adonisjs/http-server/build/src/Server/ExceptionManager/index.js:92:20)
    at Server.handleRequest (/home/farmageo/api.farmageo.com.ar/node_modules/@adonisjs/http-server/build/src/Server/index.js:111:34)
    at processTicksAndRejections (node:internal/process/task_queues:96:5)
Thu Nov 10 2022 12:14:09 GMT-0300 (Argentina Standard Time) Error Handler: TypeError: Cannot read properties of undefined (reading 'status')
    at ExceptionManager.handleError (/home/farmageo/api.farmageo.com.ar/node_modules/@adonisjs/http-server/build/src/Server/ExceptionManager/index.js:41:39)
    at ExceptionManager.handle (/home/farmageo/api.farmageo.com.ar/node_modules/@adonisjs/http-server/build/src/Server/ExceptionManager/index.js:92:20)
    at Server.handleRequest (/home/farmageo/api.farmageo.com.ar/node_modules/@adonisjs/http-server/build/src/Server/index.js:111:34)
    at processTicksAndRejections (node:internal/process/task_queues:96:5)
Thu Nov 10 2022 12:14:09 GMT-0300 (Argentina Standard Time) Error Handler: TypeError: Cannot read properties of undefined (reading 'status')
    at ExceptionManager.handleError (/home/farmageo/api.farmageo.com.ar/node_modules/@adonisjs/http-server/build/src/Server/ExceptionManager/index.js:41:39)
    at ExceptionManager.handle (/home/farmageo/api.farmageo.com.ar/node_modules/@adonisjs/http-server/build/src/Server/ExceptionManager/index.js:92:20)
    at Server.handleRequest (/home/farmageo/api.farmageo.com.ar/node_modules/@adonisjs/http-server/build/src/Server/index.js:111:34)
    at processTicksAndRejections (node:internal/process/task_queues:96:5)
Thu Nov 10 2022 12:14:09 GMT-0300 (Argentina Standard Time) Error Handler: TypeError: Cannot read properties of undefined (reading 'status')
    at ExceptionManager.handleError (/home/farmageo/api.farmageo.com.ar/node_modules/@adonisjs/http-server/build/src/Server/ExceptionManager/index.js:41:39)
    at ExceptionManager.handle (/home/farmageo/api.farmageo.com.ar/node_modules/@adonisjs/http-server/build/src/Server/ExceptionManager/index.js:92:20)
    at Server.handleRequest (/home/farmageo/api.farmageo.com.ar/node_modules/@adonisjs/http-server/build/src/Server/index.js:111:34)
    at processTicksAndRejections (node:internal/process/task_queues:96:5)
Thu Nov 10 2022 12:14:09 GMT-0300 (Argentina Standard Time) Error Handler: TypeError: Cannot read properties of undefined (reading 'status')
    at ExceptionManager.handleError (/home/farmageo/api.farmageo.com.ar/node_modules/@adonisjs/http-server/build/src/Server/ExceptionManager/index.js:41:39)
    at ExceptionManager.handle (/home/farmageo/api.farmageo.com.ar/node_modules/@adonisjs/http-server/build/src/Server/ExceptionManager/index.js:92:20)
    at Server.handleRequest (/home/farmageo/api.farmageo.com.ar/node_modules/@adonisjs/http-server/build/src/Server/index.js:111:34)
    at processTicksAndRejections (node:internal/process/task_queues:96:5)
Thu Nov 10 2022 12:14:09 GMT-0300 (Argentina Standard Time) Error Handler: TypeError: Cannot read properties of undefined (reading 'status')
    at ExceptionManager.handleError (/home/farmageo/api.farmageo.com.ar/node_modules/@adonisjs/http-server/build/src/Server/ExceptionManager/index.js:41:39)
    at ExceptionManager.handle (/home/farmageo/api.farmageo.com.ar/node_modules/@adonisjs/http-server/build/src/Server/ExceptionManager/index.js:92:20)
    at Server.handleRequest (/home/farmageo/api.farmageo.com.ar/node_modules/@adonisjs/http-server/build/src/Server/index.js:111:34)
    at processTicksAndRejections (node:internal/process/task_queues:96:5)
Thu Nov 10 2022 12:14:09 GMT-0300 (Argentina Standard Time) Error Handler: TypeError: Cannot read properties of undefined (reading 'status')
    at ExceptionManager.handleError (/home/farmageo/api.farmageo.com.ar/node_modules/@adonisjs/http-server/build/src/Server/ExceptionManager/index.js:41:39)
    at ExceptionManager.handle (/home/farmageo/api.farmageo.com.ar/node_modules/@adonisjs/http-server/build/src/Server/ExceptionManager/index.js:92:20)
    at Server.handleRequest (/home/farmageo/api.farmageo.com.ar/node_modules/@adonisjs/http-server/build/src/Server/index.js:111:34)
    at processTicksAndRejections (node:internal/process/task_queues:96:5)
Thu Nov 10 2022 12:14:09 GMT-0300 (Argentina Standard Time) Error Handler: TypeError: Cannot read properties of undefined (reading 'status')
    at ExceptionManager.handleError (/home/farmageo/api.farmageo.com.ar/node_modules/@adonisjs/http-server/build/src/Server/ExceptionManager/index.js:41:39)
    at ExceptionManager.handle (/home/farmageo/api.farmageo.com.ar/node_modules/@adonisjs/http-server/build/src/Server/ExceptionManager/index.js:92:20)
    at Server.handleRequest (/home/farmageo/api.farmageo.com.ar/node_modules/@adonisjs/http-server/build/src/Server/index.js:111:34)
    at processTicksAndRejections (node:internal/process/task_queues:96:5)
Thu Nov 10 2022 12:14:09 GMT-0300 (Argentina Standard Time) Error Handler: TypeError: Cannot read properties of undefined (reading 'status')
    at ExceptionManager.handleError (/home/farmageo/api.farmageo.com.ar/node_modules/@adonisjs/http-server/build/src/Server/ExceptionManager/index.js:41:39)
    at ExceptionManager.handle (/home/farmageo/api.farmageo.com.ar/node_modules/@adonisjs/http-server/build/src/Server/ExceptionManager/index.js:92:20)
    at Server.handleRequest (/home/farmageo/api.farmageo.com.ar/node_modules/@adonisjs/http-server/build/src/Server/index.js:111:34)
    at processTicksAndRejections (node:internal/process/task_queues:96:5)
Thu Nov 10 2022 12:14:09 GMT-0300 (Argentina Standard Time) Error Handler: TypeError: Cannot read properties of undefined (reading 'status')
    at ExceptionManager.handleError (/home/farmageo/api.farmageo.com.ar/node_modules/@adonisjs/http-server/build/src/Server/ExceptionManager/index.js:41:39)
    at ExceptionManager.handle (/home/farmageo/api.farmageo.com.ar/node_modules/@adonisjs/http-server/build/src/Server/ExceptionManager/index.js:92:20)
    at Server.handleRequest (/home/farmageo/api.farmageo.com.ar/node_modules/@adonisjs/http-server/build/src/Server/index.js:111:34)
    at processTicksAndRejections (node:internal/process/task_queues:96:5)
Thu Nov 10 2022 12:14:09 GMT-0300 (Argentina Standard Time) Error Handler: TypeError: Cannot read properties of undefined (reading 'status')
    at ExceptionManager.handleError (/home/farmageo/api.farmageo.com.ar/node_modules/@adonisjs/http-server/build/src/Server/ExceptionManager/index.js:41:39)
    at ExceptionManager.handle (/home/farmageo/api.farmageo.com.ar/node_modules/@adonisjs/http-server/build/src/Server/ExceptionManager/index.js:92:20)
    at Server.handleRequest (/home/farmageo/api.farmageo.com.ar/node_modules/@adonisjs/http-server/build/src/Server/index.js:111:34)
    at processTicksAndRejections (node:internal/process/task_queues:96:5)
Thu Nov 10 2022 12:14:09 GMT-0300 (Argentina Standard Time) Error Handler: TypeError: Cannot read properties of undefined (reading 'status')
    at ExceptionManager.handleError (/home/farmageo/api.farmageo.com.ar/node_modules/@adonisjs/http-server/build/src/Server/ExceptionManager/index.js:41:39)
    at ExceptionManager.handle (/home/farmageo/api.farmageo.com.ar/node_modules/@adonisjs/http-server/build/src/Server/ExceptionManager/index.js:92:20)
    at Server.handleRequest (/home/farmageo/api.farmageo.com.ar/node_modules/@adonisjs/http-server/build/src/Server/index.js:111:34)
    at processTicksAndRejections (node:internal/process/task_queues:96:5)
Thu Nov 10 2022 12:14:09 GMT-0300 (Argentina Standard Time) Error Handler: TypeError: Cannot read properties of undefined (reading 'status')
    at ExceptionManager.handleError (/home/farmageo/api.farmageo.com.ar/node_modules/@adonisjs/http-server/build/src/Server/ExceptionManager/index.js:41:39)
    at ExceptionManager.handle (/home/farmageo/api.farmageo.com.ar/node_modules/@adonisjs/http-server/build/src/Server/ExceptionManager/index.js:92:20)
    at Server.handleRequest (/home/farmageo/api.farmageo.com.ar/node_modules/@adonisjs/http-server/build/src/Server/index.js:111:34)
    at processTicksAndRejections (node:internal/process/task_queues:96:5)
Thu Nov 10 2022 12:14:09 GMT-0300 (Argentina Standard Time) Error Handler: TypeError: Cannot read properties of undefined (reading 'status')
    at ExceptionManager.handleError (/home/farmageo/api.farmageo.com.ar/node_modules/@adonisjs/http-server/build/src/Server/ExceptionManager/index.js:41:39)
    at ExceptionManager.handle (/home/farmageo/api.farmageo.com.ar/node_modules/@adonisjs/http-server/build/src/Server/ExceptionManager/index.js:92:20)
    at Server.handleRequest (/home/farmageo/api.farmageo.com.ar/node_modules/@adonisjs/http-server/build/src/Server/index.js:111:34)
    at processTicksAndRejections (node:internal/process/task_queues:96:5)
Thu Nov 10 2022 12:14:09 GMT-0300 (Argentina Standard Time) Error Handler: TypeError: Cannot read properties of undefined (reading 'status')
    at ExceptionManager.handleError (/home/farmageo/api.farmageo.com.ar/node_modules/@adonisjs/http-server/build/src/Server/ExceptionManager/index.js:41:39)
    at ExceptionManager.handle (/home/farmageo/api.farmageo.com.ar/node_modules/@adonisjs/http-server/build/src/Server/ExceptionManager/index.js:92:20)
    at Server.handleRequest (/home/farmageo/api.farmageo.com.ar/node_modules/@adonisjs/http-server/build/src/Server/index.js:111:34)
    at processTicksAndRejections (node:internal/process/task_queues:96:5)
Thu Nov 10 2022 12:14:09 GMT-0300 (Argentina Standard Time) Error Handler: TypeError: Cannot read properties of undefined (reading 'status')
    at ExceptionManager.handleError (/home/farmageo/api.farmageo.com.ar/node_modules/@adonisjs/http-server/build/src/Server/ExceptionManager/index.js:41:39)
    at ExceptionManager.handle (/home/farmageo/api.farmageo.com.ar/node_modules/@adonisjs/http-server/build/src/Server/ExceptionManager/index.js:92:20)
    at Server.handleRequest (/home/farmageo/api.farmageo.com.ar/node_modules/@adonisjs/http-server/build/src/Server/index.js:111:34)
    at processTicksAndRejections (node:internal/process/task_queues:96:5)
Thu Nov 10 2022 12:14:09 GMT-0300 (Argentina Standard Time) Error Handler: TypeError: Cannot read properties of undefined (reading 'status')
    at ExceptionManager.handleError (/home/farmageo/api.farmageo.com.ar/node_modules/@adonisjs/http-server/build/src/Server/ExceptionManager/index.js:41:39)
    at ExceptionManager.handle (/home/farmageo/api.farmageo.com.ar/node_modules/@adonisjs/http-server/build/src/Server/ExceptionManager/index.js:92:20)
    at Server.handleRequest (/home/farmageo/api.farmageo.com.ar/node_modules/@adonisjs/http-server/build/src/Server/index.js:111:34)
    at processTicksAndRejections (node:internal/process/task_queues:96:5)
Thu Nov 10 2022 12:14:09 GMT-0300 (Argentina Standard Time) Error Handler: TypeError: Cannot read properties of undefined (reading 'status')
    at ExceptionManager.handleError (/home/farmageo/api.farmageo.com.ar/node_modules/@adonisjs/http-server/build/src/Server/ExceptionManager/index.js:41:39)
    at ExceptionManager.handle (/home/farmageo/api.farmageo.com.ar/node_modules/@adonisjs/http-server/build/src/Server/ExceptionManager/index.js:92:20)
    at Server.handleRequest (/home/farmageo/api.farmageo.com.ar/node_modules/@adonisjs/http-server/build/src/Server/index.js:111:34)
    at processTicksAndRejections (node:internal/process/task_queues:96:5)
Thu Nov 10 2022 12:14:09 GMT-0300 (Argentina Standard Time) Error Handler: TypeError: Cannot read properties of undefined (reading 'status')
    at ExceptionManager.handleError (/home/farmageo/api.farmageo.com.ar/node_modules/@adonisjs/http-server/build/src/Server/ExceptionManager/index.js:41:39)
    at ExceptionManager.handle (/home/farmageo/api.farmageo.com.ar/node_modules/@adonisjs/http-server/build/src/Server/ExceptionManager/index.js:92:20)
    at Server.handleRequest (/home/farmageo/api.farmageo.com.ar/node_modules/@adonisjs/http-server/build/src/Server/index.js:111:34)
    at processTicksAndRejections (node:internal/process/task_queues:96:5)
Thu Nov 10 2022 12:14:09 GMT-0300 (Argentina Standard Time) Error Handler: TypeError: Cannot read properties of undefined (reading 'status')
    at ExceptionManager.handleError (/home/farmageo/api.farmageo.com.ar/node_modules/@adonisjs/http-server/build/src/Server/ExceptionManager/index.js:41:39)
    at ExceptionManager.handle (/home/farmageo/api.farmageo.com.ar/node_modules/@adonisjs/http-server/build/src/Server/ExceptionManager/index.js:92:20)
    at Server.handleRequest (/home/farmageo/api.farmageo.com.ar/node_modules/@adonisjs/http-server/build/src/Server/index.js:111:34)
    at processTicksAndRejections (node:internal/process/task_queues:96:5)
Thu Nov 10 2022 12:14:09 GMT-0300 (Argentina Standard Time) Error Handler: TypeError: Cannot read properties of undefined (reading 'status')
    at ExceptionManager.handleError (/home/farmageo/api.farmageo.com.ar/node_modules/@adonisjs/http-server/build/src/Server/ExceptionManager/index.js:41:39)
    at ExceptionManager.handle (/home/farmageo/api.farmageo.com.ar/node_modules/@adonisjs/http-server/build/src/Server/ExceptionManager/index.js:92:20)
    at Server.handleRequest (/home/farmageo/api.farmageo.com.ar/node_modules/@adonisjs/http-server/build/src/Server/index.js:111:34)
    at processTicksAndRejections (node:internal/process/task_queues:96:5)
Thu Nov 10 2022 12:14:09 GMT-0300 (Argentina Standard Time) Error Handler: TypeError: Cannot read properties of undefined (reading 'status')
    at ExceptionManager.handleError (/home/farmageo/api.farmageo.com.ar/node_modules/@adonisjs/http-server/build/src/Server/ExceptionManager/index.js:41:39)
    at ExceptionManager.handle (/home/farmageo/api.farmageo.com.ar/node_modules/@adonisjs/http-server/build/src/Server/ExceptionManager/index.js:92:20)
    at Server.handleRequest (/home/farmageo/api.farmageo.com.ar/node_modules/@adonisjs/http-server/build/src/Server/index.js:111:34)
    at processTicksAndRejections (node:internal/process/task_queues:96:5)
Thu Nov 10 2022 12:14:09 GMT-0300 (Argentina Standard Time) Error Handler: TypeError: Cannot read properties of undefined (reading 'status')
    at ExceptionManager.handleError (/home/farmageo/api.farmageo.com.ar/node_modules/@adonisjs/http-server/build/src/Server/ExceptionManager/index.js:41:39)
    at ExceptionManager.handle (/home/farmageo/api.farmageo.com.ar/node_modules/@adonisjs/http-server/build/src/Server/ExceptionManager/index.js:92:20)
    at Server.handleRequest (/home/farmageo/api.farmageo.com.ar/node_modules/@adonisjs/http-server/build/src/Server/index.js:111:34)
    at processTicksAndRejections (node:internal/process/task_queues:96:5)
Thu Nov 10 2022 12:14:09 GMT-0300 (Argentina Standard Time) Error Handler: TypeError: Cannot read properties of undefined (reading 'status')
    at ExceptionManager.handleError (/home/farmageo/api.farmageo.com.ar/node_modules/@adonisjs/http-server/build/src/Server/ExceptionManager/index.js:41:39)
    at ExceptionManager.handle (/home/farmageo/api.farmageo.com.ar/node_modules/@adonisjs/http-server/build/src/Server/ExceptionManager/index.js:92:20)
    at Server.handleRequest (/home/farmageo/api.farmageo.com.ar/node_modules/@adonisjs/http-server/build/src/Server/index.js:111:34)
    at processTicksAndRejections (node:internal/process/task_queues:96:5)
Thu Nov 10 2022 12:14:09 GMT-0300 (Argentina Standard Time) Error Handler: TypeError: Cannot read properties of undefined (reading 'status')
    at ExceptionManager.handleError (/home/farmageo/api.farmageo.com.ar/node_modules/@adonisjs/http-server/build/src/Server/ExceptionManager/index.js:41:39)
    at ExceptionManager.handle (/home/farmageo/api.farmageo.com.ar/node_modules/@adonisjs/http-server/build/src/Server/ExceptionManager/index.js:92:20)
    at Server.handleRequest (/home/farmageo/api.farmageo.com.ar/node_modules/@adonisjs/http-server/build/src/Server/index.js:111:34)
    at processTicksAndRejections (node:internal/process/task_queues:96:5)
Thu Nov 10 2022 12:14:09 GMT-0300 (Argentina Standard Time) Error Handler: TypeError: Cannot read properties of undefined (reading 'status')
    at ExceptionManager.handleError (/home/farmageo/api.farmageo.com.ar/node_modules/@adonisjs/http-server/build/src/Server/ExceptionManager/index.js:41:39)
    at ExceptionManager.handle (/home/farmageo/api.farmageo.com.ar/node_modules/@adonisjs/http-server/build/src/Server/ExceptionManager/index.js:92:20)
    at Server.handleRequest (/home/farmageo/api.farmageo.com.ar/node_modules/@adonisjs/http-server/build/src/Server/index.js:111:34)
    at processTicksAndRejections (node:internal/process/task_queues:96:5)
Thu Nov 10 2022 12:14:09 GMT-0300 (Argentina Standard Time) Error Handler: TypeError: Cannot read properties of undefined (reading 'status')
    at ExceptionManager.handleError (/home/farmageo/api.farmageo.com.ar/node_modules/@adonisjs/http-server/build/src/Server/ExceptionManager/index.js:41:39)
    at ExceptionManager.handle (/home/farmageo/api.farmageo.com.ar/node_modules/@adonisjs/http-server/build/src/Server/ExceptionManager/index.js:92:20)
    at Server.handleRequest (/home/farmageo/api.farmageo.com.ar/node_modules/@adonisjs/http-server/build/src/Server/index.js:111:34)
    at processTicksAndRejections (node:internal/process/task_queues:96:5)
Thu Nov 10 2022 12:14:09 GMT-0300 (Argentina Standard Time) Error Handler: TypeError: Cannot read properties of undefined (reading 'status')
    at ExceptionManager.handleError (/home/farmageo/api.farmageo.com.ar/node_modules/@adonisjs/http-server/build/src/Server/ExceptionManager/index.js:41:39)
    at ExceptionManager.handle (/home/farmageo/api.farmageo.com.ar/node_modules/@adonisjs/http-server/build/src/Server/ExceptionManager/index.js:92:20)
    at Server.handleRequest (/home/farmageo/api.farmageo.com.ar/node_modules/@adonisjs/http-server/build/src/Server/index.js:111:34)
    at processTicksAndRejections (node:internal/process/task_queues:96:5)
Thu Nov 10 2022 12:14:09 GMT-0300 (Argentina Standard Time) Error Handler: TypeError: Cannot read properties of undefined (reading 'status')
    at ExceptionManager.handleError (/home/farmageo/api.farmageo.com.ar/node_modules/@adonisjs/http-server/build/src/Server/ExceptionManager/index.js:41:39)
    at ExceptionManager.handle (/home/farmageo/api.farmageo.com.ar/node_modules/@adonisjs/http-server/build/src/Server/ExceptionManager/index.js:92:20)
    at Server.handleRequest (/home/farmageo/api.farmageo.com.ar/node_modules/@adonisjs/http-server/build/src/Server/index.js:111:34)
    at processTicksAndRejections (node:internal/process/task_queues:96:5)
Thu Nov 10 2022 12:14:09 GMT-0300 (Argentina Standard Time) Error Handler: TypeError: Cannot read properties of undefined (reading 'status')
    at ExceptionManager.handleError (/home/farmageo/api.farmageo.com.ar/node_modules/@adonisjs/http-server/build/src/Server/ExceptionManager/index.js:41:39)
    at ExceptionManager.handle (/home/farmageo/api.farmageo.com.ar/node_modules/@adonisjs/http-server/build/src/Server/ExceptionManager/index.js:92:20)
    at Server.handleRequest (/home/farmageo/api.farmageo.com.ar/node_modules/@adonisjs/http-server/build/src/Server/index.js:111:34)
    at processTicksAndRejections (node:internal/process/task_queues:96:5)
Thu Nov 10 2022 12:14:09 GMT-0300 (Argentina Standard Time) Error Handler: TypeError: Cannot read properties of undefined (reading 'status')
    at ExceptionManager.handleError (/home/farmageo/api.farmageo.com.ar/node_modules/@adonisjs/http-server/build/src/Server/ExceptionManager/index.js:41:39)
    at ExceptionManager.handle (/home/farmageo/api.farmageo.com.ar/node_modules/@adonisjs/http-server/build/src/Server/ExceptionManager/index.js:92:20)
    at Server.handleRequest (/home/farmageo/api.farmageo.com.ar/node_modules/@adonisjs/http-server/build/src/Server/index.js:111:34)
    at processTicksAndRejections (node:internal/process/task_queues:96:5)
Thu Nov 10 2022 12:14:09 GMT-0300 (Argentina Standard Time) Error Handler: TypeError: Cannot read properties of undefined (reading 'status')
    at ExceptionManager.handleError (/home/farmageo/api.farmageo.com.ar/node_modules/@adonisjs/http-server/build/src/Server/ExceptionManager/index.js:41:39)
    at ExceptionManager.handle (/home/farmageo/api.farmageo.com.ar/node_modules/@adonisjs/http-server/build/src/Server/ExceptionManager/index.js:92:20)
    at Server.handleRequest (/home/farmageo/api.farmageo.com.ar/node_modules/@adonisjs/http-server/build/src/Server/index.js:111:34)
    at processTicksAndRejections (node:internal/process/task_queues:96:5)
Thu Nov 10 2022 12:14:09 GMT-0300 (Argentina Standard Time) Error Handler: TypeError: Cannot read properties of undefined (reading 'status')
    at ExceptionManager.handleError (/home/farmageo/api.farmageo.com.ar/node_modules/@adonisjs/http-server/build/src/Server/ExceptionManager/index.js:41:39)
    at ExceptionManager.handle (/home/farmageo/api.farmageo.com.ar/node_modules/@adonisjs/http-server/build/src/Server/ExceptionManager/index.js:92:20)
    at Server.handleRequest (/home/farmageo/api.farmageo.com.ar/node_modules/@adonisjs/http-server/build/src/Server/index.js:111:34)
    at processTicksAndRejections (node:internal/process/task_queues:96:5)
Thu Nov 10 2022 12:14:09 GMT-0300 (Argentina Standard Time) Error Handler: TypeError: Cannot read properties of undefined (reading 'status')
    at ExceptionManager.handleError (/home/farmageo/api.farmageo.com.ar/node_modules/@adonisjs/http-server/build/src/Server/ExceptionManager/index.js:41:39)
    at ExceptionManager.handle (/home/farmageo/api.farmageo.com.ar/node_modules/@adonisjs/http-server/build/src/Server/ExceptionManager/index.js:92:20)
    at Server.handleRequest (/home/farmageo/api.farmageo.com.ar/node_modules/@adonisjs/http-server/build/src/Server/index.js:111:34)
    at processTicksAndRejections (node:internal/process/task_queues:96:5)
Thu Nov 10 2022 12:14:09 GMT-0300 (Argentina Standard Time) Error Handler: TypeError: Cannot read properties of undefined (reading 'status')
    at ExceptionManager.handleError (/home/farmageo/api.farmageo.com.ar/node_modules/@adonisjs/http-server/build/src/Server/ExceptionManager/index.js:41:39)
    at ExceptionManager.handle (/home/farmageo/api.farmageo.com.ar/node_modules/@adonisjs/http-server/build/src/Server/ExceptionManager/index.js:92:20)
    at Server.handleRequest (/home/farmageo/api.farmageo.com.ar/node_modules/@adonisjs/http-server/build/src/Server/index.js:111:34)
    at processTicksAndRejections (node:internal/process/task_queues:96:5)
Thu Nov 10 2022 12:14:09 GMT-0300 (Argentina Standard Time) Error Handler: TypeError: Cannot read properties of undefined (reading 'status')
    at ExceptionManager.handleError (/home/farmageo/api.farmageo.com.ar/node_modules/@adonisjs/http-server/build/src/Server/ExceptionManager/index.js:41:39)
    at ExceptionManager.handle (/home/farmageo/api.farmageo.com.ar/node_modules/@adonisjs/http-server/build/src/Server/ExceptionManager/index.js:92:20)
    at Server.handleRequest (/home/farmageo/api.farmageo.com.ar/node_modules/@adonisjs/http-server/build/src/Server/index.js:111:34)
    at processTicksAndRejections (node:internal/process/task_queues:96:5)
Thu Nov 10 2022 12:14:09 GMT-0300 (Argentina Standard Time) Error Handler: TypeError: Cannot read properties of undefined (reading 'status')
    at ExceptionManager.handleError (/home/farmageo/api.farmageo.com.ar/node_modules/@adonisjs/http-server/build/src/Server/ExceptionManager/index.js:41:39)
    at ExceptionManager.handle (/home/farmageo/api.farmageo.com.ar/node_modules/@adonisjs/http-server/build/src/Server/ExceptionManager/index.js:92:20)
    at Server.handleRequest (/home/farmageo/api.farmageo.com.ar/node_modules/@adonisjs/http-server/build/src/Server/index.js:111:34)
    at processTicksAndRejections (node:internal/process/task_queues:96:5)
Thu Nov 10 2022 12:14:09 GMT-0300 (Argentina Standard Time) Error Handler: TypeError: Cannot read properties of undefined (reading 'status')
    at ExceptionManager.handleError (/home/farmageo/api.farmageo.com.ar/node_modules/@adonisjs/http-server/build/src/Server/ExceptionManager/index.js:41:39)
    at ExceptionManager.handle (/home/farmageo/api.farmageo.com.ar/node_modules/@adonisjs/http-server/build/src/Server/ExceptionManager/index.js:92:20)
    at Server.handleRequest (/home/farmageo/api.farmageo.com.ar/node_modules/@adonisjs/http-server/build/src/Server/index.js:111:34)
    at processTicksAndRejections (node:internal/process/task_queues:96:5)
Thu Nov 10 2022 12:14:09 GMT-0300 (Argentina Standard Time) Error Handler: TypeError: Cannot read properties of undefined (reading 'status')
    at ExceptionManager.handleError (/home/farmageo/api.farmageo.com.ar/node_modules/@adonisjs/http-server/build/src/Server/ExceptionManager/index.js:41:39)
    at ExceptionManager.handle (/home/farmageo/api.farmageo.com.ar/node_modules/@adonisjs/http-server/build/src/Server/ExceptionManager/index.js:92:20)
    at Server.handleRequest (/home/farmageo/api.farmageo.com.ar/node_modules/@adonisjs/http-server/build/src/Server/index.js:111:34)
    at processTicksAndRejections (node:internal/process/task_queues:96:5)
Thu Nov 10 2022 12:14:09 GMT-0300 (Argentina Standard Time) Error Handler: TypeError: Cannot read properties of undefined (reading 'status')
    at ExceptionManager.handleError (/home/farmageo/api.farmageo.com.ar/node_modules/@adonisjs/http-server/build/src/Server/ExceptionManager/index.js:41:39)
    at ExceptionManager.handle (/home/farmageo/api.farmageo.com.ar/node_modules/@adonisjs/http-server/build/src/Server/ExceptionManager/index.js:92:20)
    at Server.handleRequest (/home/farmageo/api.farmageo.com.ar/node_modules/@adonisjs/http-server/build/src/Server/index.js:111:34)
    at processTicksAndRejections (node:internal/process/task_queues:96:5)
Thu Nov 10 2022 12:14:09 GMT-0300 (Argentina Standard Time) Error Handler: TypeError: Cannot read properties of undefined (reading 'status')
    at ExceptionManager.handleError (/home/farmageo/api.farmageo.com.ar/node_modules/@adonisjs/http-server/build/src/Server/ExceptionManager/index.js:41:39)
    at ExceptionManager.handle (/home/farmageo/api.farmageo.com.ar/node_modules/@adonisjs/http-server/build/src/Server/ExceptionManager/index.js:92:20)
    at Server.handleRequest (/home/farmageo/api.farmageo.com.ar/node_modules/@adonisjs/http-server/build/src/Server/index.js:111:34)
    at processTicksAndRejections (node:internal/process/task_queues:96:5)
Thu Nov 10 2022 12:14:09 GMT-0300 (Argentina Standard Time) Error Handler: TypeError: Cannot read properties of undefined (reading 'status')
    at ExceptionManager.handleError (/home/farmageo/api.farmageo.com.ar/node_modules/@adonisjs/http-server/build/src/Server/ExceptionManager/index.js:41:39)
    at ExceptionManager.handle (/home/farmageo/api.farmageo.com.ar/node_modules/@adonisjs/http-server/build/src/Server/ExceptionManager/index.js:92:20)
    at Server.handleRequest (/home/farmageo/api.farmageo.com.ar/node_modules/@adonisjs/http-server/build/src/Server/index.js:111:34)
    at processTicksAndRejections (node:internal/process/task_queues:96:5)
Thu Nov 10 2022 12:14:09 GMT-0300 (Argentina Standard Time) Error Handler: TypeError: Cannot read properties of undefined (reading 'status')
    at ExceptionManager.handleError (/home/farmageo/api.farmageo.com.ar/node_modules/@adonisjs/http-server/build/src/Server/ExceptionManager/index.js:41:39)
    at ExceptionManager.handle (/home/farmageo/api.farmageo.com.ar/node_modules/@adonisjs/http-server/build/src/Server/ExceptionManager/index.js:92:20)
    at Server.handleRequest (/home/farmageo/api.farmageo.com.ar/node_modules/@adonisjs/http-server/build/src/Server/index.js:111:34)
    at processTicksAndRejections (node:internal/process/task_queues:96:5)
Thu Nov 10 2022 12:14:09 GMT-0300 (Argentina Standard Time) Error Handler: TypeError: Cannot read properties of undefined (reading 'status')
    at ExceptionManager.handleError (/home/farmageo/api.farmageo.com.ar/node_modules/@adonisjs/http-server/build/src/Server/ExceptionManager/index.js:41:39)
    at ExceptionManager.handle (/home/farmageo/api.farmageo.com.ar/node_modules/@adonisjs/http-server/build/src/Server/ExceptionManager/index.js:92:20)
    at Server.handleRequest (/home/farmageo/api.farmageo.com.ar/node_modules/@adonisjs/http-server/build/src/Server/index.js:111:34)
    at processTicksAndRejections (node:internal/process/task_queues:96:5)
Thu Nov 10 2022 12:14:09 GMT-0300 (Argentina Standard Time) Error Handler: TypeError: Cannot read properties of undefined (reading 'status')
    at ExceptionManager.handleError (/home/farmageo/api.farmageo.com.ar/node_modules/@adonisjs/http-server/build/src/Server/ExceptionManager/index.js:41:39)
    at ExceptionManager.handle (/home/farmageo/api.farmageo.com.ar/node_modules/@adonisjs/http-server/build/src/Server/ExceptionManager/index.js:92:20)
    at Server.handleRequest (/home/farmageo/api.farmageo.com.ar/node_modules/@adonisjs/http-server/build/src/Server/index.js:111:34)
    at processTicksAndRejections (node:internal/process/task_queues:96:5)
Thu Nov 10 2022 12:14:09 GMT-0300 (Argentina Standard Time) Error Handler: TypeError: Cannot read properties of undefined (reading 'status')
    at ExceptionManager.handleError (/home/farmageo/api.farmageo.com.ar/node_modules/@adonisjs/http-server/build/src/Server/ExceptionManager/index.js:41:39)
    at ExceptionManager.handle (/home/farmageo/api.farmageo.com.ar/node_modules/@adonisjs/http-server/build/src/Server/ExceptionManager/index.js:92:20)
    at Server.handleRequest (/home/farmageo/api.farmageo.com.ar/node_modules/@adonisjs/http-server/build/src/Server/index.js:111:34)
    at processTicksAndRejections (node:internal/process/task_queues:96:5)
Thu Nov 10 2022 12:14:09 GMT-0300 (Argentina Standard Time) Error Handler: TypeError: Cannot read properties of undefined (reading 'status')
    at ExceptionManager.handleError (/home/farmageo/api.farmageo.com.ar/node_modules/@adonisjs/http-server/build/src/Server/ExceptionManager/index.js:41:39)
    at ExceptionManager.handle (/home/farmageo/api.farmageo.com.ar/node_modules/@adonisjs/http-server/build/src/Server/ExceptionManager/index.js:92:20)
    at Server.handleRequest (/home/farmageo/api.farmageo.com.ar/node_modules/@adonisjs/http-server/build/src/Server/index.js:111:34)
    at processTicksAndRejections (node:internal/process/task_queues:96:5)
Thu Nov 10 2022 12:14:09 GMT-0300 (Argentina Standard Time) Error Handler: TypeError: Cannot read properties of undefined (reading 'status')
    at ExceptionManager.handleError (/home/farmageo/api.farmageo.com.ar/node_modules/@adonisjs/http-server/build/src/Server/ExceptionManager/index.js:41:39)
    at ExceptionManager.handle (/home/farmageo/api.farmageo.com.ar/node_modules/@adonisjs/http-server/build/src/Server/ExceptionManager/index.js:92:20)
    at Server.handleRequest (/home/farmageo/api.farmageo.com.ar/node_modules/@adonisjs/http-server/build/src/Server/index.js:111:34)
    at processTicksAndRejections (node:internal/process/task_queues:96:5)
Thu Nov 10 2022 12:14:09 GMT-0300 (Argentina Standard Time) Error Handler: TypeError: Cannot read properties of undefined (reading 'status')
    at ExceptionManager.handleError (/home/farmageo/api.farmageo.com.ar/node_modules/@adonisjs/http-server/build/src/Server/ExceptionManager/index.js:41:39)
    at ExceptionManager.handle (/home/farmageo/api.farmageo.com.ar/node_modules/@adonisjs/http-server/build/src/Server/ExceptionManager/index.js:92:20)
    at Server.handleRequest (/home/farmageo/api.farmageo.com.ar/node_modules/@adonisjs/http-server/build/src/Server/index.js:111:34)
    at processTicksAndRejections (node:internal/process/task_queues:96:5)
Thu Nov 10 2022 12:14:09 GMT-0300 (Argentina Standard Time) Error Handler: TypeError: Cannot read properties of undefined (reading 'status')
    at ExceptionManager.handleError (/home/farmageo/api.farmageo.com.ar/node_modules/@adonisjs/http-server/build/src/Server/ExceptionManager/index.js:41:39)
    at ExceptionManager.handle (/home/farmageo/api.farmageo.com.ar/node_modules/@adonisjs/http-server/build/src/Server/ExceptionManager/index.js:92:20)
    at Server.handleRequest (/home/farmageo/api.farmageo.com.ar/node_modules/@adonisjs/http-server/build/src/Server/index.js:111:34)
    at processTicksAndRejections (node:internal/process/task_queues:96:5)
Thu Nov 10 2022 12:14:09 GMT-0300 (Argentina Standard Time) Error Handler: TypeError: Cannot read properties of undefined (reading 'status')
    at ExceptionManager.handleError (/home/farmageo/api.farmageo.com.ar/node_modules/@adonisjs/http-server/build/src/Server/ExceptionManager/index.js:41:39)
    at ExceptionManager.handle (/home/farmageo/api.farmageo.com.ar/node_modules/@adonisjs/http-server/build/src/Server/ExceptionManager/index.js:92:20)
    at Server.handleRequest (/home/farmageo/api.farmageo.com.ar/node_modules/@adonisjs/http-server/build/src/Server/index.js:111:34)
    at processTicksAndRejections (node:internal/process/task_queues:96:5)
Thu Nov 10 2022 12:14:09 GMT-0300 (Argentina Standard Time) Error Handler: TypeError: Cannot read properties of undefined (reading 'status')
    at ExceptionManager.handleError (/home/farmageo/api.farmageo.com.ar/node_modules/@adonisjs/http-server/build/src/Server/ExceptionManager/index.js:41:39)
    at ExceptionManager.handle (/home/farmageo/api.farmageo.com.ar/node_modules/@adonisjs/http-server/build/src/Server/ExceptionManager/index.js:92:20)
    at Server.handleRequest (/home/farmageo/api.farmageo.com.ar/node_modules/@adonisjs/http-server/build/src/Server/index.js:111:34)
    at processTicksAndRejections (node:internal/process/task_queues:96:5)
Thu Nov 10 2022 12:14:09 GMT-0300 (Argentina Standard Time) Error Handler: TypeError: Cannot read properties of undefined (reading 'status')
    at ExceptionManager.handleError (/home/farmageo/api.farmageo.com.ar/node_modules/@adonisjs/http-server/build/src/Server/ExceptionManager/index.js:41:39)
    at ExceptionManager.handle (/home/farmageo/api.farmageo.com.ar/node_modules/@adonisjs/http-server/build/src/Server/ExceptionManager/index.js:92:20)
    at Server.handleRequest (/home/farmageo/api.farmageo.com.ar/node_modules/@adonisjs/http-server/build/src/Server/index.js:111:34)
    at processTicksAndRejections (node:internal/process/task_queues:96:5)
Thu Nov 10 2022 12:14:09 GMT-0300 (Argentina Standard Time) Error Handler: TypeError: Cannot read properties of undefined (reading 'status')
    at ExceptionManager.handleError (/home/farmageo/api.farmageo.com.ar/node_modules/@adonisjs/http-server/build/src/Server/ExceptionManager/index.js:41:39)
    at ExceptionManager.handle (/home/farmageo/api.farmageo.com.ar/node_modules/@adonisjs/http-server/build/src/Server/ExceptionManager/index.js:92:20)
    at Server.handleRequest (/home/farmageo/api.farmageo.com.ar/node_modules/@adonisjs/http-server/build/src/Server/index.js:111:34)
    at processTicksAndRejections (node:internal/process/task_queues:96:5)
Thu Nov 10 2022 12:14:09 GMT-0300 (Argentina Standard Time) Error Handler: TypeError: Cannot read properties of undefined (reading 'status')
    at ExceptionManager.handleError (/home/farmageo/api.farmageo.com.ar/node_modules/@adonisjs/http-server/build/src/Server/ExceptionManager/index.js:41:39)
    at ExceptionManager.handle (/home/farmageo/api.farmageo.com.ar/node_modules/@adonisjs/http-server/build/src/Server/ExceptionManager/index.js:92:20)
    at Server.handleRequest (/home/farmageo/api.farmageo.com.ar/node_modules/@adonisjs/http-server/build/src/Server/index.js:111:34)
    at processTicksAndRejections (node:internal/process/task_queues:96:5)
Thu Nov 10 2022 12:14:09 GMT-0300 (Argentina Standard Time) Error Handler: TypeError: Cannot read properties of undefined (reading 'status')
    at ExceptionManager.handleError (/home/farmageo/api.farmageo.com.ar/node_modules/@adonisjs/http-server/build/src/Server/ExceptionManager/index.js:41:39)
    at ExceptionManager.handle (/home/farmageo/api.farmageo.com.ar/node_modules/@adonisjs/http-server/build/src/Server/ExceptionManager/index.js:92:20)
    at Server.handleRequest (/home/farmageo/api.farmageo.com.ar/node_modules/@adonisjs/http-server/build/src/Server/index.js:111:34)
    at processTicksAndRejections (node:internal/process/task_queues:96:5)
Thu Nov 10 2022 12:14:09 GMT-0300 (Argentina Standard Time) Error Handler: TypeError: Cannot read properties of undefined (reading 'status')
    at ExceptionManager.handleError (/home/farmageo/api.farmageo.com.ar/node_modules/@adonisjs/http-server/build/src/Server/ExceptionManager/index.js:41:39)
    at ExceptionManager.handle (/home/farmageo/api.farmageo.com.ar/node_modules/@adonisjs/http-server/build/src/Server/ExceptionManager/index.js:92:20)
    at Server.handleRequest (/home/farmageo/api.farmageo.com.ar/node_modules/@adonisjs/http-server/build/src/Server/index.js:111:34)
    at processTicksAndRejections (node:internal/process/task_queues:96:5)
Thu Nov 10 2022 12:14:09 GMT-0300 (Argentina Standard Time) Error Handler: TypeError: Cannot read properties of undefined (reading 'status')
    at ExceptionManager.handleError (/home/farmageo/api.farmageo.com.ar/node_modules/@adonisjs/http-server/build/src/Server/ExceptionManager/index.js:41:39)
    at ExceptionManager.handle (/home/farmageo/api.farmageo.com.ar/node_modules/@adonisjs/http-server/build/src/Server/ExceptionManager/index.js:92:20)
    at Server.handleRequest (/home/farmageo/api.farmageo.com.ar/node_modules/@adonisjs/http-server/build/src/Server/index.js:111:34)
    at processTicksAndRejections (node:internal/process/task_queues:96:5)
Thu Nov 10 2022 12:14:09 GMT-0300 (Argentina Standard Time) Error Handler: TypeError: Cannot read properties of undefined (reading 'status')
    at ExceptionManager.handleError (/home/farmageo/api.farmageo.com.ar/node_modules/@adonisjs/http-server/build/src/Server/ExceptionManager/index.js:41:39)
    at ExceptionManager.handle (/home/farmageo/api.farmageo.com.ar/node_modules/@adonisjs/http-server/build/src/Server/ExceptionManager/index.js:92:20)
    at Server.handleRequest (/home/farmageo/api.farmageo.com.ar/node_modules/@adonisjs/http-server/build/src/Server/index.js:111:34)
    at processTicksAndRejections (node:internal/process/task_queues:96:5)
Thu Nov 10 2022 12:14:09 GMT-0300 (Argentina Standard Time) Error Handler: TypeError: Cannot read properties of undefined (reading 'status')
    at ExceptionManager.handleError (/home/farmageo/api.farmageo.com.ar/node_modules/@adonisjs/http-server/build/src/Server/ExceptionManager/index.js:41:39)
    at ExceptionManager.handle (/home/farmageo/api.farmageo.com.ar/node_modules/@adonisjs/http-server/build/src/Server/ExceptionManager/index.js:92:20)
    at Server.handleRequest (/home/farmageo/api.farmageo.com.ar/node_modules/@adonisjs/http-server/build/src/Server/index.js:111:34)
    at processTicksAndRejections (node:internal/process/task_queues:96:5)
Thu Nov 10 2022 12:14:09 GMT-0300 (Argentina Standard Time) Error Handler: TypeError: Cannot read properties of undefined (reading 'status')
    at ExceptionManager.handleError (/home/farmageo/api.farmageo.com.ar/node_modules/@adonisjs/http-server/build/src/Server/ExceptionManager/index.js:41:39)
    at ExceptionManager.handle (/home/farmageo/api.farmageo.com.ar/node_modules/@adonisjs/http-server/build/src/Server/ExceptionManager/index.js:92:20)
    at Server.handleRequest (/home/farmageo/api.farmageo.com.ar/node_modules/@adonisjs/http-server/build/src/Server/index.js:111:34)
    at processTicksAndRejections (node:internal/process/task_queues:96:5)
Thu Nov 10 2022 12:14:09 GMT-0300 (Argentina Standard Time) Error Handler: TypeError: Cannot read properties of undefined (reading 'status')
    at ExceptionManager.handleError (/home/farmageo/api.farmageo.com.ar/node_modules/@adonisjs/http-server/build/src/Server/ExceptionManager/index.js:41:39)
    at ExceptionManager.handle (/home/farmageo/api.farmageo.com.ar/node_modules/@adonisjs/http-server/build/src/Server/ExceptionManager/index.js:92:20)
    at Server.handleRequest (/home/farmageo/api.farmageo.com.ar/node_modules/@adonisjs/http-server/build/src/Server/index.js:111:34)
    at processTicksAndRejections (node:internal/process/task_queues:96:5)
Thu Nov 10 2022 12:14:09 GMT-0300 (Argentina Standard Time) Error Handler: TypeError: Cannot read properties of undefined (reading 'status')
    at ExceptionManager.handleError (/home/farmageo/api.farmageo.com.ar/node_modules/@adonisjs/http-server/build/src/Server/ExceptionManager/index.js:41:39)
    at ExceptionManager.handle (/home/farmageo/api.farmageo.com.ar/node_modules/@adonisjs/http-server/build/src/Server/ExceptionManager/index.js:92:20)
    at Server.handleRequest (/home/farmageo/api.farmageo.com.ar/node_modules/@adonisjs/http-server/build/src/Server/index.js:111:34)
    at processTicksAndRejections (node:internal/process/task_queues:96:5)
Thu Nov 10 2022 12:14:09 GMT-0300 (Argentina Standard Time) Error Handler: TypeError: Cannot read properties of undefined (reading 'status')
    at ExceptionManager.handleError (/home/farmageo/api.farmageo.com.ar/node_modules/@adonisjs/http-server/build/src/Server/ExceptionManager/index.js:41:39)
    at ExceptionManager.handle (/home/farmageo/api.farmageo.com.ar/node_modules/@adonisjs/http-server/build/src/Server/ExceptionManager/index.js:92:20)
    at Server.handleRequest (/home/farmageo/api.farmageo.com.ar/node_modules/@adonisjs/http-server/build/src/Server/index.js:111:34)
    at processTicksAndRejections (node:internal/process/task_queues:96:5)
Thu Nov 10 2022 12:14:09 GMT-0300 (Argentina Standard Time) Error Handler: TypeError: Cannot read properties of undefined (reading 'status')
    at ExceptionManager.handleError (/home/farmageo/api.farmageo.com.ar/node_modules/@adonisjs/http-server/build/src/Server/ExceptionManager/index.js:41:39)
    at ExceptionManager.handle (/home/farmageo/api.farmageo.com.ar/node_modules/@adonisjs/http-server/build/src/Server/ExceptionManager/index.js:92:20)
    at Server.handleRequest (/home/farmageo/api.farmageo.com.ar/node_modules/@adonisjs/http-server/build/src/Server/index.js:111:34)
    at processTicksAndRejections (node:internal/process/task_queues:96:5)
Thu Nov 10 2022 12:14:09 GMT-0300 (Argentina Standard Time) Error Handler: TypeError: Cannot read properties of undefined (reading 'status')
    at ExceptionManager.handleError (/home/farmageo/api.farmageo.com.ar/node_modules/@adonisjs/http-server/build/src/Server/ExceptionManager/index.js:41:39)
    at ExceptionManager.handle (/home/farmageo/api.farmageo.com.ar/node_modules/@adonisjs/http-server/build/src/Server/ExceptionManager/index.js:92:20)
    at Server.handleRequest (/home/farmageo/api.farmageo.com.ar/node_modules/@adonisjs/http-server/build/src/Server/index.js:111:34)
    at processTicksAndRejections (node:internal/process/task_queues:96:5)
Thu Nov 10 2022 12:14:09 GMT-0300 (Argentina Standard Time) Error Handler: TypeError: Cannot read properties of undefined (reading 'status')
    at ExceptionManager.handleError (/home/farmageo/api.farmageo.com.ar/node_modules/@adonisjs/http-server/build/src/Server/ExceptionManager/index.js:41:39)
    at ExceptionManager.handle (/home/farmageo/api.farmageo.com.ar/node_modules/@adonisjs/http-server/build/src/Server/ExceptionManager/index.js:92:20)
    at Server.handleRequest (/home/farmageo/api.farmageo.com.ar/node_modules/@adonisjs/http-server/build/src/Server/index.js:111:34)
    at processTicksAndRejections (node:internal/process/task_queues:96:5)
Thu Nov 10 2022 12:14:09 GMT-0300 (Argentina Standard Time) Error Handler: TypeError: Cannot read properties of undefined (reading 'status')
    at ExceptionManager.handleError (/home/farmageo/api.farmageo.com.ar/node_modules/@adonisjs/http-server/build/src/Server/ExceptionManager/index.js:41:39)
    at ExceptionManager.handle (/home/farmageo/api.farmageo.com.ar/node_modules/@adonisjs/http-server/build/src/Server/ExceptionManager/index.js:92:20)
    at Server.handleRequest (/home/farmageo/api.farmageo.com.ar/node_modules/@adonisjs/http-server/build/src/Server/index.js:111:34)
    at processTicksAndRejections (node:internal/process/task_queues:96:5)
Thu Nov 10 2022 12:14:09 GMT-0300 (Argentina Standard Time) Error Handler: TypeError: Cannot read properties of undefined (reading 'status')
    at ExceptionManager.handleError (/home/farmageo/api.farmageo.com.ar/node_modules/@adonisjs/http-server/build/src/Server/ExceptionManager/index.js:41:39)
    at ExceptionManager.handle (/home/farmageo/api.farmageo.com.ar/node_modules/@adonisjs/http-server/build/src/Server/ExceptionManager/index.js:92:20)
    at Server.handleRequest (/home/farmageo/api.farmageo.com.ar/node_modules/@adonisjs/http-server/build/src/Server/index.js:111:34)
    at processTicksAndRejections (node:internal/process/task_queues:96:5)
Thu Nov 10 2022 12:14:09 GMT-0300 (Argentina Standard Time) Error Handler: TypeError: Cannot read properties of undefined (reading 'status')
    at ExceptionManager.handleError (/home/farmageo/api.farmageo.com.ar/node_modules/@adonisjs/http-server/build/src/Server/ExceptionManager/index.js:41:39)
    at ExceptionManager.handle (/home/farmageo/api.farmageo.com.ar/node_modules/@adonisjs/http-server/build/src/Server/ExceptionManager/index.js:92:20)
    at Server.handleRequest (/home/farmageo/api.farmageo.com.ar/node_modules/@adonisjs/http-server/build/src/Server/index.js:111:34)
    at processTicksAndRejections (node:internal/process/task_queues:96:5)
Thu Nov 10 2022 12:14:09 GMT-0300 (Argentina Standard Time) Error Handler: TypeError: Cannot read properties of undefined (reading 'status')
    at ExceptionManager.handleError (/home/farmageo/api.farmageo.com.ar/node_modules/@adonisjs/http-server/build/src/Server/ExceptionManager/index.js:41:39)
    at ExceptionManager.handle (/home/farmageo/api.farmageo.com.ar/node_modules/@adonisjs/http-server/build/src/Server/ExceptionManager/index.js:92:20)
    at Server.handleRequest (/home/farmageo/api.farmageo.com.ar/node_modules/@adonisjs/http-server/build/src/Server/index.js:111:34)
    at processTicksAndRejections (node:internal/process/task_queues:96:5)
Thu Nov 10 2022 12:14:09 GMT-0300 (Argentina Standard Time) Error Handler: TypeError: Cannot read properties of undefined (reading 'status')
    at ExceptionManager.handleError (/home/farmageo/api.farmageo.com.ar/node_modules/@adonisjs/http-server/build/src/Server/ExceptionManager/index.js:41:39)
    at ExceptionManager.handle (/home/farmageo/api.farmageo.com.ar/node_modules/@adonisjs/http-server/build/src/Server/ExceptionManager/index.js:92:20)
    at Server.handleRequest (/home/farmageo/api.farmageo.com.ar/node_modules/@adonisjs/http-server/build/src/Server/index.js:111:34)
    at processTicksAndRejections (node:internal/process/task_queues:96:5)
Thu Nov 10 2022 12:14:09 GMT-0300 (Argentina Standard Time) Error Handler: TypeError: Cannot read properties of undefined (reading 'status')
    at ExceptionManager.handleError (/home/farmageo/api.farmageo.com.ar/node_modules/@adonisjs/http-server/build/src/Server/ExceptionManager/index.js:41:39)
    at ExceptionManager.handle (/home/farmageo/api.farmageo.com.ar/node_modules/@adonisjs/http-server/build/src/Server/ExceptionManager/index.js:92:20)
    at Server.handleRequest (/home/farmageo/api.farmageo.com.ar/node_modules/@adonisjs/http-server/build/src/Server/index.js:111:34)
    at processTicksAndRejections (node:internal/process/task_queues:96:5)
Thu Nov 10 2022 12:14:09 GMT-0300 (Argentina Standard Time) Error Handler: TypeError: Cannot read properties of undefined (reading 'status')
    at ExceptionManager.handleError (/home/farmageo/api.farmageo.com.ar/node_modules/@adonisjs/http-server/build/src/Server/ExceptionManager/index.js:41:39)
    at ExceptionManager.handle (/home/farmageo/api.farmageo.com.ar/node_modules/@adonisjs/http-server/build/src/Server/ExceptionManager/index.js:92:20)
    at Server.handleRequest (/home/farmageo/api.farmageo.com.ar/node_modules/@adonisjs/http-server/build/src/Server/index.js:111:34)
    at processTicksAndRejections (node:internal/process/task_queues:96:5)
Thu Nov 10 2022 12:14:09 GMT-0300 (Argentina Standard Time) Error Handler: TypeError: Cannot read properties of undefined (reading 'status')
    at ExceptionManager.handleError (/home/farmageo/api.farmageo.com.ar/node_modules/@adonisjs/http-server/build/src/Server/ExceptionManager/index.js:41:39)
    at ExceptionManager.handle (/home/farmageo/api.farmageo.com.ar/node_modules/@adonisjs/http-server/build/src/Server/ExceptionManager/index.js:92:20)
    at Server.handleRequest (/home/farmageo/api.farmageo.com.ar/node_modules/@adonisjs/http-server/build/src/Server/index.js:111:34)
    at processTicksAndRejections (node:internal/process/task_queues:96:5)
Thu Nov 10 2022 12:14:09 GMT-0300 (Argentina Standard Time) Error Handler: TypeError: Cannot read properties of undefined (reading 'status')
    at ExceptionManager.handleError (/home/farmageo/api.farmageo.com.ar/node_modules/@adonisjs/http-server/build/src/Server/ExceptionManager/index.js:41:39)
    at ExceptionManager.handle (/home/farmageo/api.farmageo.com.ar/node_modules/@adonisjs/http-server/build/src/Server/ExceptionManager/index.js:92:20)
    at Server.handleRequest (/home/farmageo/api.farmageo.com.ar/node_modules/@adonisjs/http-server/build/src/Server/index.js:111:34)
    at processTicksAndRejections (node:internal/process/task_queues:96:5)
Thu Nov 10 2022 12:14:09 GMT-0300 (Argentina Standard Time) Error Handler: TypeError: Cannot read properties of undefined (reading 'status')
    at ExceptionManager.handleError (/home/farmageo/api.farmageo.com.ar/node_modules/@adonisjs/http-server/build/src/Server/ExceptionManager/index.js:41:39)
    at ExceptionManager.handle (/home/farmageo/api.farmageo.com.ar/node_modules/@adonisjs/http-server/build/src/Server/ExceptionManager/index.js:92:20)
    at Server.handleRequest (/home/farmageo/api.farmageo.com.ar/node_modules/@adonisjs/http-server/build/src/Server/index.js:111:34)
    at processTicksAndRejections (node:internal/process/task_queues:96:5)
Thu Nov 10 2022 12:14:09 GMT-0300 (Argentina Standard Time) Error Handler: TypeError: Cannot read properties of undefined (reading 'status')
    at ExceptionManager.handleError (/home/farmageo/api.farmageo.com.ar/node_modules/@adonisjs/http-server/build/src/Server/ExceptionManager/index.js:41:39)
    at ExceptionManager.handle (/home/farmageo/api.farmageo.com.ar/node_modules/@adonisjs/http-server/build/src/Server/ExceptionManager/index.js:92:20)
    at Server.handleRequest (/home/farmageo/api.farmageo.com.ar/node_modules/@adonisjs/http-server/build/src/Server/index.js:111:34)
    at processTicksAndRejections (node:internal/process/task_queues:96:5)
Thu Nov 10 2022 12:14:09 GMT-0300 (Argentina Standard Time) Error Handler: TypeError: Cannot read properties of undefined (reading 'status')
    at ExceptionManager.handleError (/home/farmageo/api.farmageo.com.ar/node_modules/@adonisjs/http-server/build/src/Server/ExceptionManager/index.js:41:39)
    at ExceptionManager.handle (/home/farmageo/api.farmageo.com.ar/node_modules/@adonisjs/http-server/build/src/Server/ExceptionManager/index.js:92:20)
    at Server.handleRequest (/home/farmageo/api.farmageo.com.ar/node_modules/@adonisjs/http-server/build/src/Server/index.js:111:34)
    at processTicksAndRejections (node:internal/process/task_queues:96:5)
Thu Nov 10 2022 12:14:09 GMT-0300 (Argentina Standard Time) Error Handler: TypeError: Cannot read properties of undefined (reading 'status')
    at ExceptionManager.handleError (/home/farmageo/api.farmageo.com.ar/node_modules/@adonisjs/http-server/build/src/Server/ExceptionManager/index.js:41:39)
    at ExceptionManager.handle (/home/farmageo/api.farmageo.com.ar/node_modules/@adonisjs/http-server/build/src/Server/ExceptionManager/index.js:92:20)
    at Server.handleRequest (/home/farmageo/api.farmageo.com.ar/node_modules/@adonisjs/http-server/build/src/Server/index.js:111:34)
    at processTicksAndRejections (node:internal/process/task_queues:96:5)
Thu Nov 10 2022 12:14:09 GMT-0300 (Argentina Standard Time) Error Handler: TypeError: Cannot read properties of undefined (reading 'status')
    at ExceptionManager.handleError (/home/farmageo/api.farmageo.com.ar/node_modules/@adonisjs/http-server/build/src/Server/ExceptionManager/index.js:41:39)
    at ExceptionManager.handle (/home/farmageo/api.farmageo.com.ar/node_modules/@adonisjs/http-server/build/src/Server/ExceptionManager/index.js:92:20)
    at Server.handleRequest (/home/farmageo/api.farmageo.com.ar/node_modules/@adonisjs/http-server/build/src/Server/index.js:111:34)
    at processTicksAndRejections (node:internal/process/task_queues:96:5)
Thu Nov 10 2022 12:14:09 GMT-0300 (Argentina Standard Time) Error Handler: TypeError: Cannot read properties of undefined (reading 'status')
    at ExceptionManager.handleError (/home/farmageo/api.farmageo.com.ar/node_modules/@adonisjs/http-server/build/src/Server/ExceptionManager/index.js:41:39)
    at ExceptionManager.handle (/home/farmageo/api.farmageo.com.ar/node_modules/@adonisjs/http-server/build/src/Server/ExceptionManager/index.js:92:20)
    at Server.handleRequest (/home/farmageo/api.farmageo.com.ar/node_modules/@adonisjs/http-server/build/src/Server/index.js:111:34)
    at processTicksAndRejections (node:internal/process/task_queues:96:5)
Thu Nov 10 2022 12:14:09 GMT-0300 (Argentina Standard Time) Error Handler: TypeError: Cannot read properties of undefined (reading 'status')
    at ExceptionManager.handleError (/home/farmageo/api.farmageo.com.ar/node_modules/@adonisjs/http-server/build/src/Server/ExceptionManager/index.js:41:39)
    at ExceptionManager.handle (/home/farmageo/api.farmageo.com.ar/node_modules/@adonisjs/http-server/build/src/Server/ExceptionManager/index.js:92:20)
    at Server.handleRequest (/home/farmageo/api.farmageo.com.ar/node_modules/@adonisjs/http-server/build/src/Server/index.js:111:34)
    at processTicksAndRejections (node:internal/process/task_queues:96:5)
Thu Nov 10 2022 12:14:09 GMT-0300 (Argentina Standard Time) Error Handler: TypeError: Cannot read properties of undefined (reading 'status')
    at ExceptionManager.handleError (/home/farmageo/api.farmageo.com.ar/node_modules/@adonisjs/http-server/build/src/Server/ExceptionManager/index.js:41:39)
    at ExceptionManager.handle (/home/farmageo/api.farmageo.com.ar/node_modules/@adonisjs/http-server/build/src/Server/ExceptionManager/index.js:92:20)
    at Server.handleRequest (/home/farmageo/api.farmageo.com.ar/node_modules/@adonisjs/http-server/build/src/Server/index.js:111:34)
    at processTicksAndRejections (node:internal/process/task_queues:96:5)
Thu Nov 10 2022 12:14:09 GMT-0300 (Argentina Standard Time) Error Handler: TypeError: Cannot read properties of undefined (reading 'status')
    at ExceptionManager.handleError (/home/farmageo/api.farmageo.com.ar/node_modules/@adonisjs/http-server/build/src/Server/ExceptionManager/index.js:41:39)
    at ExceptionManager.handle (/home/farmageo/api.farmageo.com.ar/node_modules/@adonisjs/http-server/build/src/Server/ExceptionManager/index.js:92:20)
    at Server.handleRequest (/home/farmageo/api.farmageo.com.ar/node_modules/@adonisjs/http-server/build/src/Server/index.js:111:34)
    at processTicksAndRejections (node:internal/process/task_queues:96:5)
Thu Nov 10 2022 12:14:09 GMT-0300 (Argentina Standard Time) Error Handler: TypeError: Cannot read properties of undefined (reading 'status')
    at ExceptionManager.handleError (/home/farmageo/api.farmageo.com.ar/node_modules/@adonisjs/http-server/build/src/Server/ExceptionManager/index.js:41:39)
    at ExceptionManager.handle (/home/farmageo/api.farmageo.com.ar/node_modules/@adonisjs/http-server/build/src/Server/ExceptionManager/index.js:92:20)
    at Server.handleRequest (/home/farmageo/api.farmageo.com.ar/node_modules/@adonisjs/http-server/build/src/Server/index.js:111:34)
    at processTicksAndRejections (node:internal/process/task_queues:96:5)
Thu Nov 10 2022 12:14:09 GMT-0300 (Argentina Standard Time) Error Handler: TypeError: Cannot read properties of undefined (reading 'status')
    at ExceptionManager.handleError (/home/farmageo/api.farmageo.com.ar/node_modules/@adonisjs/http-server/build/src/Server/ExceptionManager/index.js:41:39)
    at ExceptionManager.handle (/home/farmageo/api.farmageo.com.ar/node_modules/@adonisjs/http-server/build/src/Server/ExceptionManager/index.js:92:20)
    at Server.handleRequest (/home/farmageo/api.farmageo.com.ar/node_modules/@adonisjs/http-server/build/src/Server/index.js:111:34)
    at processTicksAndRejections (node:internal/process/task_queues:96:5)
Thu Nov 10 2022 12:14:09 GMT-0300 (Argentina Standard Time) Error Handler: TypeError: Cannot read properties of undefined (reading 'status')
    at ExceptionManager.handleError (/home/farmageo/api.farmageo.com.ar/node_modules/@adonisjs/http-server/build/src/Server/ExceptionManager/index.js:41:39)
    at ExceptionManager.handle (/home/farmageo/api.farmageo.com.ar/node_modules/@adonisjs/http-server/build/src/Server/ExceptionManager/index.js:92:20)
    at Server.handleRequest (/home/farmageo/api.farmageo.com.ar/node_modules/@adonisjs/http-server/build/src/Server/index.js:111:34)
    at processTicksAndRejections (node:internal/process/task_queues:96:5)
Thu Nov 10 2022 12:14:09 GMT-0300 (Argentina Standard Time) Error Handler: TypeError: Cannot read properties of undefined (reading 'status')
    at ExceptionManager.handleError (/home/farmageo/api.farmageo.com.ar/node_modules/@adonisjs/http-server/build/src/Server/ExceptionManager/index.js:41:39)
    at ExceptionManager.handle (/home/farmageo/api.farmageo.com.ar/node_modules/@adonisjs/http-server/build/src/Server/ExceptionManager/index.js:92:20)
    at Server.handleRequest (/home/farmageo/api.farmageo.com.ar/node_modules/@adonisjs/http-server/build/src/Server/index.js:111:34)
    at processTicksAndRejections (node:internal/process/task_queues:96:5)
Thu Nov 10 2022 12:14:09 GMT-0300 (Argentina Standard Time) Error Handler: TypeError: Cannot read properties of undefined (reading 'status')
    at ExceptionManager.handleError (/home/farmageo/api.farmageo.com.ar/node_modules/@adonisjs/http-server/build/src/Server/ExceptionManager/index.js:41:39)
    at ExceptionManager.handle (/home/farmageo/api.farmageo.com.ar/node_modules/@adonisjs/http-server/build/src/Server/ExceptionManager/index.js:92:20)
    at Server.handleRequest (/home/farmageo/api.farmageo.com.ar/node_modules/@adonisjs/http-server/build/src/Server/index.js:111:34)
    at processTicksAndRejections (node:internal/process/task_queues:96:5)
Thu Nov 10 2022 12:14:09 GMT-0300 (Argentina Standard Time) Error Handler: TypeError: Cannot read properties of undefined (reading 'status')
    at ExceptionManager.handleError (/home/farmageo/api.farmageo.com.ar/node_modules/@adonisjs/http-server/build/src/Server/ExceptionManager/index.js:41:39)
    at ExceptionManager.handle (/home/farmageo/api.farmageo.com.ar/node_modules/@adonisjs/http-server/build/src/Server/ExceptionManager/index.js:92:20)
    at Server.handleRequest (/home/farmageo/api.farmageo.com.ar/node_modules/@adonisjs/http-server/build/src/Server/index.js:111:34)
    at processTicksAndRejections (node:internal/process/task_queues:96:5)
Thu Nov 10 2022 12:14:09 GMT-0300 (Argentina Standard Time) Error Handler: TypeError: Cannot read properties of undefined (reading 'status')
    at ExceptionManager.handleError (/home/farmageo/api.farmageo.com.ar/node_modules/@adonisjs/http-server/build/src/Server/ExceptionManager/index.js:41:39)
    at ExceptionManager.handle (/home/farmageo/api.farmageo.com.ar/node_modules/@adonisjs/http-server/build/src/Server/ExceptionManager/index.js:92:20)
    at Server.handleRequest (/home/farmageo/api.farmageo.com.ar/node_modules/@adonisjs/http-server/build/src/Server/index.js:111:34)
    at processTicksAndRejections (node:internal/process/task_queues:96:5)
Thu Nov 10 2022 12:14:09 GMT-0300 (Argentina Standard Time) Error Handler: TypeError: Cannot read properties of undefined (reading 'status')
    at ExceptionManager.handleError (/home/farmageo/api.farmageo.com.ar/node_modules/@adonisjs/http-server/build/src/Server/ExceptionManager/index.js:41:39)
    at ExceptionManager.handle (/home/farmageo/api.farmageo.com.ar/node_modules/@adonisjs/http-server/build/src/Server/ExceptionManager/index.js:92:20)
    at Server.handleRequest (/home/farmageo/api.farmageo.com.ar/node_modules/@adonisjs/http-server/build/src/Server/index.js:111:34)
    at processTicksAndRejections (node:internal/process/task_queues:96:5)
Thu Nov 10 2022 12:14:09 GMT-0300 (Argentina Standard Time) Error Handler: TypeError: Cannot read properties of undefined (reading 'status')
    at ExceptionManager.handleError (/home/farmageo/api.farmageo.com.ar/node_modules/@adonisjs/http-server/build/src/Server/ExceptionManager/index.js:41:39)
    at ExceptionManager.handle (/home/farmageo/api.farmageo.com.ar/node_modules/@adonisjs/http-server/build/src/Server/ExceptionManager/index.js:92:20)
    at Server.handleRequest (/home/farmageo/api.farmageo.com.ar/node_modules/@adonisjs/http-server/build/src/Server/index.js:111:34)
    at processTicksAndRejections (node:internal/process/task_queues:96:5)
Thu Nov 10 2022 12:14:09 GMT-0300 (Argentina Standard Time) Error Handler: TypeError: Cannot read properties of undefined (reading 'status')
    at ExceptionManager.handleError (/home/farmageo/api.farmageo.com.ar/node_modules/@adonisjs/http-server/build/src/Server/ExceptionManager/index.js:41:39)
    at ExceptionManager.handle (/home/farmageo/api.farmageo.com.ar/node_modules/@adonisjs/http-server/build/src/Server/ExceptionManager/index.js:92:20)
    at Server.handleRequest (/home/farmageo/api.farmageo.com.ar/node_modules/@adonisjs/http-server/build/src/Server/index.js:111:34)
    at processTicksAndRejections (node:internal/process/task_queues:96:5)
Thu Nov 10 2022 12:14:09 GMT-0300 (Argentina Standard Time) Error Handler: TypeError: Cannot read properties of undefined (reading 'status')
    at ExceptionManager.handleError (/home/farmageo/api.farmageo.com.ar/node_modules/@adonisjs/http-server/build/src/Server/ExceptionManager/index.js:41:39)
    at ExceptionManager.handle (/home/farmageo/api.farmageo.com.ar/node_modules/@adonisjs/http-server/build/src/Server/ExceptionManager/index.js:92:20)
    at Server.handleRequest (/home/farmageo/api.farmageo.com.ar/node_modules/@adonisjs/http-server/build/src/Server/index.js:111:34)
    at processTicksAndRejections (node:internal/process/task_queues:96:5)
Thu Nov 10 2022 12:14:09 GMT-0300 (Argentina Standard Time) Error Handler: TypeError: Cannot read properties of undefined (reading 'status')
    at ExceptionManager.handleError (/home/farmageo/api.farmageo.com.ar/node_modules/@adonisjs/http-server/build/src/Server/ExceptionManager/index.js:41:39)
    at ExceptionManager.handle (/home/farmageo/api.farmageo.com.ar/node_modules/@adonisjs/http-server/build/src/Server/ExceptionManager/index.js:92:20)
    at Server.handleRequest (/home/farmageo/api.farmageo.com.ar/node_modules/@adonisjs/http-server/build/src/Server/index.js:111:34)
    at processTicksAndRejections (node:internal/process/task_queues:96:5)
Thu Nov 10 2022 12:14:09 GMT-0300 (Argentina Standard Time) Error Handler: TypeError: Cannot read properties of undefined (reading 'status')
    at ExceptionManager.handleError (/home/farmageo/api.farmageo.com.ar/node_modules/@adonisjs/http-server/build/src/Server/ExceptionManager/index.js:41:39)
    at ExceptionManager.handle (/home/farmageo/api.farmageo.com.ar/node_modules/@adonisjs/http-server/build/src/Server/ExceptionManager/index.js:92:20)
    at Server.handleRequest (/home/farmageo/api.farmageo.com.ar/node_modules/@adonisjs/http-server/build/src/Server/index.js:111:34)
    at processTicksAndRejections (node:internal/process/task_queues:96:5)
Thu Nov 10 2022 12:14:09 GMT-0300 (Argentina Standard Time) Error Handler: TypeError: Cannot read properties of undefined (reading 'status')
    at ExceptionManager.handleError (/home/farmageo/api.farmageo.com.ar/node_modules/@adonisjs/http-server/build/src/Server/ExceptionManager/index.js:41:39)
    at ExceptionManager.handle (/home/farmageo/api.farmageo.com.ar/node_modules/@adonisjs/http-server/build/src/Server/ExceptionManager/index.js:92:20)
    at Server.handleRequest (/home/farmageo/api.farmageo.com.ar/node_modules/@adonisjs/http-server/build/src/Server/index.js:111:34)
    at processTicksAndRejections (node:internal/process/task_queues:96:5)
Thu Nov 10 2022 12:14:09 GMT-0300 (Argentina Standard Time) Error Handler: TypeError: Cannot read properties of undefined (reading 'status')
    at ExceptionManager.handleError (/home/farmageo/api.farmageo.com.ar/node_modules/@adonisjs/http-server/build/src/Server/ExceptionManager/index.js:41:39)
    at ExceptionManager.handle (/home/farmageo/api.farmageo.com.ar/node_modules/@adonisjs/http-server/build/src/Server/ExceptionManager/index.js:92:20)
    at Server.handleRequest (/home/farmageo/api.farmageo.com.ar/node_modules/@adonisjs/http-server/build/src/Server/index.js:111:34)
    at processTicksAndRejections (node:internal/process/task_queues:96:5)
Thu Nov 10 2022 12:14:09 GMT-0300 (Argentina Standard Time) Error Handler: TypeError: Cannot read properties of undefined (reading 'status')
    at ExceptionManager.handleError (/home/farmageo/api.farmageo.com.ar/node_modules/@adonisjs/http-server/build/src/Server/ExceptionManager/index.js:41:39)
    at ExceptionManager.handle (/home/farmageo/api.farmageo.com.ar/node_modules/@adonisjs/http-server/build/src/Server/ExceptionManager/index.js:92:20)
    at Server.handleRequest (/home/farmageo/api.farmageo.com.ar/node_modules/@adonisjs/http-server/build/src/Server/index.js:111:34)
    at processTicksAndRejections (node:internal/process/task_queues:96:5)
Thu Nov 10 2022 12:14:09 GMT-0300 (Argentina Standard Time) Error Handler: TypeError: Cannot read properties of undefined (reading 'status')
    at ExceptionManager.handleError (/home/farmageo/api.farmageo.com.ar/node_modules/@adonisjs/http-server/build/src/Server/ExceptionManager/index.js:41:39)
    at ExceptionManager.handle (/home/farmageo/api.farmageo.com.ar/node_modules/@adonisjs/http-server/build/src/Server/ExceptionManager/index.js:92:20)
    at Server.handleRequest (/home/farmageo/api.farmageo.com.ar/node_modules/@adonisjs/http-server/build/src/Server/index.js:111:34)
    at processTicksAndRejections (node:internal/process/task_queues:96:5)
Thu Nov 10 2022 12:14:09 GMT-0300 (Argentina Standard Time) Error Handler: TypeError: Cannot read properties of undefined (reading 'status')
    at ExceptionManager.handleError (/home/farmageo/api.farmageo.com.ar/node_modules/@adonisjs/http-server/build/src/Server/ExceptionManager/index.js:41:39)
    at ExceptionManager.handle (/home/farmageo/api.farmageo.com.ar/node_modules/@adonisjs/http-server/build/src/Server/ExceptionManager/index.js:92:20)
    at Server.handleRequest (/home/farmageo/api.farmageo.com.ar/node_modules/@adonisjs/http-server/build/src/Server/index.js:111:34)
    at processTicksAndRejections (node:internal/process/task_queues:96:5)
Thu Nov 10 2022 12:14:09 GMT-0300 (Argentina Standard Time) Error Handler: TypeError: Cannot read properties of undefined (reading 'status')
    at ExceptionManager.handleError (/home/farmageo/api.farmageo.com.ar/node_modules/@adonisjs/http-server/build/src/Server/ExceptionManager/index.js:41:39)
    at ExceptionManager.handle (/home/farmageo/api.farmageo.com.ar/node_modules/@adonisjs/http-server/build/src/Server/ExceptionManager/index.js:92:20)
    at Server.handleRequest (/home/farmageo/api.farmageo.com.ar/node_modules/@adonisjs/http-server/build/src/Server/index.js:111:34)
    at processTicksAndRejections (node:internal/process/task_queues:96:5)
Thu Nov 10 2022 12:14:09 GMT-0300 (Argentina Standard Time) Error Handler: TypeError: Cannot read properties of undefined (reading 'status')
    at ExceptionManager.handleError (/home/farmageo/api.farmageo.com.ar/node_modules/@adonisjs/http-server/build/src/Server/ExceptionManager/index.js:41:39)
    at ExceptionManager.handle (/home/farmageo/api.farmageo.com.ar/node_modules/@adonisjs/http-server/build/src/Server/ExceptionManager/index.js:92:20)
    at Server.handleRequest (/home/farmageo/api.farmageo.com.ar/node_modules/@adonisjs/http-server/build/src/Server/index.js:111:34)
    at processTicksAndRejections (node:internal/process/task_queues:96:5)
Thu Nov 10 2022 12:14:09 GMT-0300 (Argentina Standard Time) Error Handler: TypeError: Cannot read properties of undefined (reading 'status')
    at ExceptionManager.handleError (/home/farmageo/api.farmageo.com.ar/node_modules/@adonisjs/http-server/build/src/Server/ExceptionManager/index.js:41:39)
    at ExceptionManager.handle (/home/farmageo/api.farmageo.com.ar/node_modules/@adonisjs/http-server/build/src/Server/ExceptionManager/index.js:92:20)
    at Server.handleRequest (/home/farmageo/api.farmageo.com.ar/node_modules/@adonisjs/http-server/build/src/Server/index.js:111:34)
    at processTicksAndRejections (node:internal/process/task_queues:96:5)
Thu Nov 10 2022 12:14:09 GMT-0300 (Argentina Standard Time) Error Handler: TypeError: Cannot read properties of undefined (reading 'status')
    at ExceptionManager.handleError (/home/farmageo/api.farmageo.com.ar/node_modules/@adonisjs/http-server/build/src/Server/ExceptionManager/index.js:41:39)
    at ExceptionManager.handle (/home/farmageo/api.farmageo.com.ar/node_modules/@adonisjs/http-server/build/src/Server/ExceptionManager/index.js:92:20)
    at Server.handleRequest (/home/farmageo/api.farmageo.com.ar/node_modules/@adonisjs/http-server/build/src/Server/index.js:111:34)
    at processTicksAndRejections (node:internal/process/task_queues:96:5)
Thu Nov 10 2022 12:14:09 GMT-0300 (Argentina Standard Time) Error Handler: TypeError: Cannot read properties of undefined (reading 'status')
    at ExceptionManager.handleError (/home/farmageo/api.farmageo.com.ar/node_modules/@adonisjs/http-server/build/src/Server/ExceptionManager/index.js:41:39)
    at ExceptionManager.handle (/home/farmageo/api.farmageo.com.ar/node_modules/@adonisjs/http-server/build/src/Server/ExceptionManager/index.js:92:20)
    at Server.handleRequest (/home/farmageo/api.farmageo.com.ar/node_modules/@adonisjs/http-server/build/src/Server/index.js:111:34)
    at processTicksAndRejections (node:internal/process/task_queues:96:5)
Thu Nov 10 2022 12:14:09 GMT-0300 (Argentina Standard Time) Error Handler: TypeError: Cannot read properties of undefined (reading 'status')
    at ExceptionManager.handleError (/home/farmageo/api.farmageo.com.ar/node_modules/@adonisjs/http-server/build/src/Server/ExceptionManager/index.js:41:39)
    at ExceptionManager.handle (/home/farmageo/api.farmageo.com.ar/node_modules/@adonisjs/http-server/build/src/Server/ExceptionManager/index.js:92:20)
    at Server.handleRequest (/home/farmageo/api.farmageo.com.ar/node_modules/@adonisjs/http-server/build/src/Server/index.js:111:34)
    at processTicksAndRejections (node:internal/process/task_queues:96:5)
Thu Nov 10 2022 12:14:09 GMT-0300 (Argentina Standard Time) Error Handler: TypeError: Cannot read properties of undefined (reading 'status')
    at ExceptionManager.handleError (/home/farmageo/api.farmageo.com.ar/node_modules/@adonisjs/http-server/build/src/Server/ExceptionManager/index.js:41:39)
    at ExceptionManager.handle (/home/farmageo/api.farmageo.com.ar/node_modules/@adonisjs/http-server/build/src/Server/ExceptionManager/index.js:92:20)
    at Server.handleRequest (/home/farmageo/api.farmageo.com.ar/node_modules/@adonisjs/http-server/build/src/Server/index.js:111:34)
    at processTicksAndRejections (node:internal/process/task_queues:96:5)
Thu Nov 10 2022 12:14:09 GMT-0300 (Argentina Standard Time) Error Handler: TypeError: Cannot read properties of undefined (reading 'status')
    at ExceptionManager.handleError (/home/farmageo/api.farmageo.com.ar/node_modules/@adonisjs/http-server/build/src/Server/ExceptionManager/index.js:41:39)
    at ExceptionManager.handle (/home/farmageo/api.farmageo.com.ar/node_modules/@adonisjs/http-server/build/src/Server/ExceptionManager/index.js:92:20)
    at Server.handleRequest (/home/farmageo/api.farmageo.com.ar/node_modules/@adonisjs/http-server/build/src/Server/index.js:111:34)
    at processTicksAndRejections (node:internal/process/task_queues:96:5)
Thu Nov 10 2022 12:14:09 GMT-0300 (Argentina Standard Time) Error Handler: TypeError: Cannot read properties of undefined (reading 'status')
    at ExceptionManager.handleError (/home/farmageo/api.farmageo.com.ar/node_modules/@adonisjs/http-server/build/src/Server/ExceptionManager/index.js:41:39)
    at ExceptionManager.handle (/home/farmageo/api.farmageo.com.ar/node_modules/@adonisjs/http-server/build/src/Server/ExceptionManager/index.js:92:20)
    at Server.handleRequest (/home/farmageo/api.farmageo.com.ar/node_modules/@adonisjs/http-server/build/src/Server/index.js:111:34)
    at processTicksAndRejections (node:internal/process/task_queues:96:5)
Thu Nov 10 2022 12:14:09 GMT-0300 (Argentina Standard Time) Error Handler: TypeError: Cannot read properties of undefined (reading 'status')
    at ExceptionManager.handleError (/home/farmageo/api.farmageo.com.ar/node_modules/@adonisjs/http-server/build/src/Server/ExceptionManager/index.js:41:39)
    at ExceptionManager.handle (/home/farmageo/api.farmageo.com.ar/node_modules/@adonisjs/http-server/build/src/Server/ExceptionManager/index.js:92:20)
    at Server.handleRequest (/home/farmageo/api.farmageo.com.ar/node_modules/@adonisjs/http-server/build/src/Server/index.js:111:34)
    at processTicksAndRejections (node:internal/process/task_queues:96:5)
Thu Nov 10 2022 12:14:09 GMT-0300 (Argentina Standard Time) Error Handler: TypeError: Cannot read properties of undefined (reading 'status')
    at ExceptionManager.handleError (/home/farmageo/api.farmageo.com.ar/node_modules/@adonisjs/http-server/build/src/Server/ExceptionManager/index.js:41:39)
    at ExceptionManager.handle (/home/farmageo/api.farmageo.com.ar/node_modules/@adonisjs/http-server/build/src/Server/ExceptionManager/index.js:92:20)
    at Server.handleRequest (/home/farmageo/api.farmageo.com.ar/node_modules/@adonisjs/http-server/build/src/Server/index.js:111:34)
    at processTicksAndRejections (node:internal/process/task_queues:96:5)
Thu Nov 10 2022 12:14:09 GMT-0300 (Argentina Standard Time) Error Handler: TypeError: Cannot read properties of undefined (reading 'status')
    at ExceptionManager.handleError (/home/farmageo/api.farmageo.com.ar/node_modules/@adonisjs/http-server/build/src/Server/ExceptionManager/index.js:41:39)
    at ExceptionManager.handle (/home/farmageo/api.farmageo.com.ar/node_modules/@adonisjs/http-server/build/src/Server/ExceptionManager/index.js:92:20)
    at Server.handleRequest (/home/farmageo/api.farmageo.com.ar/node_modules/@adonisjs/http-server/build/src/Server/index.js:111:34)
    at processTicksAndRejections (node:internal/process/task_queues:96:5)
Thu Nov 10 2022 12:14:09 GMT-0300 (Argentina Standard Time) Error Handler: TypeError: Cannot read properties of undefined (reading 'status')
    at ExceptionManager.handleError (/home/farmageo/api.farmageo.com.ar/node_modules/@adonisjs/http-server/build/src/Server/ExceptionManager/index.js:41:39)
    at ExceptionManager.handle (/home/farmageo/api.farmageo.com.ar/node_modules/@adonisjs/http-server/build/src/Server/ExceptionManager/index.js:92:20)
    at Server.handleRequest (/home/farmageo/api.farmageo.com.ar/node_modules/@adonisjs/http-server/build/src/Server/index.js:111:34)
    at processTicksAndRejections (node:internal/process/task_queues:96:5)
Thu Nov 10 2022 12:14:09 GMT-0300 (Argentina Standard Time) Error Handler: TypeError: Cannot read properties of undefined (reading 'status')
    at ExceptionManager.handleError (/home/farmageo/api.farmageo.com.ar/node_modules/@adonisjs/http-server/build/src/Server/ExceptionManager/index.js:41:39)
    at ExceptionManager.handle (/home/farmageo/api.farmageo.com.ar/node_modules/@adonisjs/http-server/build/src/Server/ExceptionManager/index.js:92:20)
    at Server.handleRequest (/home/farmageo/api.farmageo.com.ar/node_modules/@adonisjs/http-server/build/src/Server/index.js:111:34)
    at processTicksAndRejections (node:internal/process/task_queues:96:5)
ArmarListado TypeError: Cannot read properties of undefined (reading 'related')
    at arrayPermisos (/home/farmageo/api.farmageo.com.ar/app/Helper/funciones.ts:199:34)
    at exports.actions.Bouncer_1.default.define.define.define.define.define.allowGuest (/home/farmageo/api.farmageo.com.ar/start/bouncer.ts:117:54)
    at AuthorizationProfiler.profileFunction (/home/farmageo/api.farmageo.com.ar/node_modules/@adonisjs/bouncer/build/src/Profiler/index.js:23:20)
    at ActionsAuthorizer.runAction (/home/farmageo/api.farmageo.com.ar/node_modules/@adonisjs/bouncer/build/src/ActionsAuthorizer/index.js:83:41)
    at ActionsAuthorizer.authorizeAction (/home/farmageo/api.farmageo.com.ar/node_modules/@adonisjs/bouncer/build/src/ActionsAuthorizer/index.js:102:39)
    at processTicksAndRejections (node:internal/process/task_queues:96:5)
    at ActionsAuthorizer.allows (/home/farmageo/api.farmageo.com.ar/node_modules/@adonisjs/bouncer/build/src/ActionsAuthorizer/index.js:145:32)
    at /home/farmageo/api.farmageo.com.ar/app/Helper/configuraciones.ts:46:15
    at async Promise.all (index 4)
    at verificarPermisos (/home/farmageo/api.farmageo.com.ar/app/Helper/configuraciones.ts:44:5)
Thu Nov 10 2022 12:14:09 GMT-0300 (Argentina Standard Time) Error Handler: TypeError: Cannot read properties of undefined (reading 'related')
    at arrayPermisos (/home/farmageo/api.farmageo.com.ar/app/Helper/funciones.ts:199:34)
    at exports.actions.Bouncer_1.default.define.define.define.define.define.allowGuest (/home/farmageo/api.farmageo.com.ar/start/bouncer.ts:117:54)
    at AuthorizationProfiler.profileFunction (/home/farmageo/api.farmageo.com.ar/node_modules/@adonisjs/bouncer/build/src/Profiler/index.js:23:20)
    at ActionsAuthorizer.runAction (/home/farmageo/api.farmageo.com.ar/node_modules/@adonisjs/bouncer/build/src/ActionsAuthorizer/index.js:83:41)
    at ActionsAuthorizer.authorizeAction (/home/farmageo/api.farmageo.com.ar/node_modules/@adonisjs/bouncer/build/src/ActionsAuthorizer/index.js:102:39)
    at processTicksAndRejections (node:internal/process/task_queues:96:5)
    at ActionsAuthorizer.allows (/home/farmageo/api.farmageo.com.ar/node_modules/@adonisjs/bouncer/build/src/ActionsAuthorizer/index.js:145:32)
    at /home/farmageo/api.farmageo.com.ar/app/Helper/configuraciones.ts:46:15
    at async Promise.all (index 4)
    at verificarPermisos (/home/farmageo/api.farmageo.com.ar/app/Helper/configuraciones.ts:44:5)
undefined
[1668093249992] [41mFATAL[49m (apirest/1652298 on vps2.farmageo.com): [36m"uncaughtException" detected[39m
    TypeError: Cannot read properties of undefined (reading 'Permisos')
        at eval (eval at <anonymous> (/home/farmageo/api.farmageo.com.ar/app/Helper/configuraciones.ts:1202:23), <anonymous>:1:18)
        at /home/farmageo/api.farmageo.com.ar/app/Helper/configuraciones.ts:1202:23
        at Array.map (<anonymous>)
        at Function.ConfBuilder.setOpciones (/home/farmageo/api.farmageo.com.ar/app/Helper/configuraciones.ts:1199:25)
        at Function.ConfBuilder.armarListado (/home/farmageo/api.farmageo.com.ar/app/Helper/configuraciones.ts:754:27)
        at /home/farmageo/api.farmageo.com.ar/app/Controllers/Http/ConfigsController.ts:146:36
        at Array.map (<anonymous>)
        at ConfigsController.ConfigPantalla (/home/farmageo/api.farmageo.com.ar/app/Controllers/Http/ConfigsController.ts:141:18)
        at processTicksAndRejections (node:internal/process/task_queues:96:5)
        at Object.PreCompiler.runRouteHandler [as fn] (/home/farmageo/api.farmageo.com.ar/node_modules/@adonisjs/http-server/build/src/Server/PreCompiler/index.js:47:31)
Error no Capturado a tiempo
Error no Capturado a tiempo
Error no Capturado a tiempo
Error no Capturado a tiempo
Error no Capturado a tiempo
Error no Capturado a tiempo
Error no Capturado a tiempo
Error no Capturado a tiempo
Error no Capturado a tiempo
Error no Capturado a tiempo
Error no Capturado a tiempo
Error no Capturado a tiempo
Error no Capturado a tiempo
Error no Capturado a tiempo
Error no Capturado a tiempo
Error no Capturado a tiempo
Error no Capturado a tiempo
Error no Capturado a tiempo
Error no Capturado a tiempo
Error no Capturado a tiempo
Error no Capturado a tiempo
Error no Capturado a tiempo
Error no Capturado a tiempo
Error no Capturado a tiempo
Error no Capturado a tiempo
Error no Capturado a tiempo
Error no Capturado a tiempo
Error no Capturado a tiempo
Error no Capturado a tiempo
Error no Capturado a tiempo
Error no Capturado a tiempo
Error no Capturado a tiempo
Error no Capturado a tiempo
Error no Capturado a tiempo
Error no Capturado a tiempo
Error no Capturado a tiempo
Error no Capturado a tiempo
Error no Capturado a tiempo
Error no Capturado a tiempo
Error no Capturado a tiempo
Error no Capturado a tiempo
Error no Capturado a tiempo
Error no Capturado a tiempo
Error no Capturado a tiempo
Error no Capturado a tiempo
Error no Capturado a tiempo
Error no Capturado a tiempo
Error no Capturado a tiempo
Error no Capturado a tiempo
Error no Capturado a tiempo
Error no Capturado a tiempo
Error no Capturado a tiempo
Error no Capturado a tiempo
Error no Capturado a tiempo
Error no Capturado a tiempo
Error no Capturado a tiempo
Error no Capturado a tiempo
Error no Capturado a tiempo
Error no Capturado a tiempo
Error no Capturado a tiempo
Error no Capturado a tiempo
Error no Capturado a tiempo
Error no Capturado a tiempo
Error no Capturado a tiempo
Error no Capturado a tiempo
Error no Capturado a tiempo
Error no Capturado a tiempo
Error no Capturado a tiempo
Error no Capturado a tiempo
Error no Capturado a tiempo
Error no Capturado a tiempo
Error no Capturado a tiempo
Error no Capturado a tiempo
Error no Capturado a tiempo
Error no Capturado a tiempo
Error no Capturado a tiempo
Error no Capturado a tiempo
Error no Capturado a tiempo
Error no Capturado a tiempo
Error no Capturado a tiempo
Error no Capturado a tiempo
Error no Capturado a tiempo
Error no Capturado a tiempo
Error no Capturado a tiempo
Error no Capturado a tiempo
Error no Capturado a tiempo
Error no Capturado a tiempo
Error no Capturado a tiempo
Error no Capturado a tiempo
Error no Capturado a tiempo
Error no Capturado a tiempo
Error no Capturado a tiempo
Error no Capturado a tiempo
Error no Capturado a tiempo
Error no Capturado a tiempo
Error no Capturado a tiempo
Error no Capturado a tiempo
Error no Capturado a tiempo
Error no Capturado a tiempo
Error no Capturado a tiempo
Error no Capturado a tiempo
Error no Capturado a tiempo
Error no Capturado a tiempo
Error no Capturado a tiempo
Error no Capturado a tiempo
Error no Capturado a tiempo
Error no Capturado a tiempo
Error no Capturado a tiempo
Error no Capturado a tiempo
Error no Capturado a tiempo
Error no Capturado a tiempo
Error no Capturado a tiempo
Error no Capturado a tiempo
Error no Capturado a tiempo
Error no Capturado a tiempo
Error no Capturado a tiempo
Error no Capturado a tiempo
Error no Capturado a tiempo
Error no Capturado a tiempo
Error no Capturado a tiempo
Error no Capturado a tiempo
Error no Capturado a tiempo
Error no Capturado a tiempo
Error no Capturado a tiempo
Error no Capturado a tiempo
Error no Capturado a tiempo
Error no Capturado a tiempo
Error no Capturado a tiempo
Error no Capturado a tiempo
Error no Capturado a tiempo
Error no Capturado a tiempo
Error no Capturado a tiempo
Error no Capturado a tiempo
Error no Capturado a tiempo
Error no Capturado a tiempo
Error no Capturado a tiempo
Error no Capturado a tiempo
Error no Capturado a tiempo
Error no Capturado a tiempo
Error no Capturado a tiempo
Error no Capturado a tiempo
Error no Capturado a tiempo
Error no Capturado a tiempo
Error no Capturado a tiempo
Error no Capturado a tiempo
Error no Capturado a tiempo
Error no Capturado a tiempo
Error no Capturado a tiempo
Error no Capturado a tiempo
Error no Capturado a tiempo
Error no Capturado a tiempo
Error no Capturado a tiempo
Error no Capturado a tiempo
Error no Capturado a tiempo
Error no Capturado a tiempo
Error no Capturado a tiempo
Error no Capturado a tiempo
Error no Capturado a tiempo
Error no Capturado a tiempo
Error no Capturado a tiempo
Error no Capturado a tiempo
Error no Capturado a tiempo
Error no Capturado a tiempo
Error no Capturado a tiempo
Error no Capturado a tiempo
Error no Capturado a tiempo
Error no Capturado a tiempo
Error no Capturado a tiempo
Error no Capturado a tiempo
Error no Capturado a tiempo
Error no Capturado a tiempo
Error no Capturado a tiempo
Error no Capturado a tiempo
Error no Capturado a tiempo
Error no Capturado a tiempo
Error no Capturado a tiempo
Error no Capturado a tiempo
Error no Capturado a tiempo
Error no Capturado a tiempo
Error no Capturado a tiempo
Error no Capturado a tiempo
Error no Capturado a tiempo
Error no Capturado a tiempo
Error no Capturado a tiempo
Error no Capturado a tiempo
Error no Capturado a tiempo
Error no Capturado a tiempo
Error no Capturado a tiempo
Error no Capturado a tiempo
Error no Capturado a tiempo
Error no Capturado a tiempo
Error no Capturado a tiempo
Error no Capturado a tiempo
Error no Capturado a tiempo
Error no Capturado a tiempo
Error no Capturado a tiempo
Error no Capturado a tiempo
Error no Capturado a tiempo
Error no Capturado a tiempo
Error no Capturado a tiempo
Error no Capturado a tiempo
Error no Capturado a tiempo
Error no Capturado a tiempo
Error no Capturado a tiempo
Error no Capturado a tiempo
Error no Capturado a tiempo
Error no Capturado a tiempo
Error no Capturado a tiempo
Error no Capturado a tiempo
Error no Capturado a tiempo
Error no Capturado a tiempo
Error no Capturado a tiempo
Error no Capturado a tiempo
Error no Capturado a tiempo
Error no Capturado a tiempo
Error no Capturado a tiempo
Error no Capturado a tiempo
Error no Capturado a tiempo
Error no Capturado a tiempo
Error no Capturado a tiempo
Error no Capturado a tiempo
Error no Capturado a tiempo
Error no Capturado a tiempo
Error no Capturado a tiempo
Error no Capturado a tiempo
Error no Capturado a tiempo
Error no Capturado a tiempo
Error no Capturado a tiempo
Error no Capturado a tiempo
Error no Capturado a tiempo
Error no Capturado a tiempo
Error no Capturado a tiempo
Error no Capturado a tiempo
Error no Capturado a tiempo
Error no Capturado a tiempo
Error no Capturado a tiempo
Error no Capturado a tiempo
Error no Capturado a tiempo
Error no Capturado a tiempo
Error no Capturado a tiempo
Error no Capturado a tiempo
Error no Capturado a tiempo
Error no Capturado a tiempo
Error no Capturado a tiempo
Error no Capturado a tiempo
Error no Capturado a tiempo
Error no Capturado a tiempo
Error no Capturado a tiempo
Error no Capturado a tiempo
Error no Capturado a tiempo
Error no Capturado a tiempo
Error no Capturado a tiempo
Error no Capturado a tiempo
Error no Capturado a tiempo
Error no Capturado a tiempo
Error no Capturado a tiempo
Error no Capturado a tiempo
Error no Capturado a tiempo
Error no Capturado a tiempo
Error no Capturado a tiempo
Error no Capturado a tiempo
Error no Capturado a tiempo
Error no Capturado a tiempo
Error no Capturado a tiempo
Error no Capturado a tiempo
Error no Capturado a tiempo
Thu Nov 10 2022 12:14:09 GMT-0300 (Argentina Standard Time) Error Handler: TypeError: Cannot read properties of undefined (reading 'Permisos')
    at eval (eval at <anonymous> (/home/farmageo/api.farmageo.com.ar/app/Helper/configuraciones.ts:1202:23), <anonymous>:1:18)
    at /home/farmageo/api.farmageo.com.ar/app/Helper/configuraciones.ts:1202:23
    at Array.map (<anonymous>)
    at Function.ConfBuilder.setOpciones (/home/farmageo/api.farmageo.com.ar/app/Helper/configuraciones.ts:1199:25)
    at Function.ConfBuilder.armarListado (/home/farmageo/api.farmageo.com.ar/app/Helper/configuraciones.ts:754:27)
    at /home/farmageo/api.farmageo.com.ar/app/Controllers/Http/ConfigsController.ts:146:36
    at Array.map (<anonymous>)
    at ConfigsController.ConfigPantalla (/home/farmageo/api.farmageo.com.ar/app/Controllers/Http/ConfigsController.ts:141:18)
    at processTicksAndRejections (node:internal/process/task_queues:96:5)
    at Object.PreCompiler.runRouteHandler [as fn] (/home/farmageo/api.farmageo.com.ar/node_modules/@adonisjs/http-server/build/src/Server/PreCompiler/index.js:47:31)
Thu Nov 10 2022 12:14:09 GMT-0300 (Argentina Standard Time) Error Handler: TypeError: Cannot read properties of undefined (reading 'Permisos')
    at eval (eval at <anonymous> (/home/farmageo/api.farmageo.com.ar/app/Helper/configuraciones.ts:1202:23), <anonymous>:1:18)
    at /home/farmageo/api.farmageo.com.ar/app/Helper/configuraciones.ts:1202:23
    at Array.map (<anonymous>)
    at Function.ConfBuilder.setOpciones (/home/farmageo/api.farmageo.com.ar/app/Helper/configuraciones.ts:1199:25)
    at Function.ConfBuilder.armarListado (/home/farmageo/api.farmageo.com.ar/app/Helper/configuraciones.ts:754:27)
    at /home/farmageo/api.farmageo.com.ar/app/Controllers/Http/ConfigsController.ts:146:36
    at Array.map (<anonymous>)
    at ConfigsController.ConfigPantalla (/home/farmageo/api.farmageo.com.ar/app/Controllers/Http/ConfigsController.ts:141:18)
    at processTicksAndRejections (node:internal/process/task_queues:96:5)
    at Object.PreCompiler.runRouteHandler [as fn] (/home/farmageo/api.farmageo.com.ar/node_modules/@adonisjs/http-server/build/src/Server/PreCompiler/index.js:47:31)
Thu Nov 10 2022 12:14:09 GMT-0300 (Argentina Standard Time) Error Handler: TypeError: Cannot read properties of undefined (reading 'Permisos')
    at eval (eval at <anonymous> (/home/farmageo/api.farmageo.com.ar/app/Helper/configuraciones.ts:1202:23), <anonymous>:1:18)
    at /home/farmageo/api.farmageo.com.ar/app/Helper/configuraciones.ts:1202:23
    at Array.map (<anonymous>)
    at Function.ConfBuilder.setOpciones (/home/farmageo/api.farmageo.com.ar/app/Helper/configuraciones.ts:1199:25)
    at Function.ConfBuilder.armarListado (/home/farmageo/api.farmageo.com.ar/app/Helper/configuraciones.ts:754:27)
    at /home/farmageo/api.farmageo.com.ar/app/Controllers/Http/ConfigsController.ts:146:36
    at Array.map (<anonymous>)
    at ConfigsController.ConfigPantalla (/home/farmageo/api.farmageo.com.ar/app/Controllers/Http/ConfigsController.ts:141:18)
    at processTicksAndRejections (node:internal/process/task_queues:96:5)
    at Object.PreCompiler.runRouteHandler [as fn] (/home/farmageo/api.farmageo.com.ar/node_modules/@adonisjs/http-server/build/src/Server/PreCompiler/index.js:47:31)
Thu Nov 10 2022 12:14:09 GMT-0300 (Argentina Standard Time) Error Handler: TypeError: Cannot read properties of undefined (reading 'Permisos')
    at eval (eval at <anonymous> (/home/farmageo/api.farmageo.com.ar/app/Helper/configuraciones.ts:1202:23), <anonymous>:1:18)
    at /home/farmageo/api.farmageo.com.ar/app/Helper/configuraciones.ts:1202:23
    at Array.map (<anonymous>)
    at Function.ConfBuilder.setOpciones (/home/farmageo/api.farmageo.com.ar/app/Helper/configuraciones.ts:1199:25)
    at Function.ConfBuilder.armarListado (/home/farmageo/api.farmageo.com.ar/app/Helper/configuraciones.ts:754:27)
    at /home/farmageo/api.farmageo.com.ar/app/Controllers/Http/ConfigsController.ts:146:36
    at Array.map (<anonymous>)
    at ConfigsController.ConfigPantalla (/home/farmageo/api.farmageo.com.ar/app/Controllers/Http/ConfigsController.ts:141:18)
    at processTicksAndRejections (node:internal/process/task_queues:96:5)
    at Object.PreCompiler.runRouteHandler [as fn] (/home/farmageo/api.farmageo.com.ar/node_modules/@adonisjs/http-server/build/src/Server/PreCompiler/index.js:47:31)
Thu Nov 10 2022 12:14:09 GMT-0300 (Argentina Standard Time) Error Handler: TypeError: Cannot read properties of undefined (reading 'Permisos')
    at eval (eval at <anonymous> (/home/farmageo/api.farmageo.com.ar/app/Helper/configuraciones.ts:1202:23), <anonymous>:1:18)
    at /home/farmageo/api.farmageo.com.ar/app/Helper/configuraciones.ts:1202:23
    at Array.map (<anonymous>)
    at Function.ConfBuilder.setOpciones (/home/farmageo/api.farmageo.com.ar/app/Helper/configuraciones.ts:1199:25)
    at Function.ConfBuilder.armarListado (/home/farmageo/api.farmageo.com.ar/app/Helper/configuraciones.ts:754:27)
    at /home/farmageo/api.farmageo.com.ar/app/Controllers/Http/ConfigsController.ts:146:36
    at Array.map (<anonymous>)
    at ConfigsController.ConfigPantalla (/home/farmageo/api.farmageo.com.ar/app/Controllers/Http/ConfigsController.ts:141:18)
    at processTicksAndRejections (node:internal/process/task_queues:96:5)
    at Object.PreCompiler.runRouteHandler [as fn] (/home/farmageo/api.farmageo.com.ar/node_modules/@adonisjs/http-server/build/src/Server/PreCompiler/index.js:47:31)
Thu Nov 10 2022 12:14:09 GMT-0300 (Argentina Standard Time) Error Handler: TypeError: Cannot read properties of undefined (reading 'Permisos')
    at eval (eval at <anonymous> (/home/farmageo/api.farmageo.com.ar/app/Helper/configuraciones.ts:1202:23), <anonymous>:1:18)
    at /home/farmageo/api.farmageo.com.ar/app/Helper/configuraciones.ts:1202:23
    at Array.map (<anonymous>)
    at Function.ConfBuilder.setOpciones (/home/farmageo/api.farmageo.com.ar/app/Helper/configuraciones.ts:1199:25)
    at Function.ConfBuilder.armarListado (/home/farmageo/api.farmageo.com.ar/app/Helper/configuraciones.ts:754:27)
    at /home/farmageo/api.farmageo.com.ar/app/Controllers/Http/ConfigsController.ts:146:36
    at Array.map (<anonymous>)
    at ConfigsController.ConfigPantalla (/home/farmageo/api.farmageo.com.ar/app/Controllers/Http/ConfigsController.ts:141:18)
    at processTicksAndRejections (node:internal/process/task_queues:96:5)
    at Object.PreCompiler.runRouteHandler [as fn] (/home/farmageo/api.farmageo.com.ar/node_modules/@adonisjs/http-server/build/src/Server/PreCompiler/index.js:47:31)
Thu Nov 10 2022 12:14:09 GMT-0300 (Argentina Standard Time) Error Handler: TypeError: Cannot read properties of undefined (reading 'Permisos')
    at eval (eval at <anonymous> (/home/farmageo/api.farmageo.com.ar/app/Helper/configuraciones.ts:1202:23), <anonymous>:1:18)
    at /home/farmageo/api.farmageo.com.ar/app/Helper/configuraciones.ts:1202:23
    at Array.map (<anonymous>)
    at Function.ConfBuilder.setOpciones (/home/farmageo/api.farmageo.com.ar/app/Helper/configuraciones.ts:1199:25)
    at Function.ConfBuilder.armarListado (/home/farmageo/api.farmageo.com.ar/app/Helper/configuraciones.ts:754:27)
    at /home/farmageo/api.farmageo.com.ar/app/Controllers/Http/ConfigsController.ts:146:36
    at Array.map (<anonymous>)
    at ConfigsController.ConfigPantalla (/home/farmageo/api.farmageo.com.ar/app/Controllers/Http/ConfigsController.ts:141:18)
    at processTicksAndRejections (node:internal/process/task_queues:96:5)
    at Object.PreCompiler.runRouteHandler [as fn] (/home/farmageo/api.farmageo.com.ar/node_modules/@adonisjs/http-server/build/src/Server/PreCompiler/index.js:47:31)
Thu Nov 10 2022 12:14:09 GMT-0300 (Argentina Standard Time) Error Handler: TypeError: Cannot read properties of undefined (reading 'Permisos')
    at eval (eval at <anonymous> (/home/farmageo/api.farmageo.com.ar/app/Helper/configuraciones.ts:1202:23), <anonymous>:1:18)
    at /home/farmageo/api.farmageo.com.ar/app/Helper/configuraciones.ts:1202:23
    at Array.map (<anonymous>)
    at Function.ConfBuilder.setOpciones (/home/farmageo/api.farmageo.com.ar/app/Helper/configuraciones.ts:1199:25)
    at Function.ConfBuilder.armarListado (/home/farmageo/api.farmageo.com.ar/app/Helper/configuraciones.ts:754:27)
    at /home/farmageo/api.farmageo.com.ar/app/Controllers/Http/ConfigsController.ts:146:36
    at Array.map (<anonymous>)
    at ConfigsController.ConfigPantalla (/home/farmageo/api.farmageo.com.ar/app/Controllers/Http/ConfigsController.ts:141:18)
    at processTicksAndRejections (node:internal/process/task_queues:96:5)
    at Object.PreCompiler.runRouteHandler [as fn] (/home/farmageo/api.farmageo.com.ar/node_modules/@adonisjs/http-server/build/src/Server/PreCompiler/index.js:47:31)
Thu Nov 10 2022 12:14:09 GMT-0300 (Argentina Standard Time) Error Handler: TypeError: Cannot read properties of undefined (reading 'Permisos')
    at eval (eval at <anonymous> (/home/farmageo/api.farmageo.com.ar/app/Helper/configuraciones.ts:1202:23), <anonymous>:1:18)
    at /home/farmageo/api.farmageo.com.ar/app/Helper/configuraciones.ts:1202:23
    at Array.map (<anonymous>)
    at Function.ConfBuilder.setOpciones (/home/farmageo/api.farmageo.com.ar/app/Helper/configuraciones.ts:1199:25)
    at Function.ConfBuilder.armarListado (/home/farmageo/api.farmageo.com.ar/app/Helper/configuraciones.ts:754:27)
    at /home/farmageo/api.farmageo.com.ar/app/Controllers/Http/ConfigsController.ts:146:36
    at Array.map (<anonymous>)
    at ConfigsController.ConfigPantalla (/home/farmageo/api.farmageo.com.ar/app/Controllers/Http/ConfigsController.ts:141:18)
    at processTicksAndRejections (node:internal/process/task_queues:96:5)
    at Object.PreCompiler.runRouteHandler [as fn] (/home/farmageo/api.farmageo.com.ar/node_modules/@adonisjs/http-server/build/src/Server/PreCompiler/index.js:47:31)
Thu Nov 10 2022 12:14:09 GMT-0300 (Argentina Standard Time) Error Handler: TypeError: Cannot read properties of undefined (reading 'Permisos')
    at eval (eval at <anonymous> (/home/farmageo/api.farmageo.com.ar/app/Helper/configuraciones.ts:1202:23), <anonymous>:1:18)
    at /home/farmageo/api.farmageo.com.ar/app/Helper/configuraciones.ts:1202:23
    at Array.map (<anonymous>)
    at Function.ConfBuilder.setOpciones (/home/farmageo/api.farmageo.com.ar/app/Helper/configuraciones.ts:1199:25)
    at Function.ConfBuilder.armarListado (/home/farmageo/api.farmageo.com.ar/app/Helper/configuraciones.ts:754:27)
    at /home/farmageo/api.farmageo.com.ar/app/Controllers/Http/ConfigsController.ts:146:36
    at Array.map (<anonymous>)
    at ConfigsController.ConfigPantalla (/home/farmageo/api.farmageo.com.ar/app/Controllers/Http/ConfigsController.ts:141:18)
    at processTicksAndRejections (node:internal/process/task_queues:96:5)
    at Object.PreCompiler.runRouteHandler [as fn] (/home/farmageo/api.farmageo.com.ar/node_modules/@adonisjs/http-server/build/src/Server/PreCompiler/index.js:47:31)
Thu Nov 10 2022 12:14:09 GMT-0300 (Argentina Standard Time) Error Handler: TypeError: Cannot read properties of undefined (reading 'Permisos')
    at eval (eval at <anonymous> (/home/farmageo/api.farmageo.com.ar/app/Helper/configuraciones.ts:1202:23), <anonymous>:1:18)
    at /home/farmageo/api.farmageo.com.ar/app/Helper/configuraciones.ts:1202:23
    at Array.map (<anonymous>)
    at Function.ConfBuilder.setOpciones (/home/farmageo/api.farmageo.com.ar/app/Helper/configuraciones.ts:1199:25)
    at Function.ConfBuilder.armarListado (/home/farmageo/api.farmageo.com.ar/app/Helper/configuraciones.ts:754:27)
    at /home/farmageo/api.farmageo.com.ar/app/Controllers/Http/ConfigsController.ts:146:36
    at Array.map (<anonymous>)
    at ConfigsController.ConfigPantalla (/home/farmageo/api.farmageo.com.ar/app/Controllers/Http/ConfigsController.ts:141:18)
    at processTicksAndRejections (node:internal/process/task_queues:96:5)
    at Object.PreCompiler.runRouteHandler [as fn] (/home/farmageo/api.farmageo.com.ar/node_modules/@adonisjs/http-server/build/src/Server/PreCompiler/index.js:47:31)
Thu Nov 10 2022 12:14:09 GMT-0300 (Argentina Standard Time) Error Handler: TypeError: Cannot read properties of undefined (reading 'Permisos')
    at eval (eval at <anonymous> (/home/farmageo/api.farmageo.com.ar/app/Helper/configuraciones.ts:1202:23), <anonymous>:1:18)
    at /home/farmageo/api.farmageo.com.ar/app/Helper/configuraciones.ts:1202:23
    at Array.map (<anonymous>)
    at Function.ConfBuilder.setOpciones (/home/farmageo/api.farmageo.com.ar/app/Helper/configuraciones.ts:1199:25)
    at Function.ConfBuilder.armarListado (/home/farmageo/api.farmageo.com.ar/app/Helper/configuraciones.ts:754:27)
    at /home/farmageo/api.farmageo.com.ar/app/Controllers/Http/ConfigsController.ts:146:36
    at Array.map (<anonymous>)
    at ConfigsController.ConfigPantalla (/home/farmageo/api.farmageo.com.ar/app/Controllers/Http/ConfigsController.ts:141:18)
    at processTicksAndRejections (node:internal/process/task_queues:96:5)
    at Object.PreCompiler.runRouteHandler [as fn] (/home/farmageo/api.farmageo.com.ar/node_modules/@adonisjs/http-server/build/src/Server/PreCompiler/index.js:47:31)
Thu Nov 10 2022 12:14:09 GMT-0300 (Argentina Standard Time) Error Handler: TypeError: Cannot read properties of undefined (reading 'Permisos')
    at eval (eval at <anonymous> (/home/farmageo/api.farmageo.com.ar/app/Helper/configuraciones.ts:1202:23), <anonymous>:1:18)
    at /home/farmageo/api.farmageo.com.ar/app/Helper/configuraciones.ts:1202:23
    at Array.map (<anonymous>)
    at Function.ConfBuilder.setOpciones (/home/farmageo/api.farmageo.com.ar/app/Helper/configuraciones.ts:1199:25)
    at Function.ConfBuilder.armarListado (/home/farmageo/api.farmageo.com.ar/app/Helper/configuraciones.ts:754:27)
    at /home/farmageo/api.farmageo.com.ar/app/Controllers/Http/ConfigsController.ts:146:36
    at Array.map (<anonymous>)
    at ConfigsController.ConfigPantalla (/home/farmageo/api.farmageo.com.ar/app/Controllers/Http/ConfigsController.ts:141:18)
    at processTicksAndRejections (node:internal/process/task_queues:96:5)
    at Object.PreCompiler.runRouteHandler [as fn] (/home/farmageo/api.farmageo.com.ar/node_modules/@adonisjs/http-server/build/src/Server/PreCompiler/index.js:47:31)
Thu Nov 10 2022 12:14:09 GMT-0300 (Argentina Standard Time) Error Handler: TypeError: Cannot read properties of undefined (reading 'Permisos')
    at eval (eval at <anonymous> (/home/farmageo/api.farmageo.com.ar/app/Helper/configuraciones.ts:1202:23), <anonymous>:1:18)
    at /home/farmageo/api.farmageo.com.ar/app/Helper/configuraciones.ts:1202:23
    at Array.map (<anonymous>)
    at Function.ConfBuilder.setOpciones (/home/farmageo/api.farmageo.com.ar/app/Helper/configuraciones.ts:1199:25)
    at Function.ConfBuilder.armarListado (/home/farmageo/api.farmageo.com.ar/app/Helper/configuraciones.ts:754:27)
    at /home/farmageo/api.farmageo.com.ar/app/Controllers/Http/ConfigsController.ts:146:36
    at Array.map (<anonymous>)
    at ConfigsController.ConfigPantalla (/home/farmageo/api.farmageo.com.ar/app/Controllers/Http/ConfigsController.ts:141:18)
    at processTicksAndRejections (node:internal/process/task_queues:96:5)
    at Object.PreCompiler.runRouteHandler [as fn] (/home/farmageo/api.farmageo.com.ar/node_modules/@adonisjs/http-server/build/src/Server/PreCompiler/index.js:47:31)
Thu Nov 10 2022 12:14:09 GMT-0300 (Argentina Standard Time) Error Handler: TypeError: Cannot read properties of undefined (reading 'Permisos')
    at eval (eval at <anonymous> (/home/farmageo/api.farmageo.com.ar/app/Helper/configuraciones.ts:1202:23), <anonymous>:1:18)
    at /home/farmageo/api.farmageo.com.ar/app/Helper/configuraciones.ts:1202:23
    at Array.map (<anonymous>)
    at Function.ConfBuilder.setOpciones (/home/farmageo/api.farmageo.com.ar/app/Helper/configuraciones.ts:1199:25)
    at Function.ConfBuilder.armarListado (/home/farmageo/api.farmageo.com.ar/app/Helper/configuraciones.ts:754:27)
    at /home/farmageo/api.farmageo.com.ar/app/Controllers/Http/ConfigsController.ts:146:36
    at Array.map (<anonymous>)
    at ConfigsController.ConfigPantalla (/home/farmageo/api.farmageo.com.ar/app/Controllers/Http/ConfigsController.ts:141:18)
    at processTicksAndRejections (node:internal/process/task_queues:96:5)
    at Object.PreCompiler.runRouteHandler [as fn] (/home/farmageo/api.farmageo.com.ar/node_modules/@adonisjs/http-server/build/src/Server/PreCompiler/index.js:47:31)
Thu Nov 10 2022 12:14:09 GMT-0300 (Argentina Standard Time) Error Handler: TypeError: Cannot read properties of undefined (reading 'Permisos')
    at eval (eval at <anonymous> (/home/farmageo/api.farmageo.com.ar/app/Helper/configuraciones.ts:1202:23), <anonymous>:1:18)
    at /home/farmageo/api.farmageo.com.ar/app/Helper/configuraciones.ts:1202:23
    at Array.map (<anonymous>)
    at Function.ConfBuilder.setOpciones (/home/farmageo/api.farmageo.com.ar/app/Helper/configuraciones.ts:1199:25)
    at Function.ConfBuilder.armarListado (/home/farmageo/api.farmageo.com.ar/app/Helper/configuraciones.ts:754:27)
    at /home/farmageo/api.farmageo.com.ar/app/Controllers/Http/ConfigsController.ts:146:36
    at Array.map (<anonymous>)
    at ConfigsController.ConfigPantalla (/home/farmageo/api.farmageo.com.ar/app/Controllers/Http/ConfigsController.ts:141:18)
    at processTicksAndRejections (node:internal/process/task_queues:96:5)
    at Object.PreCompiler.runRouteHandler [as fn] (/home/farmageo/api.farmageo.com.ar/node_modules/@adonisjs/http-server/build/src/Server/PreCompiler/index.js:47:31)
Thu Nov 10 2022 12:14:09 GMT-0300 (Argentina Standard Time) Error Handler: TypeError: Cannot read properties of undefined (reading 'Permisos')
    at eval (eval at <anonymous> (/home/farmageo/api.farmageo.com.ar/app/Helper/configuraciones.ts:1202:23), <anonymous>:1:18)
    at /home/farmageo/api.farmageo.com.ar/app/Helper/configuraciones.ts:1202:23
    at Array.map (<anonymous>)
    at Function.ConfBuilder.setOpciones (/home/farmageo/api.farmageo.com.ar/app/Helper/configuraciones.ts:1199:25)
    at Function.ConfBuilder.armarListado (/home/farmageo/api.farmageo.com.ar/app/Helper/configuraciones.ts:754:27)
    at /home/farmageo/api.farmageo.com.ar/app/Controllers/Http/ConfigsController.ts:146:36
    at Array.map (<anonymous>)
    at ConfigsController.ConfigPantalla (/home/farmageo/api.farmageo.com.ar/app/Controllers/Http/ConfigsController.ts:141:18)
    at processTicksAndRejections (node:internal/process/task_queues:96:5)
    at Object.PreCompiler.runRouteHandler [as fn] (/home/farmageo/api.farmageo.com.ar/node_modules/@adonisjs/http-server/build/src/Server/PreCompiler/index.js:47:31)
Thu Nov 10 2022 12:14:09 GMT-0300 (Argentina Standard Time) Error Handler: TypeError: Cannot read properties of undefined (reading 'Permisos')
    at eval (eval at <anonymous> (/home/farmageo/api.farmageo.com.ar/app/Helper/configuraciones.ts:1202:23), <anonymous>:1:18)
    at /home/farmageo/api.farmageo.com.ar/app/Helper/configuraciones.ts:1202:23
    at Array.map (<anonymous>)
    at Function.ConfBuilder.setOpciones (/home/farmageo/api.farmageo.com.ar/app/Helper/configuraciones.ts:1199:25)
    at Function.ConfBuilder.armarListado (/home/farmageo/api.farmageo.com.ar/app/Helper/configuraciones.ts:754:27)
    at /home/farmageo/api.farmageo.com.ar/app/Controllers/Http/ConfigsController.ts:146:36
    at Array.map (<anonymous>)
    at ConfigsController.ConfigPantalla (/home/farmageo/api.farmageo.com.ar/app/Controllers/Http/ConfigsController.ts:141:18)
    at processTicksAndRejections (node:internal/process/task_queues:96:5)
    at Object.PreCompiler.runRouteHandler [as fn] (/home/farmageo/api.farmageo.com.ar/node_modules/@adonisjs/http-server/build/src/Server/PreCompiler/index.js:47:31)
Thu Nov 10 2022 12:14:09 GMT-0300 (Argentina Standard Time) Error Handler: TypeError: Cannot read properties of undefined (reading 'Permisos')
    at eval (eval at <anonymous> (/home/farmageo/api.farmageo.com.ar/app/Helper/configuraciones.ts:1202:23), <anonymous>:1:18)
    at /home/farmageo/api.farmageo.com.ar/app/Helper/configuraciones.ts:1202:23
    at Array.map (<anonymous>)
    at Function.ConfBuilder.setOpciones (/home/farmageo/api.farmageo.com.ar/app/Helper/configuraciones.ts:1199:25)
    at Function.ConfBuilder.armarListado (/home/farmageo/api.farmageo.com.ar/app/Helper/configuraciones.ts:754:27)
    at /home/farmageo/api.farmageo.com.ar/app/Controllers/Http/ConfigsController.ts:146:36
    at Array.map (<anonymous>)
    at ConfigsController.ConfigPantalla (/home/farmageo/api.farmageo.com.ar/app/Controllers/Http/ConfigsController.ts:141:18)
    at processTicksAndRejections (node:internal/process/task_queues:96:5)
    at Object.PreCompiler.runRouteHandler [as fn] (/home/farmageo/api.farmageo.com.ar/node_modules/@adonisjs/http-server/build/src/Server/PreCompiler/index.js:47:31)
Thu Nov 10 2022 12:14:09 GMT-0300 (Argentina Standard Time) Error Handler: TypeError: Cannot read properties of undefined (reading 'Permisos')
    at eval (eval at <anonymous> (/home/farmageo/api.farmageo.com.ar/app/Helper/configuraciones.ts:1202:23), <anonymous>:1:18)
    at /home/farmageo/api.farmageo.com.ar/app/Helper/configuraciones.ts:1202:23
    at Array.map (<anonymous>)
    at Function.ConfBuilder.setOpciones (/home/farmageo/api.farmageo.com.ar/app/Helper/configuraciones.ts:1199:25)
    at Function.ConfBuilder.armarListado (/home/farmageo/api.farmageo.com.ar/app/Helper/configuraciones.ts:754:27)
    at /home/farmageo/api.farmageo.com.ar/app/Controllers/Http/ConfigsController.ts:146:36
    at Array.map (<anonymous>)
    at ConfigsController.ConfigPantalla (/home/farmageo/api.farmageo.com.ar/app/Controllers/Http/ConfigsController.ts:141:18)
    at processTicksAndRejections (node:internal/process/task_queues:96:5)
    at Object.PreCompiler.runRouteHandler [as fn] (/home/farmageo/api.farmageo.com.ar/node_modules/@adonisjs/http-server/build/src/Server/PreCompiler/index.js:47:31)
Thu Nov 10 2022 12:14:09 GMT-0300 (Argentina Standard Time) Error Handler: TypeError: Cannot read properties of undefined (reading 'Permisos')
    at eval (eval at <anonymous> (/home/farmageo/api.farmageo.com.ar/app/Helper/configuraciones.ts:1202:23), <anonymous>:1:18)
    at /home/farmageo/api.farmageo.com.ar/app/Helper/configuraciones.ts:1202:23
    at Array.map (<anonymous>)
    at Function.ConfBuilder.setOpciones (/home/farmageo/api.farmageo.com.ar/app/Helper/configuraciones.ts:1199:25)
    at Function.ConfBuilder.armarListado (/home/farmageo/api.farmageo.com.ar/app/Helper/configuraciones.ts:754:27)
    at /home/farmageo/api.farmageo.com.ar/app/Controllers/Http/ConfigsController.ts:146:36
    at Array.map (<anonymous>)
    at ConfigsController.ConfigPantalla (/home/farmageo/api.farmageo.com.ar/app/Controllers/Http/ConfigsController.ts:141:18)
    at processTicksAndRejections (node:internal/process/task_queues:96:5)
    at Object.PreCompiler.runRouteHandler [as fn] (/home/farmageo/api.farmageo.com.ar/node_modules/@adonisjs/http-server/build/src/Server/PreCompiler/index.js:47:31)
Thu Nov 10 2022 12:14:09 GMT-0300 (Argentina Standard Time) Error Handler: TypeError: Cannot read properties of undefined (reading 'Permisos')
    at eval (eval at <anonymous> (/home/farmageo/api.farmageo.com.ar/app/Helper/configuraciones.ts:1202:23), <anonymous>:1:18)
    at /home/farmageo/api.farmageo.com.ar/app/Helper/configuraciones.ts:1202:23
    at Array.map (<anonymous>)
    at Function.ConfBuilder.setOpciones (/home/farmageo/api.farmageo.com.ar/app/Helper/configuraciones.ts:1199:25)
    at Function.ConfBuilder.armarListado (/home/farmageo/api.farmageo.com.ar/app/Helper/configuraciones.ts:754:27)
    at /home/farmageo/api.farmageo.com.ar/app/Controllers/Http/ConfigsController.ts:146:36
    at Array.map (<anonymous>)
    at ConfigsController.ConfigPantalla (/home/farmageo/api.farmageo.com.ar/app/Controllers/Http/ConfigsController.ts:141:18)
    at processTicksAndRejections (node:internal/process/task_queues:96:5)
    at Object.PreCompiler.runRouteHandler [as fn] (/home/farmageo/api.farmageo.com.ar/node_modules/@adonisjs/http-server/build/src/Server/PreCompiler/index.js:47:31)
Thu Nov 10 2022 12:14:09 GMT-0300 (Argentina Standard Time) Error Handler: TypeError: Cannot read properties of undefined (reading 'Permisos')
    at eval (eval at <anonymous> (/home/farmageo/api.farmageo.com.ar/app/Helper/configuraciones.ts:1202:23), <anonymous>:1:18)
    at /home/farmageo/api.farmageo.com.ar/app/Helper/configuraciones.ts:1202:23
    at Array.map (<anonymous>)
    at Function.ConfBuilder.setOpciones (/home/farmageo/api.farmageo.com.ar/app/Helper/configuraciones.ts:1199:25)
    at Function.ConfBuilder.armarListado (/home/farmageo/api.farmageo.com.ar/app/Helper/configuraciones.ts:754:27)
    at /home/farmageo/api.farmageo.com.ar/app/Controllers/Http/ConfigsController.ts:146:36
    at Array.map (<anonymous>)
    at ConfigsController.ConfigPantalla (/home/farmageo/api.farmageo.com.ar/app/Controllers/Http/ConfigsController.ts:141:18)
    at processTicksAndRejections (node:internal/process/task_queues:96:5)
    at Object.PreCompiler.runRouteHandler [as fn] (/home/farmageo/api.farmageo.com.ar/node_modules/@adonisjs/http-server/build/src/Server/PreCompiler/index.js:47:31)
Thu Nov 10 2022 12:14:09 GMT-0300 (Argentina Standard Time) Error Handler: TypeError: Cannot read properties of undefined (reading 'Permisos')
    at eval (eval at <anonymous> (/home/farmageo/api.farmageo.com.ar/app/Helper/configuraciones.ts:1202:23), <anonymous>:1:18)
    at /home/farmageo/api.farmageo.com.ar/app/Helper/configuraciones.ts:1202:23
    at Array.map (<anonymous>)
    at Function.ConfBuilder.setOpciones (/home/farmageo/api.farmageo.com.ar/app/Helper/configuraciones.ts:1199:25)
    at Function.ConfBuilder.armarListado (/home/farmageo/api.farmageo.com.ar/app/Helper/configuraciones.ts:754:27)
    at /home/farmageo/api.farmageo.com.ar/app/Controllers/Http/ConfigsController.ts:146:36
    at Array.map (<anonymous>)
    at ConfigsController.ConfigPantalla (/home/farmageo/api.farmageo.com.ar/app/Controllers/Http/ConfigsController.ts:141:18)
    at processTicksAndRejections (node:internal/process/task_queues:96:5)
    at Object.PreCompiler.runRouteHandler [as fn] (/home/farmageo/api.farmageo.com.ar/node_modules/@adonisjs/http-server/build/src/Server/PreCompiler/index.js:47:31)
Thu Nov 10 2022 12:14:09 GMT-0300 (Argentina Standard Time) Error Handler: TypeError: Cannot read properties of undefined (reading 'Permisos')
    at eval (eval at <anonymous> (/home/farmageo/api.farmageo.com.ar/app/Helper/configuraciones.ts:1202:23), <anonymous>:1:18)
    at /home/farmageo/api.farmageo.com.ar/app/Helper/configuraciones.ts:1202:23
    at Array.map (<anonymous>)
    at Function.ConfBuilder.setOpciones (/home/farmageo/api.farmageo.com.ar/app/Helper/configuraciones.ts:1199:25)
    at Function.ConfBuilder.armarListado (/home/farmageo/api.farmageo.com.ar/app/Helper/configuraciones.ts:754:27)
    at /home/farmageo/api.farmageo.com.ar/app/Controllers/Http/ConfigsController.ts:146:36
    at Array.map (<anonymous>)
    at ConfigsController.ConfigPantalla (/home/farmageo/api.farmageo.com.ar/app/Controllers/Http/ConfigsController.ts:141:18)
    at processTicksAndRejections (node:internal/process/task_queues:96:5)
    at Object.PreCompiler.runRouteHandler [as fn] (/home/farmageo/api.farmageo.com.ar/node_modules/@adonisjs/http-server/build/src/Server/PreCompiler/index.js:47:31)
Thu Nov 10 2022 12:14:09 GMT-0300 (Argentina Standard Time) Error Handler: TypeError: Cannot read properties of undefined (reading 'Permisos')
    at eval (eval at <anonymous> (/home/farmageo/api.farmageo.com.ar/app/Helper/configuraciones.ts:1202:23), <anonymous>:1:18)
    at /home/farmageo/api.farmageo.com.ar/app/Helper/configuraciones.ts:1202:23
    at Array.map (<anonymous>)
    at Function.ConfBuilder.setOpciones (/home/farmageo/api.farmageo.com.ar/app/Helper/configuraciones.ts:1199:25)
    at Function.ConfBuilder.armarListado (/home/farmageo/api.farmageo.com.ar/app/Helper/configuraciones.ts:754:27)
    at /home/farmageo/api.farmageo.com.ar/app/Controllers/Http/ConfigsController.ts:146:36
    at Array.map (<anonymous>)
    at ConfigsController.ConfigPantalla (/home/farmageo/api.farmageo.com.ar/app/Controllers/Http/ConfigsController.ts:141:18)
    at processTicksAndRejections (node:internal/process/task_queues:96:5)
    at Object.PreCompiler.runRouteHandler [as fn] (/home/farmageo/api.farmageo.com.ar/node_modules/@adonisjs/http-server/build/src/Server/PreCompiler/index.js:47:31)
Thu Nov 10 2022 12:14:09 GMT-0300 (Argentina Standard Time) Error Handler: TypeError: Cannot read properties of undefined (reading 'Permisos')
    at eval (eval at <anonymous> (/home/farmageo/api.farmageo.com.ar/app/Helper/configuraciones.ts:1202:23), <anonymous>:1:18)
    at /home/farmageo/api.farmageo.com.ar/app/Helper/configuraciones.ts:1202:23
    at Array.map (<anonymous>)
    at Function.ConfBuilder.setOpciones (/home/farmageo/api.farmageo.com.ar/app/Helper/configuraciones.ts:1199:25)
    at Function.ConfBuilder.armarListado (/home/farmageo/api.farmageo.com.ar/app/Helper/configuraciones.ts:754:27)
    at /home/farmageo/api.farmageo.com.ar/app/Controllers/Http/ConfigsController.ts:146:36
    at Array.map (<anonymous>)
    at ConfigsController.ConfigPantalla (/home/farmageo/api.farmageo.com.ar/app/Controllers/Http/ConfigsController.ts:141:18)
    at processTicksAndRejections (node:internal/process/task_queues:96:5)
    at Object.PreCompiler.runRouteHandler [as fn] (/home/farmageo/api.farmageo.com.ar/node_modules/@adonisjs/http-server/build/src/Server/PreCompiler/index.js:47:31)
Thu Nov 10 2022 12:14:09 GMT-0300 (Argentina Standard Time) Error Handler: TypeError: Cannot read properties of undefined (reading 'Permisos')
    at eval (eval at <anonymous> (/home/farmageo/api.farmageo.com.ar/app/Helper/configuraciones.ts:1202:23), <anonymous>:1:18)
    at /home/farmageo/api.farmageo.com.ar/app/Helper/configuraciones.ts:1202:23
    at Array.map (<anonymous>)
    at Function.ConfBuilder.setOpciones (/home/farmageo/api.farmageo.com.ar/app/Helper/configuraciones.ts:1199:25)
    at Function.ConfBuilder.armarListado (/home/farmageo/api.farmageo.com.ar/app/Helper/configuraciones.ts:754:27)
    at /home/farmageo/api.farmageo.com.ar/app/Controllers/Http/ConfigsController.ts:146:36
    at Array.map (<anonymous>)
    at ConfigsController.ConfigPantalla (/home/farmageo/api.farmageo.com.ar/app/Controllers/Http/ConfigsController.ts:141:18)
    at processTicksAndRejections (node:internal/process/task_queues:96:5)
    at Object.PreCompiler.runRouteHandler [as fn] (/home/farmageo/api.farmageo.com.ar/node_modules/@adonisjs/http-server/build/src/Server/PreCompiler/index.js:47:31)
Thu Nov 10 2022 12:14:09 GMT-0300 (Argentina Standard Time) Error Handler: TypeError: Cannot read properties of undefined (reading 'Permisos')
    at eval (eval at <anonymous> (/home/farmageo/api.farmageo.com.ar/app/Helper/configuraciones.ts:1202:23), <anonymous>:1:18)
    at /home/farmageo/api.farmageo.com.ar/app/Helper/configuraciones.ts:1202:23
    at Array.map (<anonymous>)
    at Function.ConfBuilder.setOpciones (/home/farmageo/api.farmageo.com.ar/app/Helper/configuraciones.ts:1199:25)
    at Function.ConfBuilder.armarListado (/home/farmageo/api.farmageo.com.ar/app/Helper/configuraciones.ts:754:27)
    at /home/farmageo/api.farmageo.com.ar/app/Controllers/Http/ConfigsController.ts:146:36
    at Array.map (<anonymous>)
    at ConfigsController.ConfigPantalla (/home/farmageo/api.farmageo.com.ar/app/Controllers/Http/ConfigsController.ts:141:18)
    at processTicksAndRejections (node:internal/process/task_queues:96:5)
    at Object.PreCompiler.runRouteHandler [as fn] (/home/farmageo/api.farmageo.com.ar/node_modules/@adonisjs/http-server/build/src/Server/PreCompiler/index.js:47:31)
Thu Nov 10 2022 12:14:09 GMT-0300 (Argentina Standard Time) Error Handler: TypeError: Cannot read properties of undefined (reading 'Permisos')
    at eval (eval at <anonymous> (/home/farmageo/api.farmageo.com.ar/app/Helper/configuraciones.ts:1202:23), <anonymous>:1:18)
    at /home/farmageo/api.farmageo.com.ar/app/Helper/configuraciones.ts:1202:23
    at Array.map (<anonymous>)
    at Function.ConfBuilder.setOpciones (/home/farmageo/api.farmageo.com.ar/app/Helper/configuraciones.ts:1199:25)
    at Function.ConfBuilder.armarListado (/home/farmageo/api.farmageo.com.ar/app/Helper/configuraciones.ts:754:27)
    at /home/farmageo/api.farmageo.com.ar/app/Controllers/Http/ConfigsController.ts:146:36
    at Array.map (<anonymous>)
    at ConfigsController.ConfigPantalla (/home/farmageo/api.farmageo.com.ar/app/Controllers/Http/ConfigsController.ts:141:18)
    at processTicksAndRejections (node:internal/process/task_queues:96:5)
    at Object.PreCompiler.runRouteHandler [as fn] (/home/farmageo/api.farmageo.com.ar/node_modules/@adonisjs/http-server/build/src/Server/PreCompiler/index.js:47:31)
Thu Nov 10 2022 12:14:09 GMT-0300 (Argentina Standard Time) Error Handler: TypeError: Cannot read properties of undefined (reading 'Permisos')
    at eval (eval at <anonymous> (/home/farmageo/api.farmageo.com.ar/app/Helper/configuraciones.ts:1202:23), <anonymous>:1:18)
    at /home/farmageo/api.farmageo.com.ar/app/Helper/configuraciones.ts:1202:23
    at Array.map (<anonymous>)
    at Function.ConfBuilder.setOpciones (/home/farmageo/api.farmageo.com.ar/app/Helper/configuraciones.ts:1199:25)
    at Function.ConfBuilder.armarListado (/home/farmageo/api.farmageo.com.ar/app/Helper/configuraciones.ts:754:27)
    at /home/farmageo/api.farmageo.com.ar/app/Controllers/Http/ConfigsController.ts:146:36
    at Array.map (<anonymous>)
    at ConfigsController.ConfigPantalla (/home/farmageo/api.farmageo.com.ar/app/Controllers/Http/ConfigsController.ts:141:18)
    at processTicksAndRejections (node:internal/process/task_queues:96:5)
    at Object.PreCompiler.runRouteHandler [as fn] (/home/farmageo/api.farmageo.com.ar/node_modules/@adonisjs/http-server/build/src/Server/PreCompiler/index.js:47:31)
Thu Nov 10 2022 12:14:09 GMT-0300 (Argentina Standard Time) Error Handler: TypeError: Cannot read properties of undefined (reading 'Permisos')
    at eval (eval at <anonymous> (/home/farmageo/api.farmageo.com.ar/app/Helper/configuraciones.ts:1202:23), <anonymous>:1:18)
    at /home/farmageo/api.farmageo.com.ar/app/Helper/configuraciones.ts:1202:23
    at Array.map (<anonymous>)
    at Function.ConfBuilder.setOpciones (/home/farmageo/api.farmageo.com.ar/app/Helper/configuraciones.ts:1199:25)
    at Function.ConfBuilder.armarListado (/home/farmageo/api.farmageo.com.ar/app/Helper/configuraciones.ts:754:27)
    at /home/farmageo/api.farmageo.com.ar/app/Controllers/Http/ConfigsController.ts:146:36
    at Array.map (<anonymous>)
    at ConfigsController.ConfigPantalla (/home/farmageo/api.farmageo.com.ar/app/Controllers/Http/ConfigsController.ts:141:18)
    at processTicksAndRejections (node:internal/process/task_queues:96:5)
    at Object.PreCompiler.runRouteHandler [as fn] (/home/farmageo/api.farmageo.com.ar/node_modules/@adonisjs/http-server/build/src/Server/PreCompiler/index.js:47:31)
Thu Nov 10 2022 12:14:09 GMT-0300 (Argentina Standard Time) Error Handler: TypeError: Cannot read properties of undefined (reading 'Permisos')
    at eval (eval at <anonymous> (/home/farmageo/api.farmageo.com.ar/app/Helper/configuraciones.ts:1202:23), <anonymous>:1:18)
    at /home/farmageo/api.farmageo.com.ar/app/Helper/configuraciones.ts:1202:23
    at Array.map (<anonymous>)
    at Function.ConfBuilder.setOpciones (/home/farmageo/api.farmageo.com.ar/app/Helper/configuraciones.ts:1199:25)
    at Function.ConfBuilder.armarListado (/home/farmageo/api.farmageo.com.ar/app/Helper/configuraciones.ts:754:27)
    at /home/farmageo/api.farmageo.com.ar/app/Controllers/Http/ConfigsController.ts:146:36
    at Array.map (<anonymous>)
    at ConfigsController.ConfigPantalla (/home/farmageo/api.farmageo.com.ar/app/Controllers/Http/ConfigsController.ts:141:18)
    at processTicksAndRejections (node:internal/process/task_queues:96:5)
    at Object.PreCompiler.runRouteHandler [as fn] (/home/farmageo/api.farmageo.com.ar/node_modules/@adonisjs/http-server/build/src/Server/PreCompiler/index.js:47:31)
Thu Nov 10 2022 12:14:09 GMT-0300 (Argentina Standard Time) Error Handler: TypeError: Cannot read properties of undefined (reading 'Permisos')
    at eval (eval at <anonymous> (/home/farmageo/api.farmageo.com.ar/app/Helper/configuraciones.ts:1202:23), <anonymous>:1:18)
    at /home/farmageo/api.farmageo.com.ar/app/Helper/configuraciones.ts:1202:23
    at Array.map (<anonymous>)
    at Function.ConfBuilder.setOpciones (/home/farmageo/api.farmageo.com.ar/app/Helper/configuraciones.ts:1199:25)
    at Function.ConfBuilder.armarListado (/home/farmageo/api.farmageo.com.ar/app/Helper/configuraciones.ts:754:27)
    at /home/farmageo/api.farmageo.com.ar/app/Controllers/Http/ConfigsController.ts:146:36
    at Array.map (<anonymous>)
    at ConfigsController.ConfigPantalla (/home/farmageo/api.farmageo.com.ar/app/Controllers/Http/ConfigsController.ts:141:18)
    at processTicksAndRejections (node:internal/process/task_queues:96:5)
    at Object.PreCompiler.runRouteHandler [as fn] (/home/farmageo/api.farmageo.com.ar/node_modules/@adonisjs/http-server/build/src/Server/PreCompiler/index.js:47:31)
Thu Nov 10 2022 12:14:09 GMT-0300 (Argentina Standard Time) Error Handler: TypeError: Cannot read properties of undefined (reading 'Permisos')
    at eval (eval at <anonymous> (/home/farmageo/api.farmageo.com.ar/app/Helper/configuraciones.ts:1202:23), <anonymous>:1:18)
    at /home/farmageo/api.farmageo.com.ar/app/Helper/configuraciones.ts:1202:23
    at Array.map (<anonymous>)
    at Function.ConfBuilder.setOpciones (/home/farmageo/api.farmageo.com.ar/app/Helper/configuraciones.ts:1199:25)
    at Function.ConfBuilder.armarListado (/home/farmageo/api.farmageo.com.ar/app/Helper/configuraciones.ts:754:27)
    at /home/farmageo/api.farmageo.com.ar/app/Controllers/Http/ConfigsController.ts:146:36
    at Array.map (<anonymous>)
    at ConfigsController.ConfigPantalla (/home/farmageo/api.farmageo.com.ar/app/Controllers/Http/ConfigsController.ts:141:18)
    at processTicksAndRejections (node:internal/process/task_queues:96:5)
    at Object.PreCompiler.runRouteHandler [as fn] (/home/farmageo/api.farmageo.com.ar/node_modules/@adonisjs/http-server/build/src/Server/PreCompiler/index.js:47:31)
Thu Nov 10 2022 12:14:09 GMT-0300 (Argentina Standard Time) Error Handler: TypeError: Cannot read properties of undefined (reading 'Permisos')
    at eval (eval at <anonymous> (/home/farmageo/api.farmageo.com.ar/app/Helper/configuraciones.ts:1202:23), <anonymous>:1:18)
    at /home/farmageo/api.farmageo.com.ar/app/Helper/configuraciones.ts:1202:23
    at Array.map (<anonymous>)
    at Function.ConfBuilder.setOpciones (/home/farmageo/api.farmageo.com.ar/app/Helper/configuraciones.ts:1199:25)
    at Function.ConfBuilder.armarListado (/home/farmageo/api.farmageo.com.ar/app/Helper/configuraciones.ts:754:27)
    at /home/farmageo/api.farmageo.com.ar/app/Controllers/Http/ConfigsController.ts:146:36
    at Array.map (<anonymous>)
    at ConfigsController.ConfigPantalla (/home/farmageo/api.farmageo.com.ar/app/Controllers/Http/ConfigsController.ts:141:18)
    at processTicksAndRejections (node:internal/process/task_queues:96:5)
    at Object.PreCompiler.runRouteHandler [as fn] (/home/farmageo/api.farmageo.com.ar/node_modules/@adonisjs/http-server/build/src/Server/PreCompiler/index.js:47:31)
Thu Nov 10 2022 12:14:10 GMT-0300 (Argentina Standard Time) Error Handler: TypeError: Cannot read properties of undefined (reading 'Permisos')
    at eval (eval at <anonymous> (/home/farmageo/api.farmageo.com.ar/app/Helper/configuraciones.ts:1202:23), <anonymous>:1:18)
    at /home/farmageo/api.farmageo.com.ar/app/Helper/configuraciones.ts:1202:23
    at Array.map (<anonymous>)
    at Function.ConfBuilder.setOpciones (/home/farmageo/api.farmageo.com.ar/app/Helper/configuraciones.ts:1199:25)
    at Function.ConfBuilder.armarListado (/home/farmageo/api.farmageo.com.ar/app/Helper/configuraciones.ts:754:27)
    at /home/farmageo/api.farmageo.com.ar/app/Controllers/Http/ConfigsController.ts:146:36
    at Array.map (<anonymous>)
    at ConfigsController.ConfigPantalla (/home/farmageo/api.farmageo.com.ar/app/Controllers/Http/ConfigsController.ts:141:18)
    at processTicksAndRejections (node:internal/process/task_queues:96:5)
    at Object.PreCompiler.runRouteHandler [as fn] (/home/farmageo/api.farmageo.com.ar/node_modules/@adonisjs/http-server/build/src/Server/PreCompiler/index.js:47:31)
Thu Nov 10 2022 12:14:10 GMT-0300 (Argentina Standard Time) Error Handler: TypeError: Cannot read properties of undefined (reading 'Permisos')
    at eval (eval at <anonymous> (/home/farmageo/api.farmageo.com.ar/app/Helper/configuraciones.ts:1202:23), <anonymous>:1:18)
    at /home/farmageo/api.farmageo.com.ar/app/Helper/configuraciones.ts:1202:23
    at Array.map (<anonymous>)
    at Function.ConfBuilder.setOpciones (/home/farmageo/api.farmageo.com.ar/app/Helper/configuraciones.ts:1199:25)
    at Function.ConfBuilder.armarListado (/home/farmageo/api.farmageo.com.ar/app/Helper/configuraciones.ts:754:27)
    at /home/farmageo/api.farmageo.com.ar/app/Controllers/Http/ConfigsController.ts:146:36
    at Array.map (<anonymous>)
    at ConfigsController.ConfigPantalla (/home/farmageo/api.farmageo.com.ar/app/Controllers/Http/ConfigsController.ts:141:18)
    at processTicksAndRejections (node:internal/process/task_queues:96:5)
    at Object.PreCompiler.runRouteHandler [as fn] (/home/farmageo/api.farmageo.com.ar/node_modules/@adonisjs/http-server/build/src/Server/PreCompiler/index.js:47:31)
Thu Nov 10 2022 12:14:10 GMT-0300 (Argentina Standard Time) Error Handler: TypeError: Cannot read properties of undefined (reading 'Permisos')
    at eval (eval at <anonymous> (/home/farmageo/api.farmageo.com.ar/app/Helper/configuraciones.ts:1202:23), <anonymous>:1:18)
    at /home/farmageo/api.farmageo.com.ar/app/Helper/configuraciones.ts:1202:23
    at Array.map (<anonymous>)
    at Function.ConfBuilder.setOpciones (/home/farmageo/api.farmageo.com.ar/app/Helper/configuraciones.ts:1199:25)
    at Function.ConfBuilder.armarListado (/home/farmageo/api.farmageo.com.ar/app/Helper/configuraciones.ts:754:27)
    at /home/farmageo/api.farmageo.com.ar/app/Controllers/Http/ConfigsController.ts:146:36
    at Array.map (<anonymous>)
    at ConfigsController.ConfigPantalla (/home/farmageo/api.farmageo.com.ar/app/Controllers/Http/ConfigsController.ts:141:18)
    at processTicksAndRejections (node:internal/process/task_queues:96:5)
    at Object.PreCompiler.runRouteHandler [as fn] (/home/farmageo/api.farmageo.com.ar/node_modules/@adonisjs/http-server/build/src/Server/PreCompiler/index.js:47:31)
Thu Nov 10 2022 12:14:10 GMT-0300 (Argentina Standard Time) Error Handler: TypeError: Cannot read properties of undefined (reading 'Permisos')
    at eval (eval at <anonymous> (/home/farmageo/api.farmageo.com.ar/app/Helper/configuraciones.ts:1202:23), <anonymous>:1:18)
    at /home/farmageo/api.farmageo.com.ar/app/Helper/configuraciones.ts:1202:23
    at Array.map (<anonymous>)
    at Function.ConfBuilder.setOpciones (/home/farmageo/api.farmageo.com.ar/app/Helper/configuraciones.ts:1199:25)
    at Function.ConfBuilder.armarListado (/home/farmageo/api.farmageo.com.ar/app/Helper/configuraciones.ts:754:27)
    at /home/farmageo/api.farmageo.com.ar/app/Controllers/Http/ConfigsController.ts:146:36
    at Array.map (<anonymous>)
    at ConfigsController.ConfigPantalla (/home/farmageo/api.farmageo.com.ar/app/Controllers/Http/ConfigsController.ts:141:18)
    at processTicksAndRejections (node:internal/process/task_queues:96:5)
    at Object.PreCompiler.runRouteHandler [as fn] (/home/farmageo/api.farmageo.com.ar/node_modules/@adonisjs/http-server/build/src/Server/PreCompiler/index.js:47:31)
Thu Nov 10 2022 12:14:10 GMT-0300 (Argentina Standard Time) Error Handler: TypeError: Cannot read properties of undefined (reading 'Permisos')
    at eval (eval at <anonymous> (/home/farmageo/api.farmageo.com.ar/app/Helper/configuraciones.ts:1202:23), <anonymous>:1:18)
    at /home/farmageo/api.farmageo.com.ar/app/Helper/configuraciones.ts:1202:23
    at Array.map (<anonymous>)
    at Function.ConfBuilder.setOpciones (/home/farmageo/api.farmageo.com.ar/app/Helper/configuraciones.ts:1199:25)
    at Function.ConfBuilder.armarListado (/home/farmageo/api.farmageo.com.ar/app/Helper/configuraciones.ts:754:27)
    at /home/farmageo/api.farmageo.com.ar/app/Controllers/Http/ConfigsController.ts:146:36
    at Array.map (<anonymous>)
    at ConfigsController.ConfigPantalla (/home/farmageo/api.farmageo.com.ar/app/Controllers/Http/ConfigsController.ts:141:18)
    at processTicksAndRejections (node:internal/process/task_queues:96:5)
    at Object.PreCompiler.runRouteHandler [as fn] (/home/farmageo/api.farmageo.com.ar/node_modules/@adonisjs/http-server/build/src/Server/PreCompiler/index.js:47:31)
Thu Nov 10 2022 12:14:10 GMT-0300 (Argentina Standard Time) Error Handler: TypeError: Cannot read properties of undefined (reading 'Permisos')
    at eval (eval at <anonymous> (/home/farmageo/api.farmageo.com.ar/app/Helper/configuraciones.ts:1202:23), <anonymous>:1:18)
    at /home/farmageo/api.farmageo.com.ar/app/Helper/configuraciones.ts:1202:23
    at Array.map (<anonymous>)
    at Function.ConfBuilder.setOpciones (/home/farmageo/api.farmageo.com.ar/app/Helper/configuraciones.ts:1199:25)
    at Function.ConfBuilder.armarListado (/home/farmageo/api.farmageo.com.ar/app/Helper/configuraciones.ts:754:27)
    at /home/farmageo/api.farmageo.com.ar/app/Controllers/Http/ConfigsController.ts:146:36
    at Array.map (<anonymous>)
    at ConfigsController.ConfigPantalla (/home/farmageo/api.farmageo.com.ar/app/Controllers/Http/ConfigsController.ts:141:18)
    at processTicksAndRejections (node:internal/process/task_queues:96:5)
    at Object.PreCompiler.runRouteHandler [as fn] (/home/farmageo/api.farmageo.com.ar/node_modules/@adonisjs/http-server/build/src/Server/PreCompiler/index.js:47:31)
Thu Nov 10 2022 12:14:10 GMT-0300 (Argentina Standard Time) Error Handler: TypeError: Cannot read properties of undefined (reading 'Permisos')
    at eval (eval at <anonymous> (/home/farmageo/api.farmageo.com.ar/app/Helper/configuraciones.ts:1202:23), <anonymous>:1:18)
    at /home/farmageo/api.farmageo.com.ar/app/Helper/configuraciones.ts:1202:23
    at Array.map (<anonymous>)
    at Function.ConfBuilder.setOpciones (/home/farmageo/api.farmageo.com.ar/app/Helper/configuraciones.ts:1199:25)
    at Function.ConfBuilder.armarListado (/home/farmageo/api.farmageo.com.ar/app/Helper/configuraciones.ts:754:27)
    at /home/farmageo/api.farmageo.com.ar/app/Controllers/Http/ConfigsController.ts:146:36
    at Array.map (<anonymous>)
    at ConfigsController.ConfigPantalla (/home/farmageo/api.farmageo.com.ar/app/Controllers/Http/ConfigsController.ts:141:18)
    at processTicksAndRejections (node:internal/process/task_queues:96:5)
    at Object.PreCompiler.runRouteHandler [as fn] (/home/farmageo/api.farmageo.com.ar/node_modules/@adonisjs/http-server/build/src/Server/PreCompiler/index.js:47:31)
Thu Nov 10 2022 12:14:10 GMT-0300 (Argentina Standard Time) Error Handler: TypeError: Cannot read properties of undefined (reading 'Permisos')
    at eval (eval at <anonymous> (/home/farmageo/api.farmageo.com.ar/app/Helper/configuraciones.ts:1202:23), <anonymous>:1:18)
    at /home/farmageo/api.farmageo.com.ar/app/Helper/configuraciones.ts:1202:23
    at Array.map (<anonymous>)
    at Function.ConfBuilder.setOpciones (/home/farmageo/api.farmageo.com.ar/app/Helper/configuraciones.ts:1199:25)
    at Function.ConfBuilder.armarListado (/home/farmageo/api.farmageo.com.ar/app/Helper/configuraciones.ts:754:27)
    at /home/farmageo/api.farmageo.com.ar/app/Controllers/Http/ConfigsController.ts:146:36
    at Array.map (<anonymous>)
    at ConfigsController.ConfigPantalla (/home/farmageo/api.farmageo.com.ar/app/Controllers/Http/ConfigsController.ts:141:18)
    at processTicksAndRejections (node:internal/process/task_queues:96:5)
    at Object.PreCompiler.runRouteHandler [as fn] (/home/farmageo/api.farmageo.com.ar/node_modules/@adonisjs/http-server/build/src/Server/PreCompiler/index.js:47:31)
Thu Nov 10 2022 12:14:10 GMT-0300 (Argentina Standard Time) Error Handler: TypeError: Cannot read properties of undefined (reading 'Permisos')
    at eval (eval at <anonymous> (/home/farmageo/api.farmageo.com.ar/app/Helper/configuraciones.ts:1202:23), <anonymous>:1:18)
    at /home/farmageo/api.farmageo.com.ar/app/Helper/configuraciones.ts:1202:23
    at Array.map (<anonymous>)
    at Function.ConfBuilder.setOpciones (/home/farmageo/api.farmageo.com.ar/app/Helper/configuraciones.ts:1199:25)
    at Function.ConfBuilder.armarListado (/home/farmageo/api.farmageo.com.ar/app/Helper/configuraciones.ts:754:27)
    at /home/farmageo/api.farmageo.com.ar/app/Controllers/Http/ConfigsController.ts:146:36
    at Array.map (<anonymous>)
    at ConfigsController.ConfigPantalla (/home/farmageo/api.farmageo.com.ar/app/Controllers/Http/ConfigsController.ts:141:18)
    at processTicksAndRejections (node:internal/process/task_queues:96:5)
    at Object.PreCompiler.runRouteHandler [as fn] (/home/farmageo/api.farmageo.com.ar/node_modules/@adonisjs/http-server/build/src/Server/PreCompiler/index.js:47:31)
Thu Nov 10 2022 12:14:10 GMT-0300 (Argentina Standard Time) Error Handler: TypeError: Cannot read properties of undefined (reading 'Permisos')
    at eval (eval at <anonymous> (/home/farmageo/api.farmageo.com.ar/app/Helper/configuraciones.ts:1202:23), <anonymous>:1:18)
    at /home/farmageo/api.farmageo.com.ar/app/Helper/configuraciones.ts:1202:23
    at Array.map (<anonymous>)
    at Function.ConfBuilder.setOpciones (/home/farmageo/api.farmageo.com.ar/app/Helper/configuraciones.ts:1199:25)
    at Function.ConfBuilder.armarListado (/home/farmageo/api.farmageo.com.ar/app/Helper/configuraciones.ts:754:27)
    at /home/farmageo/api.farmageo.com.ar/app/Controllers/Http/ConfigsController.ts:146:36
    at Array.map (<anonymous>)
    at ConfigsController.ConfigPantalla (/home/farmageo/api.farmageo.com.ar/app/Controllers/Http/ConfigsController.ts:141:18)
    at processTicksAndRejections (node:internal/process/task_queues:96:5)
    at Object.PreCompiler.runRouteHandler [as fn] (/home/farmageo/api.farmageo.com.ar/node_modules/@adonisjs/http-server/build/src/Server/PreCompiler/index.js:47:31)
Thu Nov 10 2022 12:14:10 GMT-0300 (Argentina Standard Time) Error Handler: TypeError: Cannot read properties of undefined (reading 'Permisos')
    at eval (eval at <anonymous> (/home/farmageo/api.farmageo.com.ar/app/Helper/configuraciones.ts:1202:23), <anonymous>:1:18)
    at /home/farmageo/api.farmageo.com.ar/app/Helper/configuraciones.ts:1202:23
    at Array.map (<anonymous>)
    at Function.ConfBuilder.setOpciones (/home/farmageo/api.farmageo.com.ar/app/Helper/configuraciones.ts:1199:25)
    at Function.ConfBuilder.armarListado (/home/farmageo/api.farmageo.com.ar/app/Helper/configuraciones.ts:754:27)
    at /home/farmageo/api.farmageo.com.ar/app/Controllers/Http/ConfigsController.ts:146:36
    at Array.map (<anonymous>)
    at ConfigsController.ConfigPantalla (/home/farmageo/api.farmageo.com.ar/app/Controllers/Http/ConfigsController.ts:141:18)
    at processTicksAndRejections (node:internal/process/task_queues:96:5)
    at Object.PreCompiler.runRouteHandler [as fn] (/home/farmageo/api.farmageo.com.ar/node_modules/@adonisjs/http-server/build/src/Server/PreCompiler/index.js:47:31)
Thu Nov 10 2022 12:14:10 GMT-0300 (Argentina Standard Time) Error Handler: TypeError: Cannot read properties of undefined (reading 'Permisos')
    at eval (eval at <anonymous> (/home/farmageo/api.farmageo.com.ar/app/Helper/configuraciones.ts:1202:23), <anonymous>:1:18)
    at /home/farmageo/api.farmageo.com.ar/app/Helper/configuraciones.ts:1202:23
    at Array.map (<anonymous>)
    at Function.ConfBuilder.setOpciones (/home/farmageo/api.farmageo.com.ar/app/Helper/configuraciones.ts:1199:25)
    at Function.ConfBuilder.armarListado (/home/farmageo/api.farmageo.com.ar/app/Helper/configuraciones.ts:754:27)
    at /home/farmageo/api.farmageo.com.ar/app/Controllers/Http/ConfigsController.ts:146:36
    at Array.map (<anonymous>)
    at ConfigsController.ConfigPantalla (/home/farmageo/api.farmageo.com.ar/app/Controllers/Http/ConfigsController.ts:141:18)
    at processTicksAndRejections (node:internal/process/task_queues:96:5)
    at Object.PreCompiler.runRouteHandler [as fn] (/home/farmageo/api.farmageo.com.ar/node_modules/@adonisjs/http-server/build/src/Server/PreCompiler/index.js:47:31)
Thu Nov 10 2022 12:14:10 GMT-0300 (Argentina Standard Time) Error Handler: TypeError: Cannot read properties of undefined (reading 'Permisos')
    at eval (eval at <anonymous> (/home/farmageo/api.farmageo.com.ar/app/Helper/configuraciones.ts:1202:23), <anonymous>:1:18)
    at /home/farmageo/api.farmageo.com.ar/app/Helper/configuraciones.ts:1202:23
    at Array.map (<anonymous>)
    at Function.ConfBuilder.setOpciones (/home/farmageo/api.farmageo.com.ar/app/Helper/configuraciones.ts:1199:25)
    at Function.ConfBuilder.armarListado (/home/farmageo/api.farmageo.com.ar/app/Helper/configuraciones.ts:754:27)
    at /home/farmageo/api.farmageo.com.ar/app/Controllers/Http/ConfigsController.ts:146:36
    at Array.map (<anonymous>)
    at ConfigsController.ConfigPantalla (/home/farmageo/api.farmageo.com.ar/app/Controllers/Http/ConfigsController.ts:141:18)
    at processTicksAndRejections (node:internal/process/task_queues:96:5)
    at Object.PreCompiler.runRouteHandler [as fn] (/home/farmageo/api.farmageo.com.ar/node_modules/@adonisjs/http-server/build/src/Server/PreCompiler/index.js:47:31)
Thu Nov 10 2022 12:14:10 GMT-0300 (Argentina Standard Time) Error Handler: TypeError: Cannot read properties of undefined (reading 'Permisos')
    at eval (eval at <anonymous> (/home/farmageo/api.farmageo.com.ar/app/Helper/configuraciones.ts:1202:23), <anonymous>:1:18)
    at /home/farmageo/api.farmageo.com.ar/app/Helper/configuraciones.ts:1202:23
    at Array.map (<anonymous>)
    at Function.ConfBuilder.setOpciones (/home/farmageo/api.farmageo.com.ar/app/Helper/configuraciones.ts:1199:25)
    at Function.ConfBuilder.armarListado (/home/farmageo/api.farmageo.com.ar/app/Helper/configuraciones.ts:754:27)
    at /home/farmageo/api.farmageo.com.ar/app/Controllers/Http/ConfigsController.ts:146:36
    at Array.map (<anonymous>)
    at ConfigsController.ConfigPantalla (/home/farmageo/api.farmageo.com.ar/app/Controllers/Http/ConfigsController.ts:141:18)
    at processTicksAndRejections (node:internal/process/task_queues:96:5)
    at Object.PreCompiler.runRouteHandler [as fn] (/home/farmageo/api.farmageo.com.ar/node_modules/@adonisjs/http-server/build/src/Server/PreCompiler/index.js:47:31)
Thu Nov 10 2022 12:14:10 GMT-0300 (Argentina Standard Time) Error Handler: TypeError: Cannot read properties of undefined (reading 'Permisos')
    at eval (eval at <anonymous> (/home/farmageo/api.farmageo.com.ar/app/Helper/configuraciones.ts:1202:23), <anonymous>:1:18)
    at /home/farmageo/api.farmageo.com.ar/app/Helper/configuraciones.ts:1202:23
    at Array.map (<anonymous>)
    at Function.ConfBuilder.setOpciones (/home/farmageo/api.farmageo.com.ar/app/Helper/configuraciones.ts:1199:25)
    at Function.ConfBuilder.armarListado (/home/farmageo/api.farmageo.com.ar/app/Helper/configuraciones.ts:754:27)
    at /home/farmageo/api.farmageo.com.ar/app/Controllers/Http/ConfigsController.ts:146:36
    at Array.map (<anonymous>)
    at ConfigsController.ConfigPantalla (/home/farmageo/api.farmageo.com.ar/app/Controllers/Http/ConfigsController.ts:141:18)
    at processTicksAndRejections (node:internal/process/task_queues:96:5)
    at Object.PreCompiler.runRouteHandler [as fn] (/home/farmageo/api.farmageo.com.ar/node_modules/@adonisjs/http-server/build/src/Server/PreCompiler/index.js:47:31)
Thu Nov 10 2022 12:14:10 GMT-0300 (Argentina Standard Time) Error Handler: TypeError: Cannot read properties of undefined (reading 'Permisos')
    at eval (eval at <anonymous> (/home/farmageo/api.farmageo.com.ar/app/Helper/configuraciones.ts:1202:23), <anonymous>:1:18)
    at /home/farmageo/api.farmageo.com.ar/app/Helper/configuraciones.ts:1202:23
    at Array.map (<anonymous>)
    at Function.ConfBuilder.setOpciones (/home/farmageo/api.farmageo.com.ar/app/Helper/configuraciones.ts:1199:25)
    at Function.ConfBuilder.armarListado (/home/farmageo/api.farmageo.com.ar/app/Helper/configuraciones.ts:754:27)
    at /home/farmageo/api.farmageo.com.ar/app/Controllers/Http/ConfigsController.ts:146:36
    at Array.map (<anonymous>)
    at ConfigsController.ConfigPantalla (/home/farmageo/api.farmageo.com.ar/app/Controllers/Http/ConfigsController.ts:141:18)
    at processTicksAndRejections (node:internal/process/task_queues:96:5)
    at Object.PreCompiler.runRouteHandler [as fn] (/home/farmageo/api.farmageo.com.ar/node_modules/@adonisjs/http-server/build/src/Server/PreCompiler/index.js:47:31)
Thu Nov 10 2022 12:14:10 GMT-0300 (Argentina Standard Time) Error Handler: TypeError: Cannot read properties of undefined (reading 'Permisos')
    at eval (eval at <anonymous> (/home/farmageo/api.farmageo.com.ar/app/Helper/configuraciones.ts:1202:23), <anonymous>:1:18)
    at /home/farmageo/api.farmageo.com.ar/app/Helper/configuraciones.ts:1202:23
    at Array.map (<anonymous>)
    at Function.ConfBuilder.setOpciones (/home/farmageo/api.farmageo.com.ar/app/Helper/configuraciones.ts:1199:25)
    at Function.ConfBuilder.armarListado (/home/farmageo/api.farmageo.com.ar/app/Helper/configuraciones.ts:754:27)
    at /home/farmageo/api.farmageo.com.ar/app/Controllers/Http/ConfigsController.ts:146:36
    at Array.map (<anonymous>)
    at ConfigsController.ConfigPantalla (/home/farmageo/api.farmageo.com.ar/app/Controllers/Http/ConfigsController.ts:141:18)
    at processTicksAndRejections (node:internal/process/task_queues:96:5)
    at Object.PreCompiler.runRouteHandler [as fn] (/home/farmageo/api.farmageo.com.ar/node_modules/@adonisjs/http-server/build/src/Server/PreCompiler/index.js:47:31)
Thu Nov 10 2022 12:14:10 GMT-0300 (Argentina Standard Time) Error Handler: TypeError: Cannot read properties of undefined (reading 'Permisos')
    at eval (eval at <anonymous> (/home/farmageo/api.farmageo.com.ar/app/Helper/configuraciones.ts:1202:23), <anonymous>:1:18)
    at /home/farmageo/api.farmageo.com.ar/app/Helper/configuraciones.ts:1202:23
    at Array.map (<anonymous>)
    at Function.ConfBuilder.setOpciones (/home/farmageo/api.farmageo.com.ar/app/Helper/configuraciones.ts:1199:25)
    at Function.ConfBuilder.armarListado (/home/farmageo/api.farmageo.com.ar/app/Helper/configuraciones.ts:754:27)
    at /home/farmageo/api.farmageo.com.ar/app/Controllers/Http/ConfigsController.ts:146:36
    at Array.map (<anonymous>)
    at ConfigsController.ConfigPantalla (/home/farmageo/api.farmageo.com.ar/app/Controllers/Http/ConfigsController.ts:141:18)
    at processTicksAndRejections (node:internal/process/task_queues:96:5)
    at Object.PreCompiler.runRouteHandler [as fn] (/home/farmageo/api.farmageo.com.ar/node_modules/@adonisjs/http-server/build/src/Server/PreCompiler/index.js:47:31)
Thu Nov 10 2022 12:14:10 GMT-0300 (Argentina Standard Time) Error Handler: TypeError: Cannot read properties of undefined (reading 'Permisos')
    at eval (eval at <anonymous> (/home/farmageo/api.farmageo.com.ar/app/Helper/configuraciones.ts:1202:23), <anonymous>:1:18)
    at /home/farmageo/api.farmageo.com.ar/app/Helper/configuraciones.ts:1202:23
    at Array.map (<anonymous>)
    at Function.ConfBuilder.setOpciones (/home/farmageo/api.farmageo.com.ar/app/Helper/configuraciones.ts:1199:25)
    at Function.ConfBuilder.armarListado (/home/farmageo/api.farmageo.com.ar/app/Helper/configuraciones.ts:754:27)
    at /home/farmageo/api.farmageo.com.ar/app/Controllers/Http/ConfigsController.ts:146:36
    at Array.map (<anonymous>)
    at ConfigsController.ConfigPantalla (/home/farmageo/api.farmageo.com.ar/app/Controllers/Http/ConfigsController.ts:141:18)
    at processTicksAndRejections (node:internal/process/task_queues:96:5)
    at Object.PreCompiler.runRouteHandler [as fn] (/home/farmageo/api.farmageo.com.ar/node_modules/@adonisjs/http-server/build/src/Server/PreCompiler/index.js:47:31)
Thu Nov 10 2022 12:14:10 GMT-0300 (Argentina Standard Time) Error Handler: TypeError: Cannot read properties of undefined (reading 'Permisos')
    at eval (eval at <anonymous> (/home/farmageo/api.farmageo.com.ar/app/Helper/configuraciones.ts:1202:23), <anonymous>:1:18)
    at /home/farmageo/api.farmageo.com.ar/app/Helper/configuraciones.ts:1202:23
    at Array.map (<anonymous>)
    at Function.ConfBuilder.setOpciones (/home/farmageo/api.farmageo.com.ar/app/Helper/configuraciones.ts:1199:25)
    at Function.ConfBuilder.armarListado (/home/farmageo/api.farmageo.com.ar/app/Helper/configuraciones.ts:754:27)
    at /home/farmageo/api.farmageo.com.ar/app/Controllers/Http/ConfigsController.ts:146:36
    at Array.map (<anonymous>)
    at ConfigsController.ConfigPantalla (/home/farmageo/api.farmageo.com.ar/app/Controllers/Http/ConfigsController.ts:141:18)
    at processTicksAndRejections (node:internal/process/task_queues:96:5)
    at Object.PreCompiler.runRouteHandler [as fn] (/home/farmageo/api.farmageo.com.ar/node_modules/@adonisjs/http-server/build/src/Server/PreCompiler/index.js:47:31)
Thu Nov 10 2022 12:14:10 GMT-0300 (Argentina Standard Time) Error Handler: TypeError: Cannot read properties of undefined (reading 'Permisos')
    at eval (eval at <anonymous> (/home/farmageo/api.farmageo.com.ar/app/Helper/configuraciones.ts:1202:23), <anonymous>:1:18)
    at /home/farmageo/api.farmageo.com.ar/app/Helper/configuraciones.ts:1202:23
    at Array.map (<anonymous>)
    at Function.ConfBuilder.setOpciones (/home/farmageo/api.farmageo.com.ar/app/Helper/configuraciones.ts:1199:25)
    at Function.ConfBuilder.armarListado (/home/farmageo/api.farmageo.com.ar/app/Helper/configuraciones.ts:754:27)
    at /home/farmageo/api.farmageo.com.ar/app/Controllers/Http/ConfigsController.ts:146:36
    at Array.map (<anonymous>)
    at ConfigsController.ConfigPantalla (/home/farmageo/api.farmageo.com.ar/app/Controllers/Http/ConfigsController.ts:141:18)
    at processTicksAndRejections (node:internal/process/task_queues:96:5)
    at Object.PreCompiler.runRouteHandler [as fn] (/home/farmageo/api.farmageo.com.ar/node_modules/@adonisjs/http-server/build/src/Server/PreCompiler/index.js:47:31)
Thu Nov 10 2022 12:14:10 GMT-0300 (Argentina Standard Time) Error Handler: TypeError: Cannot read properties of undefined (reading 'Permisos')
    at eval (eval at <anonymous> (/home/farmageo/api.farmageo.com.ar/app/Helper/configuraciones.ts:1202:23), <anonymous>:1:18)
    at /home/farmageo/api.farmageo.com.ar/app/Helper/configuraciones.ts:1202:23
    at Array.map (<anonymous>)
    at Function.ConfBuilder.setOpciones (/home/farmageo/api.farmageo.com.ar/app/Helper/configuraciones.ts:1199:25)
    at Function.ConfBuilder.armarListado (/home/farmageo/api.farmageo.com.ar/app/Helper/configuraciones.ts:754:27)
    at /home/farmageo/api.farmageo.com.ar/app/Controllers/Http/ConfigsController.ts:146:36
    at Array.map (<anonymous>)
    at ConfigsController.ConfigPantalla (/home/farmageo/api.farmageo.com.ar/app/Controllers/Http/ConfigsController.ts:141:18)
    at processTicksAndRejections (node:internal/process/task_queues:96:5)
    at Object.PreCompiler.runRouteHandler [as fn] (/home/farmageo/api.farmageo.com.ar/node_modules/@adonisjs/http-server/build/src/Server/PreCompiler/index.js:47:31)
Thu Nov 10 2022 12:14:10 GMT-0300 (Argentina Standard Time) Error Handler: TypeError: Cannot read properties of undefined (reading 'Permisos')
    at eval (eval at <anonymous> (/home/farmageo/api.farmageo.com.ar/app/Helper/configuraciones.ts:1202:23), <anonymous>:1:18)
    at /home/farmageo/api.farmageo.com.ar/app/Helper/configuraciones.ts:1202:23
    at Array.map (<anonymous>)
    at Function.ConfBuilder.setOpciones (/home/farmageo/api.farmageo.com.ar/app/Helper/configuraciones.ts:1199:25)
    at Function.ConfBuilder.armarListado (/home/farmageo/api.farmageo.com.ar/app/Helper/configuraciones.ts:754:27)
    at /home/farmageo/api.farmageo.com.ar/app/Controllers/Http/ConfigsController.ts:146:36
    at Array.map (<anonymous>)
    at ConfigsController.ConfigPantalla (/home/farmageo/api.farmageo.com.ar/app/Controllers/Http/ConfigsController.ts:141:18)
    at processTicksAndRejections (node:internal/process/task_queues:96:5)
    at Object.PreCompiler.runRouteHandler [as fn] (/home/farmageo/api.farmageo.com.ar/node_modules/@adonisjs/http-server/build/src/Server/PreCompiler/index.js:47:31)
Thu Nov 10 2022 12:14:10 GMT-0300 (Argentina Standard Time) Error Handler: TypeError: Cannot read properties of undefined (reading 'Permisos')
    at eval (eval at <anonymous> (/home/farmageo/api.farmageo.com.ar/app/Helper/configuraciones.ts:1202:23), <anonymous>:1:18)
    at /home/farmageo/api.farmageo.com.ar/app/Helper/configuraciones.ts:1202:23
    at Array.map (<anonymous>)
    at Function.ConfBuilder.setOpciones (/home/farmageo/api.farmageo.com.ar/app/Helper/configuraciones.ts:1199:25)
    at Function.ConfBuilder.armarListado (/home/farmageo/api.farmageo.com.ar/app/Helper/configuraciones.ts:754:27)
    at /home/farmageo/api.farmageo.com.ar/app/Controllers/Http/ConfigsController.ts:146:36
    at Array.map (<anonymous>)
    at ConfigsController.ConfigPantalla (/home/farmageo/api.farmageo.com.ar/app/Controllers/Http/ConfigsController.ts:141:18)
    at processTicksAndRejections (node:internal/process/task_queues:96:5)
    at Object.PreCompiler.runRouteHandler [as fn] (/home/farmageo/api.farmageo.com.ar/node_modules/@adonisjs/http-server/build/src/Server/PreCompiler/index.js:47:31)
Thu Nov 10 2022 12:14:10 GMT-0300 (Argentina Standard Time) Error Handler: TypeError: Cannot read properties of undefined (reading 'Permisos')
    at eval (eval at <anonymous> (/home/farmageo/api.farmageo.com.ar/app/Helper/configuraciones.ts:1202:23), <anonymous>:1:18)
    at /home/farmageo/api.farmageo.com.ar/app/Helper/configuraciones.ts:1202:23
    at Array.map (<anonymous>)
    at Function.ConfBuilder.setOpciones (/home/farmageo/api.farmageo.com.ar/app/Helper/configuraciones.ts:1199:25)
    at Function.ConfBuilder.armarListado (/home/farmageo/api.farmageo.com.ar/app/Helper/configuraciones.ts:754:27)
    at /home/farmageo/api.farmageo.com.ar/app/Controllers/Http/ConfigsController.ts:146:36
    at Array.map (<anonymous>)
    at ConfigsController.ConfigPantalla (/home/farmageo/api.farmageo.com.ar/app/Controllers/Http/ConfigsController.ts:141:18)
    at processTicksAndRejections (node:internal/process/task_queues:96:5)
    at Object.PreCompiler.runRouteHandler [as fn] (/home/farmageo/api.farmageo.com.ar/node_modules/@adonisjs/http-server/build/src/Server/PreCompiler/index.js:47:31)
Thu Nov 10 2022 12:14:10 GMT-0300 (Argentina Standard Time) Error Handler: TypeError: Cannot read properties of undefined (reading 'Permisos')
    at eval (eval at <anonymous> (/home/farmageo/api.farmageo.com.ar/app/Helper/configuraciones.ts:1202:23), <anonymous>:1:18)
    at /home/farmageo/api.farmageo.com.ar/app/Helper/configuraciones.ts:1202:23
    at Array.map (<anonymous>)
    at Function.ConfBuilder.setOpciones (/home/farmageo/api.farmageo.com.ar/app/Helper/configuraciones.ts:1199:25)
    at Function.ConfBuilder.armarListado (/home/farmageo/api.farmageo.com.ar/app/Helper/configuraciones.ts:754:27)
    at /home/farmageo/api.farmageo.com.ar/app/Controllers/Http/ConfigsController.ts:146:36
    at Array.map (<anonymous>)
    at ConfigsController.ConfigPantalla (/home/farmageo/api.farmageo.com.ar/app/Controllers/Http/ConfigsController.ts:141:18)
    at processTicksAndRejections (node:internal/process/task_queues:96:5)
    at Object.PreCompiler.runRouteHandler [as fn] (/home/farmageo/api.farmageo.com.ar/node_modules/@adonisjs/http-server/build/src/Server/PreCompiler/index.js:47:31)
Thu Nov 10 2022 12:14:10 GMT-0300 (Argentina Standard Time) Error Handler: TypeError: Cannot read properties of undefined (reading 'Permisos')
    at eval (eval at <anonymous> (/home/farmageo/api.farmageo.com.ar/app/Helper/configuraciones.ts:1202:23), <anonymous>:1:18)
    at /home/farmageo/api.farmageo.com.ar/app/Helper/configuraciones.ts:1202:23
    at Array.map (<anonymous>)
    at Function.ConfBuilder.setOpciones (/home/farmageo/api.farmageo.com.ar/app/Helper/configuraciones.ts:1199:25)
    at Function.ConfBuilder.armarListado (/home/farmageo/api.farmageo.com.ar/app/Helper/configuraciones.ts:754:27)
    at /home/farmageo/api.farmageo.com.ar/app/Controllers/Http/ConfigsController.ts:146:36
    at Array.map (<anonymous>)
    at ConfigsController.ConfigPantalla (/home/farmageo/api.farmageo.com.ar/app/Controllers/Http/ConfigsController.ts:141:18)
    at processTicksAndRejections (node:internal/process/task_queues:96:5)
    at Object.PreCompiler.runRouteHandler [as fn] (/home/farmageo/api.farmageo.com.ar/node_modules/@adonisjs/http-server/build/src/Server/PreCompiler/index.js:47:31)
Thu Nov 10 2022 12:14:10 GMT-0300 (Argentina Standard Time) Error Handler: TypeError: Cannot read properties of undefined (reading 'Permisos')
    at eval (eval at <anonymous> (/home/farmageo/api.farmageo.com.ar/app/Helper/configuraciones.ts:1202:23), <anonymous>:1:18)
    at /home/farmageo/api.farmageo.com.ar/app/Helper/configuraciones.ts:1202:23
    at Array.map (<anonymous>)
    at Function.ConfBuilder.setOpciones (/home/farmageo/api.farmageo.com.ar/app/Helper/configuraciones.ts:1199:25)
    at Function.ConfBuilder.armarListado (/home/farmageo/api.farmageo.com.ar/app/Helper/configuraciones.ts:754:27)
    at /home/farmageo/api.farmageo.com.ar/app/Controllers/Http/ConfigsController.ts:146:36
    at Array.map (<anonymous>)
    at ConfigsController.ConfigPantalla (/home/farmageo/api.farmageo.com.ar/app/Controllers/Http/ConfigsController.ts:141:18)
    at processTicksAndRejections (node:internal/process/task_queues:96:5)
    at Object.PreCompiler.runRouteHandler [as fn] (/home/farmageo/api.farmageo.com.ar/node_modules/@adonisjs/http-server/build/src/Server/PreCompiler/index.js:47:31)
Thu Nov 10 2022 12:14:10 GMT-0300 (Argentina Standard Time) Error Handler: TypeError: Cannot read properties of undefined (reading 'Permisos')
    at eval (eval at <anonymous> (/home/farmageo/api.farmageo.com.ar/app/Helper/configuraciones.ts:1202:23), <anonymous>:1:18)
    at /home/farmageo/api.farmageo.com.ar/app/Helper/configuraciones.ts:1202:23
    at Array.map (<anonymous>)
    at Function.ConfBuilder.setOpciones (/home/farmageo/api.farmageo.com.ar/app/Helper/configuraciones.ts:1199:25)
    at Function.ConfBuilder.armarListado (/home/farmageo/api.farmageo.com.ar/app/Helper/configuraciones.ts:754:27)
    at /home/farmageo/api.farmageo.com.ar/app/Controllers/Http/ConfigsController.ts:146:36
    at Array.map (<anonymous>)
    at ConfigsController.ConfigPantalla (/home/farmageo/api.farmageo.com.ar/app/Controllers/Http/ConfigsController.ts:141:18)
    at processTicksAndRejections (node:internal/process/task_queues:96:5)
    at Object.PreCompiler.runRouteHandler [as fn] (/home/farmageo/api.farmageo.com.ar/node_modules/@adonisjs/http-server/build/src/Server/PreCompiler/index.js:47:31)
Thu Nov 10 2022 12:14:10 GMT-0300 (Argentina Standard Time) Error Handler: TypeError: Cannot read properties of undefined (reading 'Permisos')
    at eval (eval at <anonymous> (/home/farmageo/api.farmageo.com.ar/app/Helper/configuraciones.ts:1202:23), <anonymous>:1:18)
    at /home/farmageo/api.farmageo.com.ar/app/Helper/configuraciones.ts:1202:23
    at Array.map (<anonymous>)
    at Function.ConfBuilder.setOpciones (/home/farmageo/api.farmageo.com.ar/app/Helper/configuraciones.ts:1199:25)
    at Function.ConfBuilder.armarListado (/home/farmageo/api.farmageo.com.ar/app/Helper/configuraciones.ts:754:27)
    at /home/farmageo/api.farmageo.com.ar/app/Controllers/Http/ConfigsController.ts:146:36
    at Array.map (<anonymous>)
    at ConfigsController.ConfigPantalla (/home/farmageo/api.farmageo.com.ar/app/Controllers/Http/ConfigsController.ts:141:18)
    at processTicksAndRejections (node:internal/process/task_queues:96:5)
    at Object.PreCompiler.runRouteHandler [as fn] (/home/farmageo/api.farmageo.com.ar/node_modules/@adonisjs/http-server/build/src/Server/PreCompiler/index.js:47:31)
Thu Nov 10 2022 12:14:10 GMT-0300 (Argentina Standard Time) Error Handler: TypeError: Cannot read properties of undefined (reading 'Permisos')
    at eval (eval at <anonymous> (/home/farmageo/api.farmageo.com.ar/app/Helper/configuraciones.ts:1202:23), <anonymous>:1:18)
    at /home/farmageo/api.farmageo.com.ar/app/Helper/configuraciones.ts:1202:23
    at Array.map (<anonymous>)
    at Function.ConfBuilder.setOpciones (/home/farmageo/api.farmageo.com.ar/app/Helper/configuraciones.ts:1199:25)
    at Function.ConfBuilder.armarListado (/home/farmageo/api.farmageo.com.ar/app/Helper/configuraciones.ts:754:27)
    at /home/farmageo/api.farmageo.com.ar/app/Controllers/Http/ConfigsController.ts:146:36
    at Array.map (<anonymous>)
    at ConfigsController.ConfigPantalla (/home/farmageo/api.farmageo.com.ar/app/Controllers/Http/ConfigsController.ts:141:18)
    at processTicksAndRejections (node:internal/process/task_queues:96:5)
    at Object.PreCompiler.runRouteHandler [as fn] (/home/farmageo/api.farmageo.com.ar/node_modules/@adonisjs/http-server/build/src/Server/PreCompiler/index.js:47:31)
Thu Nov 10 2022 12:14:10 GMT-0300 (Argentina Standard Time) Error Handler: TypeError: Cannot read properties of undefined (reading 'Permisos')
    at eval (eval at <anonymous> (/home/farmageo/api.farmageo.com.ar/app/Helper/configuraciones.ts:1202:23), <anonymous>:1:18)
    at /home/farmageo/api.farmageo.com.ar/app/Helper/configuraciones.ts:1202:23
    at Array.map (<anonymous>)
    at Function.ConfBuilder.setOpciones (/home/farmageo/api.farmageo.com.ar/app/Helper/configuraciones.ts:1199:25)
    at Function.ConfBuilder.armarListado (/home/farmageo/api.farmageo.com.ar/app/Helper/configuraciones.ts:754:27)
    at /home/farmageo/api.farmageo.com.ar/app/Controllers/Http/ConfigsController.ts:146:36
    at Array.map (<anonymous>)
    at ConfigsController.ConfigPantalla (/home/farmageo/api.farmageo.com.ar/app/Controllers/Http/ConfigsController.ts:141:18)
    at processTicksAndRejections (node:internal/process/task_queues:96:5)
    at Object.PreCompiler.runRouteHandler [as fn] (/home/farmageo/api.farmageo.com.ar/node_modules/@adonisjs/http-server/build/src/Server/PreCompiler/index.js:47:31)
Thu Nov 10 2022 12:14:10 GMT-0300 (Argentina Standard Time) Error Handler: TypeError: Cannot read properties of undefined (reading 'Permisos')
    at eval (eval at <anonymous> (/home/farmageo/api.farmageo.com.ar/app/Helper/configuraciones.ts:1202:23), <anonymous>:1:18)
    at /home/farmageo/api.farmageo.com.ar/app/Helper/configuraciones.ts:1202:23
    at Array.map (<anonymous>)
    at Function.ConfBuilder.setOpciones (/home/farmageo/api.farmageo.com.ar/app/Helper/configuraciones.ts:1199:25)
    at Function.ConfBuilder.armarListado (/home/farmageo/api.farmageo.com.ar/app/Helper/configuraciones.ts:754:27)
    at /home/farmageo/api.farmageo.com.ar/app/Controllers/Http/ConfigsController.ts:146:36
    at Array.map (<anonymous>)
    at ConfigsController.ConfigPantalla (/home/farmageo/api.farmageo.com.ar/app/Controllers/Http/ConfigsController.ts:141:18)
    at processTicksAndRejections (node:internal/process/task_queues:96:5)
    at Object.PreCompiler.runRouteHandler [as fn] (/home/farmageo/api.farmageo.com.ar/node_modules/@adonisjs/http-server/build/src/Server/PreCompiler/index.js:47:31)
Thu Nov 10 2022 12:14:10 GMT-0300 (Argentina Standard Time) Error Handler: TypeError: Cannot read properties of undefined (reading 'Permisos')
    at eval (eval at <anonymous> (/home/farmageo/api.farmageo.com.ar/app/Helper/configuraciones.ts:1202:23), <anonymous>:1:18)
    at /home/farmageo/api.farmageo.com.ar/app/Helper/configuraciones.ts:1202:23
    at Array.map (<anonymous>)
    at Function.ConfBuilder.setOpciones (/home/farmageo/api.farmageo.com.ar/app/Helper/configuraciones.ts:1199:25)
    at Function.ConfBuilder.armarListado (/home/farmageo/api.farmageo.com.ar/app/Helper/configuraciones.ts:754:27)
    at /home/farmageo/api.farmageo.com.ar/app/Controllers/Http/ConfigsController.ts:146:36
    at Array.map (<anonymous>)
    at ConfigsController.ConfigPantalla (/home/farmageo/api.farmageo.com.ar/app/Controllers/Http/ConfigsController.ts:141:18)
    at processTicksAndRejections (node:internal/process/task_queues:96:5)
    at Object.PreCompiler.runRouteHandler [as fn] (/home/farmageo/api.farmageo.com.ar/node_modules/@adonisjs/http-server/build/src/Server/PreCompiler/index.js:47:31)
Thu Nov 10 2022 12:14:10 GMT-0300 (Argentina Standard Time) Error Handler: TypeError: Cannot read properties of undefined (reading 'Permisos')
    at eval (eval at <anonymous> (/home/farmageo/api.farmageo.com.ar/app/Helper/configuraciones.ts:1202:23), <anonymous>:1:18)
    at /home/farmageo/api.farmageo.com.ar/app/Helper/configuraciones.ts:1202:23
    at Array.map (<anonymous>)
    at Function.ConfBuilder.setOpciones (/home/farmageo/api.farmageo.com.ar/app/Helper/configuraciones.ts:1199:25)
    at Function.ConfBuilder.armarListado (/home/farmageo/api.farmageo.com.ar/app/Helper/configuraciones.ts:754:27)
    at /home/farmageo/api.farmageo.com.ar/app/Controllers/Http/ConfigsController.ts:146:36
    at Array.map (<anonymous>)
    at ConfigsController.ConfigPantalla (/home/farmageo/api.farmageo.com.ar/app/Controllers/Http/ConfigsController.ts:141:18)
    at processTicksAndRejections (node:internal/process/task_queues:96:5)
    at Object.PreCompiler.runRouteHandler [as fn] (/home/farmageo/api.farmageo.com.ar/node_modules/@adonisjs/http-server/build/src/Server/PreCompiler/index.js:47:31)
Thu Nov 10 2022 12:14:10 GMT-0300 (Argentina Standard Time) Error Handler: TypeError: Cannot read properties of undefined (reading 'Permisos')
    at eval (eval at <anonymous> (/home/farmageo/api.farmageo.com.ar/app/Helper/configuraciones.ts:1202:23), <anonymous>:1:18)
    at /home/farmageo/api.farmageo.com.ar/app/Helper/configuraciones.ts:1202:23
    at Array.map (<anonymous>)
    at Function.ConfBuilder.setOpciones (/home/farmageo/api.farmageo.com.ar/app/Helper/configuraciones.ts:1199:25)
    at Function.ConfBuilder.armarListado (/home/farmageo/api.farmageo.com.ar/app/Helper/configuraciones.ts:754:27)
    at /home/farmageo/api.farmageo.com.ar/app/Controllers/Http/ConfigsController.ts:146:36
    at Array.map (<anonymous>)
    at ConfigsController.ConfigPantalla (/home/farmageo/api.farmageo.com.ar/app/Controllers/Http/ConfigsController.ts:141:18)
    at processTicksAndRejections (node:internal/process/task_queues:96:5)
    at Object.PreCompiler.runRouteHandler [as fn] (/home/farmageo/api.farmageo.com.ar/node_modules/@adonisjs/http-server/build/src/Server/PreCompiler/index.js:47:31)
Thu Nov 10 2022 12:14:10 GMT-0300 (Argentina Standard Time) Error Handler: TypeError: Cannot read properties of undefined (reading 'Permisos')
    at eval (eval at <anonymous> (/home/farmageo/api.farmageo.com.ar/app/Helper/configuraciones.ts:1202:23), <anonymous>:1:18)
    at /home/farmageo/api.farmageo.com.ar/app/Helper/configuraciones.ts:1202:23
    at Array.map (<anonymous>)
    at Function.ConfBuilder.setOpciones (/home/farmageo/api.farmageo.com.ar/app/Helper/configuraciones.ts:1199:25)
    at Function.ConfBuilder.armarListado (/home/farmageo/api.farmageo.com.ar/app/Helper/configuraciones.ts:754:27)
    at /home/farmageo/api.farmageo.com.ar/app/Controllers/Http/ConfigsController.ts:146:36
    at Array.map (<anonymous>)
    at ConfigsController.ConfigPantalla (/home/farmageo/api.farmageo.com.ar/app/Controllers/Http/ConfigsController.ts:141:18)
    at processTicksAndRejections (node:internal/process/task_queues:96:5)
    at Object.PreCompiler.runRouteHandler [as fn] (/home/farmageo/api.farmageo.com.ar/node_modules/@adonisjs/http-server/build/src/Server/PreCompiler/index.js:47:31)
Thu Nov 10 2022 12:14:10 GMT-0300 (Argentina Standard Time) Error Handler: TypeError: Cannot read properties of undefined (reading 'Permisos')
    at eval (eval at <anonymous> (/home/farmageo/api.farmageo.com.ar/app/Helper/configuraciones.ts:1202:23), <anonymous>:1:18)
    at /home/farmageo/api.farmageo.com.ar/app/Helper/configuraciones.ts:1202:23
    at Array.map (<anonymous>)
    at Function.ConfBuilder.setOpciones (/home/farmageo/api.farmageo.com.ar/app/Helper/configuraciones.ts:1199:25)
    at Function.ConfBuilder.armarListado (/home/farmageo/api.farmageo.com.ar/app/Helper/configuraciones.ts:754:27)
    at /home/farmageo/api.farmageo.com.ar/app/Controllers/Http/ConfigsController.ts:146:36
    at Array.map (<anonymous>)
    at ConfigsController.ConfigPantalla (/home/farmageo/api.farmageo.com.ar/app/Controllers/Http/ConfigsController.ts:141:18)
    at processTicksAndRejections (node:internal/process/task_queues:96:5)
    at Object.PreCompiler.runRouteHandler [as fn] (/home/farmageo/api.farmageo.com.ar/node_modules/@adonisjs/http-server/build/src/Server/PreCompiler/index.js:47:31)
Thu Nov 10 2022 12:14:10 GMT-0300 (Argentina Standard Time) Error Handler: TypeError: Cannot read properties of undefined (reading 'Permisos')
    at eval (eval at <anonymous> (/home/farmageo/api.farmageo.com.ar/app/Helper/configuraciones.ts:1202:23), <anonymous>:1:18)
    at /home/farmageo/api.farmageo.com.ar/app/Helper/configuraciones.ts:1202:23
    at Array.map (<anonymous>)
    at Function.ConfBuilder.setOpciones (/home/farmageo/api.farmageo.com.ar/app/Helper/configuraciones.ts:1199:25)
    at Function.ConfBuilder.armarListado (/home/farmageo/api.farmageo.com.ar/app/Helper/configuraciones.ts:754:27)
    at /home/farmageo/api.farmageo.com.ar/app/Controllers/Http/ConfigsController.ts:146:36
    at Array.map (<anonymous>)
    at ConfigsController.ConfigPantalla (/home/farmageo/api.farmageo.com.ar/app/Controllers/Http/ConfigsController.ts:141:18)
    at processTicksAndRejections (node:internal/process/task_queues:96:5)
    at Object.PreCompiler.runRouteHandler [as fn] (/home/farmageo/api.farmageo.com.ar/node_modules/@adonisjs/http-server/build/src/Server/PreCompiler/index.js:47:31)
Thu Nov 10 2022 12:14:10 GMT-0300 (Argentina Standard Time) Error Handler: TypeError: Cannot read properties of undefined (reading 'Permisos')
    at eval (eval at <anonymous> (/home/farmageo/api.farmageo.com.ar/app/Helper/configuraciones.ts:1202:23), <anonymous>:1:18)
    at /home/farmageo/api.farmageo.com.ar/app/Helper/configuraciones.ts:1202:23
    at Array.map (<anonymous>)
    at Function.ConfBuilder.setOpciones (/home/farmageo/api.farmageo.com.ar/app/Helper/configuraciones.ts:1199:25)
    at Function.ConfBuilder.armarListado (/home/farmageo/api.farmageo.com.ar/app/Helper/configuraciones.ts:754:27)
    at /home/farmageo/api.farmageo.com.ar/app/Controllers/Http/ConfigsController.ts:146:36
    at Array.map (<anonymous>)
    at ConfigsController.ConfigPantalla (/home/farmageo/api.farmageo.com.ar/app/Controllers/Http/ConfigsController.ts:141:18)
    at processTicksAndRejections (node:internal/process/task_queues:96:5)
    at Object.PreCompiler.runRouteHandler [as fn] (/home/farmageo/api.farmageo.com.ar/node_modules/@adonisjs/http-server/build/src/Server/PreCompiler/index.js:47:31)
Thu Nov 10 2022 12:14:10 GMT-0300 (Argentina Standard Time) Error Handler: TypeError: Cannot read properties of undefined (reading 'Permisos')
    at eval (eval at <anonymous> (/home/farmageo/api.farmageo.com.ar/app/Helper/configuraciones.ts:1202:23), <anonymous>:1:18)
    at /home/farmageo/api.farmageo.com.ar/app/Helper/configuraciones.ts:1202:23
    at Array.map (<anonymous>)
    at Function.ConfBuilder.setOpciones (/home/farmageo/api.farmageo.com.ar/app/Helper/configuraciones.ts:1199:25)
    at Function.ConfBuilder.armarListado (/home/farmageo/api.farmageo.com.ar/app/Helper/configuraciones.ts:754:27)
    at /home/farmageo/api.farmageo.com.ar/app/Controllers/Http/ConfigsController.ts:146:36
    at Array.map (<anonymous>)
    at ConfigsController.ConfigPantalla (/home/farmageo/api.farmageo.com.ar/app/Controllers/Http/ConfigsController.ts:141:18)
    at processTicksAndRejections (node:internal/process/task_queues:96:5)
    at Object.PreCompiler.runRouteHandler [as fn] (/home/farmageo/api.farmageo.com.ar/node_modules/@adonisjs/http-server/build/src/Server/PreCompiler/index.js:47:31)
Thu Nov 10 2022 12:14:10 GMT-0300 (Argentina Standard Time) Error Handler: TypeError: Cannot read properties of undefined (reading 'Permisos')
    at eval (eval at <anonymous> (/home/farmageo/api.farmageo.com.ar/app/Helper/configuraciones.ts:1202:23), <anonymous>:1:18)
    at /home/farmageo/api.farmageo.com.ar/app/Helper/configuraciones.ts:1202:23
    at Array.map (<anonymous>)
    at Function.ConfBuilder.setOpciones (/home/farmageo/api.farmageo.com.ar/app/Helper/configuraciones.ts:1199:25)
    at Function.ConfBuilder.armarListado (/home/farmageo/api.farmageo.com.ar/app/Helper/configuraciones.ts:754:27)
    at /home/farmageo/api.farmageo.com.ar/app/Controllers/Http/ConfigsController.ts:146:36
    at Array.map (<anonymous>)
    at ConfigsController.ConfigPantalla (/home/farmageo/api.farmageo.com.ar/app/Controllers/Http/ConfigsController.ts:141:18)
    at processTicksAndRejections (node:internal/process/task_queues:96:5)
    at Object.PreCompiler.runRouteHandler [as fn] (/home/farmageo/api.farmageo.com.ar/node_modules/@adonisjs/http-server/build/src/Server/PreCompiler/index.js:47:31)
Thu Nov 10 2022 12:14:10 GMT-0300 (Argentina Standard Time) Error Handler: TypeError: Cannot read properties of undefined (reading 'Permisos')
    at eval (eval at <anonymous> (/home/farmageo/api.farmageo.com.ar/app/Helper/configuraciones.ts:1202:23), <anonymous>:1:18)
    at /home/farmageo/api.farmageo.com.ar/app/Helper/configuraciones.ts:1202:23
    at Array.map (<anonymous>)
    at Function.ConfBuilder.setOpciones (/home/farmageo/api.farmageo.com.ar/app/Helper/configuraciones.ts:1199:25)
    at Function.ConfBuilder.armarListado (/home/farmageo/api.farmageo.com.ar/app/Helper/configuraciones.ts:754:27)
    at /home/farmageo/api.farmageo.com.ar/app/Controllers/Http/ConfigsController.ts:146:36
    at Array.map (<anonymous>)
    at ConfigsController.ConfigPantalla (/home/farmageo/api.farmageo.com.ar/app/Controllers/Http/ConfigsController.ts:141:18)
    at processTicksAndRejections (node:internal/process/task_queues:96:5)
    at Object.PreCompiler.runRouteHandler [as fn] (/home/farmageo/api.farmageo.com.ar/node_modules/@adonisjs/http-server/build/src/Server/PreCompiler/index.js:47:31)
Thu Nov 10 2022 12:14:10 GMT-0300 (Argentina Standard Time) Error Handler: TypeError: Cannot read properties of undefined (reading 'Permisos')
    at eval (eval at <anonymous> (/home/farmageo/api.farmageo.com.ar/app/Helper/configuraciones.ts:1202:23), <anonymous>:1:18)
    at /home/farmageo/api.farmageo.com.ar/app/Helper/configuraciones.ts:1202:23
    at Array.map (<anonymous>)
    at Function.ConfBuilder.setOpciones (/home/farmageo/api.farmageo.com.ar/app/Helper/configuraciones.ts:1199:25)
    at Function.ConfBuilder.armarListado (/home/farmageo/api.farmageo.com.ar/app/Helper/configuraciones.ts:754:27)
    at /home/farmageo/api.farmageo.com.ar/app/Controllers/Http/ConfigsController.ts:146:36
    at Array.map (<anonymous>)
    at ConfigsController.ConfigPantalla (/home/farmageo/api.farmageo.com.ar/app/Controllers/Http/ConfigsController.ts:141:18)
    at processTicksAndRejections (node:internal/process/task_queues:96:5)
    at Object.PreCompiler.runRouteHandler [as fn] (/home/farmageo/api.farmageo.com.ar/node_modules/@adonisjs/http-server/build/src/Server/PreCompiler/index.js:47:31)
Thu Nov 10 2022 12:14:10 GMT-0300 (Argentina Standard Time) Error Handler: TypeError: Cannot read properties of undefined (reading 'Permisos')
    at eval (eval at <anonymous> (/home/farmageo/api.farmageo.com.ar/app/Helper/configuraciones.ts:1202:23), <anonymous>:1:18)
    at /home/farmageo/api.farmageo.com.ar/app/Helper/configuraciones.ts:1202:23
    at Array.map (<anonymous>)
    at Function.ConfBuilder.setOpciones (/home/farmageo/api.farmageo.com.ar/app/Helper/configuraciones.ts:1199:25)
    at Function.ConfBuilder.armarListado (/home/farmageo/api.farmageo.com.ar/app/Helper/configuraciones.ts:754:27)
    at /home/farmageo/api.farmageo.com.ar/app/Controllers/Http/ConfigsController.ts:146:36
    at Array.map (<anonymous>)
    at ConfigsController.ConfigPantalla (/home/farmageo/api.farmageo.com.ar/app/Controllers/Http/ConfigsController.ts:141:18)
    at processTicksAndRejections (node:internal/process/task_queues:96:5)
    at Object.PreCompiler.runRouteHandler [as fn] (/home/farmageo/api.farmageo.com.ar/node_modules/@adonisjs/http-server/build/src/Server/PreCompiler/index.js:47:31)
Thu Nov 10 2022 12:14:10 GMT-0300 (Argentina Standard Time) Error Handler: TypeError: Cannot read properties of undefined (reading 'Permisos')
    at eval (eval at <anonymous> (/home/farmageo/api.farmageo.com.ar/app/Helper/configuraciones.ts:1202:23), <anonymous>:1:18)
    at /home/farmageo/api.farmageo.com.ar/app/Helper/configuraciones.ts:1202:23
    at Array.map (<anonymous>)
    at Function.ConfBuilder.setOpciones (/home/farmageo/api.farmageo.com.ar/app/Helper/configuraciones.ts:1199:25)
    at Function.ConfBuilder.armarListado (/home/farmageo/api.farmageo.com.ar/app/Helper/configuraciones.ts:754:27)
    at /home/farmageo/api.farmageo.com.ar/app/Controllers/Http/ConfigsController.ts:146:36
    at Array.map (<anonymous>)
    at ConfigsController.ConfigPantalla (/home/farmageo/api.farmageo.com.ar/app/Controllers/Http/ConfigsController.ts:141:18)
    at processTicksAndRejections (node:internal/process/task_queues:96:5)
    at Object.PreCompiler.runRouteHandler [as fn] (/home/farmageo/api.farmageo.com.ar/node_modules/@adonisjs/http-server/build/src/Server/PreCompiler/index.js:47:31)
Thu Nov 10 2022 12:14:10 GMT-0300 (Argentina Standard Time) Error Handler: TypeError: Cannot read properties of undefined (reading 'Permisos')
    at eval (eval at <anonymous> (/home/farmageo/api.farmageo.com.ar/app/Helper/configuraciones.ts:1202:23), <anonymous>:1:18)
    at /home/farmageo/api.farmageo.com.ar/app/Helper/configuraciones.ts:1202:23
    at Array.map (<anonymous>)
    at Function.ConfBuilder.setOpciones (/home/farmageo/api.farmageo.com.ar/app/Helper/configuraciones.ts:1199:25)
    at Function.ConfBuilder.armarListado (/home/farmageo/api.farmageo.com.ar/app/Helper/configuraciones.ts:754:27)
    at /home/farmageo/api.farmageo.com.ar/app/Controllers/Http/ConfigsController.ts:146:36
    at Array.map (<anonymous>)
    at ConfigsController.ConfigPantalla (/home/farmageo/api.farmageo.com.ar/app/Controllers/Http/ConfigsController.ts:141:18)
    at processTicksAndRejections (node:internal/process/task_queues:96:5)
    at Object.PreCompiler.runRouteHandler [as fn] (/home/farmageo/api.farmageo.com.ar/node_modules/@adonisjs/http-server/build/src/Server/PreCompiler/index.js:47:31)
Thu Nov 10 2022 12:14:10 GMT-0300 (Argentina Standard Time) Error Handler: TypeError: Cannot read properties of undefined (reading 'Permisos')
    at eval (eval at <anonymous> (/home/farmageo/api.farmageo.com.ar/app/Helper/configuraciones.ts:1202:23), <anonymous>:1:18)
    at /home/farmageo/api.farmageo.com.ar/app/Helper/configuraciones.ts:1202:23
    at Array.map (<anonymous>)
    at Function.ConfBuilder.setOpciones (/home/farmageo/api.farmageo.com.ar/app/Helper/configuraciones.ts:1199:25)
    at Function.ConfBuilder.armarListado (/home/farmageo/api.farmageo.com.ar/app/Helper/configuraciones.ts:754:27)
    at /home/farmageo/api.farmageo.com.ar/app/Controllers/Http/ConfigsController.ts:146:36
    at Array.map (<anonymous>)
    at ConfigsController.ConfigPantalla (/home/farmageo/api.farmageo.com.ar/app/Controllers/Http/ConfigsController.ts:141:18)
    at processTicksAndRejections (node:internal/process/task_queues:96:5)
    at Object.PreCompiler.runRouteHandler [as fn] (/home/farmageo/api.farmageo.com.ar/node_modules/@adonisjs/http-server/build/src/Server/PreCompiler/index.js:47:31)
Thu Nov 10 2022 12:14:10 GMT-0300 (Argentina Standard Time) Error Handler: TypeError: Cannot read properties of undefined (reading 'Permisos')
    at eval (eval at <anonymous> (/home/farmageo/api.farmageo.com.ar/app/Helper/configuraciones.ts:1202:23), <anonymous>:1:18)
    at /home/farmageo/api.farmageo.com.ar/app/Helper/configuraciones.ts:1202:23
    at Array.map (<anonymous>)
    at Function.ConfBuilder.setOpciones (/home/farmageo/api.farmageo.com.ar/app/Helper/configuraciones.ts:1199:25)
    at Function.ConfBuilder.armarListado (/home/farmageo/api.farmageo.com.ar/app/Helper/configuraciones.ts:754:27)
    at /home/farmageo/api.farmageo.com.ar/app/Controllers/Http/ConfigsController.ts:146:36
    at Array.map (<anonymous>)
    at ConfigsController.ConfigPantalla (/home/farmageo/api.farmageo.com.ar/app/Controllers/Http/ConfigsController.ts:141:18)
    at processTicksAndRejections (node:internal/process/task_queues:96:5)
    at Object.PreCompiler.runRouteHandler [as fn] (/home/farmageo/api.farmageo.com.ar/node_modules/@adonisjs/http-server/build/src/Server/PreCompiler/index.js:47:31)
Thu Nov 10 2022 12:14:10 GMT-0300 (Argentina Standard Time) Error Handler: TypeError: Cannot read properties of undefined (reading 'Permisos')
    at eval (eval at <anonymous> (/home/farmageo/api.farmageo.com.ar/app/Helper/configuraciones.ts:1202:23), <anonymous>:1:18)
    at /home/farmageo/api.farmageo.com.ar/app/Helper/configuraciones.ts:1202:23
    at Array.map (<anonymous>)
    at Function.ConfBuilder.setOpciones (/home/farmageo/api.farmageo.com.ar/app/Helper/configuraciones.ts:1199:25)
    at Function.ConfBuilder.armarListado (/home/farmageo/api.farmageo.com.ar/app/Helper/configuraciones.ts:754:27)
    at /home/farmageo/api.farmageo.com.ar/app/Controllers/Http/ConfigsController.ts:146:36
    at Array.map (<anonymous>)
    at ConfigsController.ConfigPantalla (/home/farmageo/api.farmageo.com.ar/app/Controllers/Http/ConfigsController.ts:141:18)
    at processTicksAndRejections (node:internal/process/task_queues:96:5)
    at Object.PreCompiler.runRouteHandler [as fn] (/home/farmageo/api.farmageo.com.ar/node_modules/@adonisjs/http-server/build/src/Server/PreCompiler/index.js:47:31)
Thu Nov 10 2022 12:14:10 GMT-0300 (Argentina Standard Time) Error Handler: TypeError: Cannot read properties of undefined (reading 'Permisos')
    at eval (eval at <anonymous> (/home/farmageo/api.farmageo.com.ar/app/Helper/configuraciones.ts:1202:23), <anonymous>:1:18)
    at /home/farmageo/api.farmageo.com.ar/app/Helper/configuraciones.ts:1202:23
    at Array.map (<anonymous>)
    at Function.ConfBuilder.setOpciones (/home/farmageo/api.farmageo.com.ar/app/Helper/configuraciones.ts:1199:25)
    at Function.ConfBuilder.armarListado (/home/farmageo/api.farmageo.com.ar/app/Helper/configuraciones.ts:754:27)
    at /home/farmageo/api.farmageo.com.ar/app/Controllers/Http/ConfigsController.ts:146:36
    at Array.map (<anonymous>)
    at ConfigsController.ConfigPantalla (/home/farmageo/api.farmageo.com.ar/app/Controllers/Http/ConfigsController.ts:141:18)
    at processTicksAndRejections (node:internal/process/task_queues:96:5)
    at Object.PreCompiler.runRouteHandler [as fn] (/home/farmageo/api.farmageo.com.ar/node_modules/@adonisjs/http-server/build/src/Server/PreCompiler/index.js:47:31)
Thu Nov 10 2022 12:14:10 GMT-0300 (Argentina Standard Time) Error Handler: TypeError: Cannot read properties of undefined (reading 'Permisos')
    at eval (eval at <anonymous> (/home/farmageo/api.farmageo.com.ar/app/Helper/configuraciones.ts:1202:23), <anonymous>:1:18)
    at /home/farmageo/api.farmageo.com.ar/app/Helper/configuraciones.ts:1202:23
    at Array.map (<anonymous>)
    at Function.ConfBuilder.setOpciones (/home/farmageo/api.farmageo.com.ar/app/Helper/configuraciones.ts:1199:25)
    at Function.ConfBuilder.armarListado (/home/farmageo/api.farmageo.com.ar/app/Helper/configuraciones.ts:754:27)
    at /home/farmageo/api.farmageo.com.ar/app/Controllers/Http/ConfigsController.ts:146:36
    at Array.map (<anonymous>)
    at ConfigsController.ConfigPantalla (/home/farmageo/api.farmageo.com.ar/app/Controllers/Http/ConfigsController.ts:141:18)
    at processTicksAndRejections (node:internal/process/task_queues:96:5)
    at Object.PreCompiler.runRouteHandler [as fn] (/home/farmageo/api.farmageo.com.ar/node_modules/@adonisjs/http-server/build/src/Server/PreCompiler/index.js:47:31)
Thu Nov 10 2022 12:14:10 GMT-0300 (Argentina Standard Time) Error Handler: TypeError: Cannot read properties of undefined (reading 'Permisos')
    at eval (eval at <anonymous> (/home/farmageo/api.farmageo.com.ar/app/Helper/configuraciones.ts:1202:23), <anonymous>:1:18)
    at /home/farmageo/api.farmageo.com.ar/app/Helper/configuraciones.ts:1202:23
    at Array.map (<anonymous>)
    at Function.ConfBuilder.setOpciones (/home/farmageo/api.farmageo.com.ar/app/Helper/configuraciones.ts:1199:25)
    at Function.ConfBuilder.armarListado (/home/farmageo/api.farmageo.com.ar/app/Helper/configuraciones.ts:754:27)
    at /home/farmageo/api.farmageo.com.ar/app/Controllers/Http/ConfigsController.ts:146:36
    at Array.map (<anonymous>)
    at ConfigsController.ConfigPantalla (/home/farmageo/api.farmageo.com.ar/app/Controllers/Http/ConfigsController.ts:141:18)
    at processTicksAndRejections (node:internal/process/task_queues:96:5)
    at Object.PreCompiler.runRouteHandler [as fn] (/home/farmageo/api.farmageo.com.ar/node_modules/@adonisjs/http-server/build/src/Server/PreCompiler/index.js:47:31)
Thu Nov 10 2022 12:14:10 GMT-0300 (Argentina Standard Time) Error Handler: TypeError: Cannot read properties of undefined (reading 'Permisos')
    at eval (eval at <anonymous> (/home/farmageo/api.farmageo.com.ar/app/Helper/configuraciones.ts:1202:23), <anonymous>:1:18)
    at /home/farmageo/api.farmageo.com.ar/app/Helper/configuraciones.ts:1202:23
    at Array.map (<anonymous>)
    at Function.ConfBuilder.setOpciones (/home/farmageo/api.farmageo.com.ar/app/Helper/configuraciones.ts:1199:25)
    at Function.ConfBuilder.armarListado (/home/farmageo/api.farmageo.com.ar/app/Helper/configuraciones.ts:754:27)
    at /home/farmageo/api.farmageo.com.ar/app/Controllers/Http/ConfigsController.ts:146:36
    at Array.map (<anonymous>)
    at ConfigsController.ConfigPantalla (/home/farmageo/api.farmageo.com.ar/app/Controllers/Http/ConfigsController.ts:141:18)
    at processTicksAndRejections (node:internal/process/task_queues:96:5)
    at Object.PreCompiler.runRouteHandler [as fn] (/home/farmageo/api.farmageo.com.ar/node_modules/@adonisjs/http-server/build/src/Server/PreCompiler/index.js:47:31)
Thu Nov 10 2022 12:14:10 GMT-0300 (Argentina Standard Time) Error Handler: TypeError: Cannot read properties of undefined (reading 'Permisos')
    at eval (eval at <anonymous> (/home/farmageo/api.farmageo.com.ar/app/Helper/configuraciones.ts:1202:23), <anonymous>:1:18)
    at /home/farmageo/api.farmageo.com.ar/app/Helper/configuraciones.ts:1202:23
    at Array.map (<anonymous>)
    at Function.ConfBuilder.setOpciones (/home/farmageo/api.farmageo.com.ar/app/Helper/configuraciones.ts:1199:25)
    at Function.ConfBuilder.armarListado (/home/farmageo/api.farmageo.com.ar/app/Helper/configuraciones.ts:754:27)
    at /home/farmageo/api.farmageo.com.ar/app/Controllers/Http/ConfigsController.ts:146:36
    at Array.map (<anonymous>)
    at ConfigsController.ConfigPantalla (/home/farmageo/api.farmageo.com.ar/app/Controllers/Http/ConfigsController.ts:141:18)
    at processTicksAndRejections (node:internal/process/task_queues:96:5)
    at Object.PreCompiler.runRouteHandler [as fn] (/home/farmageo/api.farmageo.com.ar/node_modules/@adonisjs/http-server/build/src/Server/PreCompiler/index.js:47:31)
Thu Nov 10 2022 12:14:10 GMT-0300 (Argentina Standard Time) Error Handler: TypeError: Cannot read properties of undefined (reading 'Permisos')
    at eval (eval at <anonymous> (/home/farmageo/api.farmageo.com.ar/app/Helper/configuraciones.ts:1202:23), <anonymous>:1:18)
    at /home/farmageo/api.farmageo.com.ar/app/Helper/configuraciones.ts:1202:23
    at Array.map (<anonymous>)
    at Function.ConfBuilder.setOpciones (/home/farmageo/api.farmageo.com.ar/app/Helper/configuraciones.ts:1199:25)
    at Function.ConfBuilder.armarListado (/home/farmageo/api.farmageo.com.ar/app/Helper/configuraciones.ts:754:27)
    at /home/farmageo/api.farmageo.com.ar/app/Controllers/Http/ConfigsController.ts:146:36
    at Array.map (<anonymous>)
    at ConfigsController.ConfigPantalla (/home/farmageo/api.farmageo.com.ar/app/Controllers/Http/ConfigsController.ts:141:18)
    at processTicksAndRejections (node:internal/process/task_queues:96:5)
    at Object.PreCompiler.runRouteHandler [as fn] (/home/farmageo/api.farmageo.com.ar/node_modules/@adonisjs/http-server/build/src/Server/PreCompiler/index.js:47:31)
Thu Nov 10 2022 12:14:10 GMT-0300 (Argentina Standard Time) Error Handler: TypeError: Cannot read properties of undefined (reading 'Permisos')
    at eval (eval at <anonymous> (/home/farmageo/api.farmageo.com.ar/app/Helper/configuraciones.ts:1202:23), <anonymous>:1:18)
    at /home/farmageo/api.farmageo.com.ar/app/Helper/configuraciones.ts:1202:23
    at Array.map (<anonymous>)
    at Function.ConfBuilder.setOpciones (/home/farmageo/api.farmageo.com.ar/app/Helper/configuraciones.ts:1199:25)
    at Function.ConfBuilder.armarListado (/home/farmageo/api.farmageo.com.ar/app/Helper/configuraciones.ts:754:27)
    at /home/farmageo/api.farmageo.com.ar/app/Controllers/Http/ConfigsController.ts:146:36
    at Array.map (<anonymous>)
    at ConfigsController.ConfigPantalla (/home/farmageo/api.farmageo.com.ar/app/Controllers/Http/ConfigsController.ts:141:18)
    at processTicksAndRejections (node:internal/process/task_queues:96:5)
    at Object.PreCompiler.runRouteHandler [as fn] (/home/farmageo/api.farmageo.com.ar/node_modules/@adonisjs/http-server/build/src/Server/PreCompiler/index.js:47:31)
Thu Nov 10 2022 12:14:10 GMT-0300 (Argentina Standard Time) Error Handler: TypeError: Cannot read properties of undefined (reading 'Permisos')
    at eval (eval at <anonymous> (/home/farmageo/api.farmageo.com.ar/app/Helper/configuraciones.ts:1202:23), <anonymous>:1:18)
    at /home/farmageo/api.farmageo.com.ar/app/Helper/configuraciones.ts:1202:23
    at Array.map (<anonymous>)
    at Function.ConfBuilder.setOpciones (/home/farmageo/api.farmageo.com.ar/app/Helper/configuraciones.ts:1199:25)
    at Function.ConfBuilder.armarListado (/home/farmageo/api.farmageo.com.ar/app/Helper/configuraciones.ts:754:27)
    at /home/farmageo/api.farmageo.com.ar/app/Controllers/Http/ConfigsController.ts:146:36
    at Array.map (<anonymous>)
    at ConfigsController.ConfigPantalla (/home/farmageo/api.farmageo.com.ar/app/Controllers/Http/ConfigsController.ts:141:18)
    at processTicksAndRejections (node:internal/process/task_queues:96:5)
    at Object.PreCompiler.runRouteHandler [as fn] (/home/farmageo/api.farmageo.com.ar/node_modules/@adonisjs/http-server/build/src/Server/PreCompiler/index.js:47:31)
Thu Nov 10 2022 12:14:10 GMT-0300 (Argentina Standard Time) Error Handler: TypeError: Cannot read properties of undefined (reading 'Permisos')
    at eval (eval at <anonymous> (/home/farmageo/api.farmageo.com.ar/app/Helper/configuraciones.ts:1202:23), <anonymous>:1:18)
    at /home/farmageo/api.farmageo.com.ar/app/Helper/configuraciones.ts:1202:23
    at Array.map (<anonymous>)
    at Function.ConfBuilder.setOpciones (/home/farmageo/api.farmageo.com.ar/app/Helper/configuraciones.ts:1199:25)
    at Function.ConfBuilder.armarListado (/home/farmageo/api.farmageo.com.ar/app/Helper/configuraciones.ts:754:27)
    at /home/farmageo/api.farmageo.com.ar/app/Controllers/Http/ConfigsController.ts:146:36
    at Array.map (<anonymous>)
    at ConfigsController.ConfigPantalla (/home/farmageo/api.farmageo.com.ar/app/Controllers/Http/ConfigsController.ts:141:18)
    at processTicksAndRejections (node:internal/process/task_queues:96:5)
    at Object.PreCompiler.runRouteHandler [as fn] (/home/farmageo/api.farmageo.com.ar/node_modules/@adonisjs/http-server/build/src/Server/PreCompiler/index.js:47:31)
Thu Nov 10 2022 12:14:10 GMT-0300 (Argentina Standard Time) Error Handler: TypeError: Cannot read properties of undefined (reading 'Permisos')
    at eval (eval at <anonymous> (/home/farmageo/api.farmageo.com.ar/app/Helper/configuraciones.ts:1202:23), <anonymous>:1:18)
    at /home/farmageo/api.farmageo.com.ar/app/Helper/configuraciones.ts:1202:23
    at Array.map (<anonymous>)
    at Function.ConfBuilder.setOpciones (/home/farmageo/api.farmageo.com.ar/app/Helper/configuraciones.ts:1199:25)
    at Function.ConfBuilder.armarListado (/home/farmageo/api.farmageo.com.ar/app/Helper/configuraciones.ts:754:27)
    at /home/farmageo/api.farmageo.com.ar/app/Controllers/Http/ConfigsController.ts:146:36
    at Array.map (<anonymous>)
    at ConfigsController.ConfigPantalla (/home/farmageo/api.farmageo.com.ar/app/Controllers/Http/ConfigsController.ts:141:18)
    at processTicksAndRejections (node:internal/process/task_queues:96:5)
    at Object.PreCompiler.runRouteHandler [as fn] (/home/farmageo/api.farmageo.com.ar/node_modules/@adonisjs/http-server/build/src/Server/PreCompiler/index.js:47:31)
Thu Nov 10 2022 12:14:10 GMT-0300 (Argentina Standard Time) Error Handler: TypeError: Cannot read properties of undefined (reading 'Permisos')
    at eval (eval at <anonymous> (/home/farmageo/api.farmageo.com.ar/app/Helper/configuraciones.ts:1202:23), <anonymous>:1:18)
    at /home/farmageo/api.farmageo.com.ar/app/Helper/configuraciones.ts:1202:23
    at Array.map (<anonymous>)
    at Function.ConfBuilder.setOpciones (/home/farmageo/api.farmageo.com.ar/app/Helper/configuraciones.ts:1199:25)
    at Function.ConfBuilder.armarListado (/home/farmageo/api.farmageo.com.ar/app/Helper/configuraciones.ts:754:27)
    at /home/farmageo/api.farmageo.com.ar/app/Controllers/Http/ConfigsController.ts:146:36
    at Array.map (<anonymous>)
    at ConfigsController.ConfigPantalla (/home/farmageo/api.farmageo.com.ar/app/Controllers/Http/ConfigsController.ts:141:18)
    at processTicksAndRejections (node:internal/process/task_queues:96:5)
    at Object.PreCompiler.runRouteHandler [as fn] (/home/farmageo/api.farmageo.com.ar/node_modules/@adonisjs/http-server/build/src/Server/PreCompiler/index.js:47:31)
Thu Nov 10 2022 12:14:10 GMT-0300 (Argentina Standard Time) Error Handler: TypeError: Cannot read properties of undefined (reading 'Permisos')
    at eval (eval at <anonymous> (/home/farmageo/api.farmageo.com.ar/app/Helper/configuraciones.ts:1202:23), <anonymous>:1:18)
    at /home/farmageo/api.farmageo.com.ar/app/Helper/configuraciones.ts:1202:23
    at Array.map (<anonymous>)
    at Function.ConfBuilder.setOpciones (/home/farmageo/api.farmageo.com.ar/app/Helper/configuraciones.ts:1199:25)
    at Function.ConfBuilder.armarListado (/home/farmageo/api.farmageo.com.ar/app/Helper/configuraciones.ts:754:27)
    at /home/farmageo/api.farmageo.com.ar/app/Controllers/Http/ConfigsController.ts:146:36
    at Array.map (<anonymous>)
    at ConfigsController.ConfigPantalla (/home/farmageo/api.farmageo.com.ar/app/Controllers/Http/ConfigsController.ts:141:18)
    at processTicksAndRejections (node:internal/process/task_queues:96:5)
    at Object.PreCompiler.runRouteHandler [as fn] (/home/farmageo/api.farmageo.com.ar/node_modules/@adonisjs/http-server/build/src/Server/PreCompiler/index.js:47:31)
Thu Nov 10 2022 12:14:10 GMT-0300 (Argentina Standard Time) Error Handler: TypeError: Cannot read properties of undefined (reading 'Permisos')
    at eval (eval at <anonymous> (/home/farmageo/api.farmageo.com.ar/app/Helper/configuraciones.ts:1202:23), <anonymous>:1:18)
    at /home/farmageo/api.farmageo.com.ar/app/Helper/configuraciones.ts:1202:23
    at Array.map (<anonymous>)
    at Function.ConfBuilder.setOpciones (/home/farmageo/api.farmageo.com.ar/app/Helper/configuraciones.ts:1199:25)
    at Function.ConfBuilder.armarListado (/home/farmageo/api.farmageo.com.ar/app/Helper/configuraciones.ts:754:27)
    at /home/farmageo/api.farmageo.com.ar/app/Controllers/Http/ConfigsController.ts:146:36
    at Array.map (<anonymous>)
    at ConfigsController.ConfigPantalla (/home/farmageo/api.farmageo.com.ar/app/Controllers/Http/ConfigsController.ts:141:18)
    at processTicksAndRejections (node:internal/process/task_queues:96:5)
    at Object.PreCompiler.runRouteHandler [as fn] (/home/farmageo/api.farmageo.com.ar/node_modules/@adonisjs/http-server/build/src/Server/PreCompiler/index.js:47:31)
Thu Nov 10 2022 12:14:10 GMT-0300 (Argentina Standard Time) Error Handler: TypeError: Cannot read properties of undefined (reading 'Permisos')
    at eval (eval at <anonymous> (/home/farmageo/api.farmageo.com.ar/app/Helper/configuraciones.ts:1202:23), <anonymous>:1:18)
    at /home/farmageo/api.farmageo.com.ar/app/Helper/configuraciones.ts:1202:23
    at Array.map (<anonymous>)
    at Function.ConfBuilder.setOpciones (/home/farmageo/api.farmageo.com.ar/app/Helper/configuraciones.ts:1199:25)
    at Function.ConfBuilder.armarListado (/home/farmageo/api.farmageo.com.ar/app/Helper/configuraciones.ts:754:27)
    at /home/farmageo/api.farmageo.com.ar/app/Controllers/Http/ConfigsController.ts:146:36
    at Array.map (<anonymous>)
    at ConfigsController.ConfigPantalla (/home/farmageo/api.farmageo.com.ar/app/Controllers/Http/ConfigsController.ts:141:18)
    at processTicksAndRejections (node:internal/process/task_queues:96:5)
    at Object.PreCompiler.runRouteHandler [as fn] (/home/farmageo/api.farmageo.com.ar/node_modules/@adonisjs/http-server/build/src/Server/PreCompiler/index.js:47:31)
Thu Nov 10 2022 12:14:10 GMT-0300 (Argentina Standard Time) Error Handler: TypeError: Cannot read properties of undefined (reading 'Permisos')
    at eval (eval at <anonymous> (/home/farmageo/api.farmageo.com.ar/app/Helper/configuraciones.ts:1202:23), <anonymous>:1:18)
    at /home/farmageo/api.farmageo.com.ar/app/Helper/configuraciones.ts:1202:23
    at Array.map (<anonymous>)
    at Function.ConfBuilder.setOpciones (/home/farmageo/api.farmageo.com.ar/app/Helper/configuraciones.ts:1199:25)
    at Function.ConfBuilder.armarListado (/home/farmageo/api.farmageo.com.ar/app/Helper/configuraciones.ts:754:27)
    at /home/farmageo/api.farmageo.com.ar/app/Controllers/Http/ConfigsController.ts:146:36
    at Array.map (<anonymous>)
    at ConfigsController.ConfigPantalla (/home/farmageo/api.farmageo.com.ar/app/Controllers/Http/ConfigsController.ts:141:18)
    at processTicksAndRejections (node:internal/process/task_queues:96:5)
    at Object.PreCompiler.runRouteHandler [as fn] (/home/farmageo/api.farmageo.com.ar/node_modules/@adonisjs/http-server/build/src/Server/PreCompiler/index.js:47:31)
Thu Nov 10 2022 12:14:10 GMT-0300 (Argentina Standard Time) Error Handler: TypeError: Cannot read properties of undefined (reading 'Permisos')
    at eval (eval at <anonymous> (/home/farmageo/api.farmageo.com.ar/app/Helper/configuraciones.ts:1202:23), <anonymous>:1:18)
    at /home/farmageo/api.farmageo.com.ar/app/Helper/configuraciones.ts:1202:23
    at Array.map (<anonymous>)
    at Function.ConfBuilder.setOpciones (/home/farmageo/api.farmageo.com.ar/app/Helper/configuraciones.ts:1199:25)
    at Function.ConfBuilder.armarListado (/home/farmageo/api.farmageo.com.ar/app/Helper/configuraciones.ts:754:27)
    at /home/farmageo/api.farmageo.com.ar/app/Controllers/Http/ConfigsController.ts:146:36
    at Array.map (<anonymous>)
    at ConfigsController.ConfigPantalla (/home/farmageo/api.farmageo.com.ar/app/Controllers/Http/ConfigsController.ts:141:18)
    at processTicksAndRejections (node:internal/process/task_queues:96:5)
    at Object.PreCompiler.runRouteHandler [as fn] (/home/farmageo/api.farmageo.com.ar/node_modules/@adonisjs/http-server/build/src/Server/PreCompiler/index.js:47:31)
Thu Nov 10 2022 12:14:10 GMT-0300 (Argentina Standard Time) Error Handler: TypeError: Cannot read properties of undefined (reading 'Permisos')
    at eval (eval at <anonymous> (/home/farmageo/api.farmageo.com.ar/app/Helper/configuraciones.ts:1202:23), <anonymous>:1:18)
    at /home/farmageo/api.farmageo.com.ar/app/Helper/configuraciones.ts:1202:23
    at Array.map (<anonymous>)
    at Function.ConfBuilder.setOpciones (/home/farmageo/api.farmageo.com.ar/app/Helper/configuraciones.ts:1199:25)
    at Function.ConfBuilder.armarListado (/home/farmageo/api.farmageo.com.ar/app/Helper/configuraciones.ts:754:27)
    at /home/farmageo/api.farmageo.com.ar/app/Controllers/Http/ConfigsController.ts:146:36
    at Array.map (<anonymous>)
    at ConfigsController.ConfigPantalla (/home/farmageo/api.farmageo.com.ar/app/Controllers/Http/ConfigsController.ts:141:18)
    at processTicksAndRejections (node:internal/process/task_queues:96:5)
    at Object.PreCompiler.runRouteHandler [as fn] (/home/farmageo/api.farmageo.com.ar/node_modules/@adonisjs/http-server/build/src/Server/PreCompiler/index.js:47:31)
Thu Nov 10 2022 12:14:10 GMT-0300 (Argentina Standard Time) Error Handler: TypeError: Cannot read properties of undefined (reading 'Permisos')
    at eval (eval at <anonymous> (/home/farmageo/api.farmageo.com.ar/app/Helper/configuraciones.ts:1202:23), <anonymous>:1:18)
    at /home/farmageo/api.farmageo.com.ar/app/Helper/configuraciones.ts:1202:23
    at Array.map (<anonymous>)
    at Function.ConfBuilder.setOpciones (/home/farmageo/api.farmageo.com.ar/app/Helper/configuraciones.ts:1199:25)
    at Function.ConfBuilder.armarListado (/home/farmageo/api.farmageo.com.ar/app/Helper/configuraciones.ts:754:27)
    at /home/farmageo/api.farmageo.com.ar/app/Controllers/Http/ConfigsController.ts:146:36
    at Array.map (<anonymous>)
    at ConfigsController.ConfigPantalla (/home/farmageo/api.farmageo.com.ar/app/Controllers/Http/ConfigsController.ts:141:18)
    at processTicksAndRejections (node:internal/process/task_queues:96:5)
    at Object.PreCompiler.runRouteHandler [as fn] (/home/farmageo/api.farmageo.com.ar/node_modules/@adonisjs/http-server/build/src/Server/PreCompiler/index.js:47:31)
Thu Nov 10 2022 12:14:10 GMT-0300 (Argentina Standard Time) Error Handler: TypeError: Cannot read properties of undefined (reading 'Permisos')
    at eval (eval at <anonymous> (/home/farmageo/api.farmageo.com.ar/app/Helper/configuraciones.ts:1202:23), <anonymous>:1:18)
    at /home/farmageo/api.farmageo.com.ar/app/Helper/configuraciones.ts:1202:23
    at Array.map (<anonymous>)
    at Function.ConfBuilder.setOpciones (/home/farmageo/api.farmageo.com.ar/app/Helper/configuraciones.ts:1199:25)
    at Function.ConfBuilder.armarListado (/home/farmageo/api.farmageo.com.ar/app/Helper/configuraciones.ts:754:27)
    at /home/farmageo/api.farmageo.com.ar/app/Controllers/Http/ConfigsController.ts:146:36
    at Array.map (<anonymous>)
    at ConfigsController.ConfigPantalla (/home/farmageo/api.farmageo.com.ar/app/Controllers/Http/ConfigsController.ts:141:18)
    at processTicksAndRejections (node:internal/process/task_queues:96:5)
    at Object.PreCompiler.runRouteHandler [as fn] (/home/farmageo/api.farmageo.com.ar/node_modules/@adonisjs/http-server/build/src/Server/PreCompiler/index.js:47:31)
Thu Nov 10 2022 12:14:10 GMT-0300 (Argentina Standard Time) Error Handler: TypeError: Cannot read properties of undefined (reading 'Permisos')
    at eval (eval at <anonymous> (/home/farmageo/api.farmageo.com.ar/app/Helper/configuraciones.ts:1202:23), <anonymous>:1:18)
    at /home/farmageo/api.farmageo.com.ar/app/Helper/configuraciones.ts:1202:23
    at Array.map (<anonymous>)
    at Function.ConfBuilder.setOpciones (/home/farmageo/api.farmageo.com.ar/app/Helper/configuraciones.ts:1199:25)
    at Function.ConfBuilder.armarListado (/home/farmageo/api.farmageo.com.ar/app/Helper/configuraciones.ts:754:27)
    at /home/farmageo/api.farmageo.com.ar/app/Controllers/Http/ConfigsController.ts:146:36
    at Array.map (<anonymous>)
    at ConfigsController.ConfigPantalla (/home/farmageo/api.farmageo.com.ar/app/Controllers/Http/ConfigsController.ts:141:18)
    at processTicksAndRejections (node:internal/process/task_queues:96:5)
    at Object.PreCompiler.runRouteHandler [as fn] (/home/farmageo/api.farmageo.com.ar/node_modules/@adonisjs/http-server/build/src/Server/PreCompiler/index.js:47:31)
Thu Nov 10 2022 12:14:10 GMT-0300 (Argentina Standard Time) Error Handler: TypeError: Cannot read properties of undefined (reading 'Permisos')
    at eval (eval at <anonymous> (/home/farmageo/api.farmageo.com.ar/app/Helper/configuraciones.ts:1202:23), <anonymous>:1:18)
    at /home/farmageo/api.farmageo.com.ar/app/Helper/configuraciones.ts:1202:23
    at Array.map (<anonymous>)
    at Function.ConfBuilder.setOpciones (/home/farmageo/api.farmageo.com.ar/app/Helper/configuraciones.ts:1199:25)
    at Function.ConfBuilder.armarListado (/home/farmageo/api.farmageo.com.ar/app/Helper/configuraciones.ts:754:27)
    at /home/farmageo/api.farmageo.com.ar/app/Controllers/Http/ConfigsController.ts:146:36
    at Array.map (<anonymous>)
    at ConfigsController.ConfigPantalla (/home/farmageo/api.farmageo.com.ar/app/Controllers/Http/ConfigsController.ts:141:18)
    at processTicksAndRejections (node:internal/process/task_queues:96:5)
    at Object.PreCompiler.runRouteHandler [as fn] (/home/farmageo/api.farmageo.com.ar/node_modules/@adonisjs/http-server/build/src/Server/PreCompiler/index.js:47:31)
Thu Nov 10 2022 12:14:10 GMT-0300 (Argentina Standard Time) Error Handler: TypeError: Cannot read properties of undefined (reading 'Permisos')
    at eval (eval at <anonymous> (/home/farmageo/api.farmageo.com.ar/app/Helper/configuraciones.ts:1202:23), <anonymous>:1:18)
    at /home/farmageo/api.farmageo.com.ar/app/Helper/configuraciones.ts:1202:23
    at Array.map (<anonymous>)
    at Function.ConfBuilder.setOpciones (/home/farmageo/api.farmageo.com.ar/app/Helper/configuraciones.ts:1199:25)
    at Function.ConfBuilder.armarListado (/home/farmageo/api.farmageo.com.ar/app/Helper/configuraciones.ts:754:27)
    at /home/farmageo/api.farmageo.com.ar/app/Controllers/Http/ConfigsController.ts:146:36
    at Array.map (<anonymous>)
    at ConfigsController.ConfigPantalla (/home/farmageo/api.farmageo.com.ar/app/Controllers/Http/ConfigsController.ts:141:18)
    at processTicksAndRejections (node:internal/process/task_queues:96:5)
    at Object.PreCompiler.runRouteHandler [as fn] (/home/farmageo/api.farmageo.com.ar/node_modules/@adonisjs/http-server/build/src/Server/PreCompiler/index.js:47:31)
Thu Nov 10 2022 12:14:10 GMT-0300 (Argentina Standard Time) Error Handler: TypeError: Cannot read properties of undefined (reading 'Permisos')
    at eval (eval at <anonymous> (/home/farmageo/api.farmageo.com.ar/app/Helper/configuraciones.ts:1202:23), <anonymous>:1:18)
    at /home/farmageo/api.farmageo.com.ar/app/Helper/configuraciones.ts:1202:23
    at Array.map (<anonymous>)
    at Function.ConfBuilder.setOpciones (/home/farmageo/api.farmageo.com.ar/app/Helper/configuraciones.ts:1199:25)
    at Function.ConfBuilder.armarListado (/home/farmageo/api.farmageo.com.ar/app/Helper/configuraciones.ts:754:27)
    at /home/farmageo/api.farmageo.com.ar/app/Controllers/Http/ConfigsController.ts:146:36
    at Array.map (<anonymous>)
    at ConfigsController.ConfigPantalla (/home/farmageo/api.farmageo.com.ar/app/Controllers/Http/ConfigsController.ts:141:18)
    at processTicksAndRejections (node:internal/process/task_queues:96:5)
    at Object.PreCompiler.runRouteHandler [as fn] (/home/farmageo/api.farmageo.com.ar/node_modules/@adonisjs/http-server/build/src/Server/PreCompiler/index.js:47:31)
Thu Nov 10 2022 12:14:10 GMT-0300 (Argentina Standard Time) Error Handler: TypeError: Cannot read properties of undefined (reading 'Permisos')
    at eval (eval at <anonymous> (/home/farmageo/api.farmageo.com.ar/app/Helper/configuraciones.ts:1202:23), <anonymous>:1:18)
    at /home/farmageo/api.farmageo.com.ar/app/Helper/configuraciones.ts:1202:23
    at Array.map (<anonymous>)
    at Function.ConfBuilder.setOpciones (/home/farmageo/api.farmageo.com.ar/app/Helper/configuraciones.ts:1199:25)
    at Function.ConfBuilder.armarListado (/home/farmageo/api.farmageo.com.ar/app/Helper/configuraciones.ts:754:27)
    at /home/farmageo/api.farmageo.com.ar/app/Controllers/Http/ConfigsController.ts:146:36
    at Array.map (<anonymous>)
    at ConfigsController.ConfigPantalla (/home/farmageo/api.farmageo.com.ar/app/Controllers/Http/ConfigsController.ts:141:18)
    at processTicksAndRejections (node:internal/process/task_queues:96:5)
    at Object.PreCompiler.runRouteHandler [as fn] (/home/farmageo/api.farmageo.com.ar/node_modules/@adonisjs/http-server/build/src/Server/PreCompiler/index.js:47:31)
Thu Nov 10 2022 12:14:10 GMT-0300 (Argentina Standard Time) Error Handler: TypeError: Cannot read properties of undefined (reading 'Permisos')
    at eval (eval at <anonymous> (/home/farmageo/api.farmageo.com.ar/app/Helper/configuraciones.ts:1202:23), <anonymous>:1:18)
    at /home/farmageo/api.farmageo.com.ar/app/Helper/configuraciones.ts:1202:23
    at Array.map (<anonymous>)
    at Function.ConfBuilder.setOpciones (/home/farmageo/api.farmageo.com.ar/app/Helper/configuraciones.ts:1199:25)
    at Function.ConfBuilder.armarListado (/home/farmageo/api.farmageo.com.ar/app/Helper/configuraciones.ts:754:27)
    at /home/farmageo/api.farmageo.com.ar/app/Controllers/Http/ConfigsController.ts:146:36
    at Array.map (<anonymous>)
    at ConfigsController.ConfigPantalla (/home/farmageo/api.farmageo.com.ar/app/Controllers/Http/ConfigsController.ts:141:18)
    at processTicksAndRejections (node:internal/process/task_queues:96:5)
    at Object.PreCompiler.runRouteHandler [as fn] (/home/farmageo/api.farmageo.com.ar/node_modules/@adonisjs/http-server/build/src/Server/PreCompiler/index.js:47:31)
Thu Nov 10 2022 12:14:10 GMT-0300 (Argentina Standard Time) Error Handler: TypeError: Cannot read properties of undefined (reading 'Permisos')
    at eval (eval at <anonymous> (/home/farmageo/api.farmageo.com.ar/app/Helper/configuraciones.ts:1202:23), <anonymous>:1:18)
    at /home/farmageo/api.farmageo.com.ar/app/Helper/configuraciones.ts:1202:23
    at Array.map (<anonymous>)
    at Function.ConfBuilder.setOpciones (/home/farmageo/api.farmageo.com.ar/app/Helper/configuraciones.ts:1199:25)
    at Function.ConfBuilder.armarListado (/home/farmageo/api.farmageo.com.ar/app/Helper/configuraciones.ts:754:27)
    at /home/farmageo/api.farmageo.com.ar/app/Controllers/Http/ConfigsController.ts:146:36
    at Array.map (<anonymous>)
    at ConfigsController.ConfigPantalla (/home/farmageo/api.farmageo.com.ar/app/Controllers/Http/ConfigsController.ts:141:18)
    at processTicksAndRejections (node:internal/process/task_queues:96:5)
    at Object.PreCompiler.runRouteHandler [as fn] (/home/farmageo/api.farmageo.com.ar/node_modules/@adonisjs/http-server/build/src/Server/PreCompiler/index.js:47:31)
Thu Nov 10 2022 12:14:10 GMT-0300 (Argentina Standard Time) Error Handler: TypeError: Cannot read properties of undefined (reading 'Permisos')
    at eval (eval at <anonymous> (/home/farmageo/api.farmageo.com.ar/app/Helper/configuraciones.ts:1202:23), <anonymous>:1:18)
    at /home/farmageo/api.farmageo.com.ar/app/Helper/configuraciones.ts:1202:23
    at Array.map (<anonymous>)
    at Function.ConfBuilder.setOpciones (/home/farmageo/api.farmageo.com.ar/app/Helper/configuraciones.ts:1199:25)
    at Function.ConfBuilder.armarListado (/home/farmageo/api.farmageo.com.ar/app/Helper/configuraciones.ts:754:27)
    at /home/farmageo/api.farmageo.com.ar/app/Controllers/Http/ConfigsController.ts:146:36
    at Array.map (<anonymous>)
    at ConfigsController.ConfigPantalla (/home/farmageo/api.farmageo.com.ar/app/Controllers/Http/ConfigsController.ts:141:18)
    at processTicksAndRejections (node:internal/process/task_queues:96:5)
    at Object.PreCompiler.runRouteHandler [as fn] (/home/farmageo/api.farmageo.com.ar/node_modules/@adonisjs/http-server/build/src/Server/PreCompiler/index.js:47:31)
Thu Nov 10 2022 12:14:10 GMT-0300 (Argentina Standard Time) Error Handler: TypeError: Cannot read properties of undefined (reading 'Permisos')
    at eval (eval at <anonymous> (/home/farmageo/api.farmageo.com.ar/app/Helper/configuraciones.ts:1202:23), <anonymous>:1:18)
    at /home/farmageo/api.farmageo.com.ar/app/Helper/configuraciones.ts:1202:23
    at Array.map (<anonymous>)
    at Function.ConfBuilder.setOpciones (/home/farmageo/api.farmageo.com.ar/app/Helper/configuraciones.ts:1199:25)
    at Function.ConfBuilder.armarListado (/home/farmageo/api.farmageo.com.ar/app/Helper/configuraciones.ts:754:27)
    at /home/farmageo/api.farmageo.com.ar/app/Controllers/Http/ConfigsController.ts:146:36
    at Array.map (<anonymous>)
    at ConfigsController.ConfigPantalla (/home/farmageo/api.farmageo.com.ar/app/Controllers/Http/ConfigsController.ts:141:18)
    at processTicksAndRejections (node:internal/process/task_queues:96:5)
    at Object.PreCompiler.runRouteHandler [as fn] (/home/farmageo/api.farmageo.com.ar/node_modules/@adonisjs/http-server/build/src/Server/PreCompiler/index.js:47:31)
Thu Nov 10 2022 12:14:10 GMT-0300 (Argentina Standard Time) Error Handler: TypeError: Cannot read properties of undefined (reading 'Permisos')
    at eval (eval at <anonymous> (/home/farmageo/api.farmageo.com.ar/app/Helper/configuraciones.ts:1202:23), <anonymous>:1:18)
    at /home/farmageo/api.farmageo.com.ar/app/Helper/configuraciones.ts:1202:23
    at Array.map (<anonymous>)
    at Function.ConfBuilder.setOpciones (/home/farmageo/api.farmageo.com.ar/app/Helper/configuraciones.ts:1199:25)
    at Function.ConfBuilder.armarListado (/home/farmageo/api.farmageo.com.ar/app/Helper/configuraciones.ts:754:27)
    at /home/farmageo/api.farmageo.com.ar/app/Controllers/Http/ConfigsController.ts:146:36
    at Array.map (<anonymous>)
    at ConfigsController.ConfigPantalla (/home/farmageo/api.farmageo.com.ar/app/Controllers/Http/ConfigsController.ts:141:18)
    at processTicksAndRejections (node:internal/process/task_queues:96:5)
    at Object.PreCompiler.runRouteHandler [as fn] (/home/farmageo/api.farmageo.com.ar/node_modules/@adonisjs/http-server/build/src/Server/PreCompiler/index.js:47:31)
Thu Nov 10 2022 12:14:10 GMT-0300 (Argentina Standard Time) Error Handler: TypeError: Cannot read properties of undefined (reading 'Permisos')
    at eval (eval at <anonymous> (/home/farmageo/api.farmageo.com.ar/app/Helper/configuraciones.ts:1202:23), <anonymous>:1:18)
    at /home/farmageo/api.farmageo.com.ar/app/Helper/configuraciones.ts:1202:23
    at Array.map (<anonymous>)
    at Function.ConfBuilder.setOpciones (/home/farmageo/api.farmageo.com.ar/app/Helper/configuraciones.ts:1199:25)
    at Function.ConfBuilder.armarListado (/home/farmageo/api.farmageo.com.ar/app/Helper/configuraciones.ts:754:27)
    at /home/farmageo/api.farmageo.com.ar/app/Controllers/Http/ConfigsController.ts:146:36
    at Array.map (<anonymous>)
    at ConfigsController.ConfigPantalla (/home/farmageo/api.farmageo.com.ar/app/Controllers/Http/ConfigsController.ts:141:18)
    at processTicksAndRejections (node:internal/process/task_queues:96:5)
    at Object.PreCompiler.runRouteHandler [as fn] (/home/farmageo/api.farmageo.com.ar/node_modules/@adonisjs/http-server/build/src/Server/PreCompiler/index.js:47:31)
Thu Nov 10 2022 12:14:10 GMT-0300 (Argentina Standard Time) Error Handler: TypeError: Cannot read properties of undefined (reading 'Permisos')
    at eval (eval at <anonymous> (/home/farmageo/api.farmageo.com.ar/app/Helper/configuraciones.ts:1202:23), <anonymous>:1:18)
    at /home/farmageo/api.farmageo.com.ar/app/Helper/configuraciones.ts:1202:23
    at Array.map (<anonymous>)
    at Function.ConfBuilder.setOpciones (/home/farmageo/api.farmageo.com.ar/app/Helper/configuraciones.ts:1199:25)
    at Function.ConfBuilder.armarListado (/home/farmageo/api.farmageo.com.ar/app/Helper/configuraciones.ts:754:27)
    at /home/farmageo/api.farmageo.com.ar/app/Controllers/Http/ConfigsController.ts:146:36
    at Array.map (<anonymous>)
    at ConfigsController.ConfigPantalla (/home/farmageo/api.farmageo.com.ar/app/Controllers/Http/ConfigsController.ts:141:18)
    at processTicksAndRejections (node:internal/process/task_queues:96:5)
    at Object.PreCompiler.runRouteHandler [as fn] (/home/farmageo/api.farmageo.com.ar/node_modules/@adonisjs/http-server/build/src/Server/PreCompiler/index.js:47:31)
Thu Nov 10 2022 12:14:10 GMT-0300 (Argentina Standard Time) Error Handler: TypeError: Cannot read properties of undefined (reading 'Permisos')
    at eval (eval at <anonymous> (/home/farmageo/api.farmageo.com.ar/app/Helper/configuraciones.ts:1202:23), <anonymous>:1:18)
    at /home/farmageo/api.farmageo.com.ar/app/Helper/configuraciones.ts:1202:23
    at Array.map (<anonymous>)
    at Function.ConfBuilder.setOpciones (/home/farmageo/api.farmageo.com.ar/app/Helper/configuraciones.ts:1199:25)
    at Function.ConfBuilder.armarListado (/home/farmageo/api.farmageo.com.ar/app/Helper/configuraciones.ts:754:27)
    at /home/farmageo/api.farmageo.com.ar/app/Controllers/Http/ConfigsController.ts:146:36
    at Array.map (<anonymous>)
    at ConfigsController.ConfigPantalla (/home/farmageo/api.farmageo.com.ar/app/Controllers/Http/ConfigsController.ts:141:18)
    at processTicksAndRejections (node:internal/process/task_queues:96:5)
    at Object.PreCompiler.runRouteHandler [as fn] (/home/farmageo/api.farmageo.com.ar/node_modules/@adonisjs/http-server/build/src/Server/PreCompiler/index.js:47:31)
Thu Nov 10 2022 12:14:10 GMT-0300 (Argentina Standard Time) Error Handler: TypeError: Cannot read properties of undefined (reading 'Permisos')
    at eval (eval at <anonymous> (/home/farmageo/api.farmageo.com.ar/app/Helper/configuraciones.ts:1202:23), <anonymous>:1:18)
    at /home/farmageo/api.farmageo.com.ar/app/Helper/configuraciones.ts:1202:23
    at Array.map (<anonymous>)
    at Function.ConfBuilder.setOpciones (/home/farmageo/api.farmageo.com.ar/app/Helper/configuraciones.ts:1199:25)
    at Function.ConfBuilder.armarListado (/home/farmageo/api.farmageo.com.ar/app/Helper/configuraciones.ts:754:27)
    at /home/farmageo/api.farmageo.com.ar/app/Controllers/Http/ConfigsController.ts:146:36
    at Array.map (<anonymous>)
    at ConfigsController.ConfigPantalla (/home/farmageo/api.farmageo.com.ar/app/Controllers/Http/ConfigsController.ts:141:18)
    at processTicksAndRejections (node:internal/process/task_queues:96:5)
    at Object.PreCompiler.runRouteHandler [as fn] (/home/farmageo/api.farmageo.com.ar/node_modules/@adonisjs/http-server/build/src/Server/PreCompiler/index.js:47:31)
Thu Nov 10 2022 12:14:10 GMT-0300 (Argentina Standard Time) Error Handler: TypeError: Cannot read properties of undefined (reading 'Permisos')
    at eval (eval at <anonymous> (/home/farmageo/api.farmageo.com.ar/app/Helper/configuraciones.ts:1202:23), <anonymous>:1:18)
    at /home/farmageo/api.farmageo.com.ar/app/Helper/configuraciones.ts:1202:23
    at Array.map (<anonymous>)
    at Function.ConfBuilder.setOpciones (/home/farmageo/api.farmageo.com.ar/app/Helper/configuraciones.ts:1199:25)
    at Function.ConfBuilder.armarListado (/home/farmageo/api.farmageo.com.ar/app/Helper/configuraciones.ts:754:27)
    at /home/farmageo/api.farmageo.com.ar/app/Controllers/Http/ConfigsController.ts:146:36
    at Array.map (<anonymous>)
    at ConfigsController.ConfigPantalla (/home/farmageo/api.farmageo.com.ar/app/Controllers/Http/ConfigsController.ts:141:18)
    at processTicksAndRejections (node:internal/process/task_queues:96:5)
    at Object.PreCompiler.runRouteHandler [as fn] (/home/farmageo/api.farmageo.com.ar/node_modules/@adonisjs/http-server/build/src/Server/PreCompiler/index.js:47:31)
Thu Nov 10 2022 12:14:10 GMT-0300 (Argentina Standard Time) Error Handler: TypeError: Cannot read properties of undefined (reading 'Permisos')
    at eval (eval at <anonymous> (/home/farmageo/api.farmageo.com.ar/app/Helper/configuraciones.ts:1202:23), <anonymous>:1:18)
    at /home/farmageo/api.farmageo.com.ar/app/Helper/configuraciones.ts:1202:23
    at Array.map (<anonymous>)
    at Function.ConfBuilder.setOpciones (/home/farmageo/api.farmageo.com.ar/app/Helper/configuraciones.ts:1199:25)
    at Function.ConfBuilder.armarListado (/home/farmageo/api.farmageo.com.ar/app/Helper/configuraciones.ts:754:27)
    at /home/farmageo/api.farmageo.com.ar/app/Controllers/Http/ConfigsController.ts:146:36
    at Array.map (<anonymous>)
    at ConfigsController.ConfigPantalla (/home/farmageo/api.farmageo.com.ar/app/Controllers/Http/ConfigsController.ts:141:18)
    at processTicksAndRejections (node:internal/process/task_queues:96:5)
    at Object.PreCompiler.runRouteHandler [as fn] (/home/farmageo/api.farmageo.com.ar/node_modules/@adonisjs/http-server/build/src/Server/PreCompiler/index.js:47:31)
Thu Nov 10 2022 12:14:10 GMT-0300 (Argentina Standard Time) Error Handler: TypeError: Cannot read properties of undefined (reading 'Permisos')
    at eval (eval at <anonymous> (/home/farmageo/api.farmageo.com.ar/app/Helper/configuraciones.ts:1202:23), <anonymous>:1:18)
    at /home/farmageo/api.farmageo.com.ar/app/Helper/configuraciones.ts:1202:23
    at Array.map (<anonymous>)
    at Function.ConfBuilder.setOpciones (/home/farmageo/api.farmageo.com.ar/app/Helper/configuraciones.ts:1199:25)
    at Function.ConfBuilder.armarListado (/home/farmageo/api.farmageo.com.ar/app/Helper/configuraciones.ts:754:27)
    at /home/farmageo/api.farmageo.com.ar/app/Controllers/Http/ConfigsController.ts:146:36
    at Array.map (<anonymous>)
    at ConfigsController.ConfigPantalla (/home/farmageo/api.farmageo.com.ar/app/Controllers/Http/ConfigsController.ts:141:18)
    at processTicksAndRejections (node:internal/process/task_queues:96:5)
    at Object.PreCompiler.runRouteHandler [as fn] (/home/farmageo/api.farmageo.com.ar/node_modules/@adonisjs/http-server/build/src/Server/PreCompiler/index.js:47:31)
Thu Nov 10 2022 12:14:10 GMT-0300 (Argentina Standard Time) Error Handler: TypeError: Cannot read properties of undefined (reading 'Permisos')
    at eval (eval at <anonymous> (/home/farmageo/api.farmageo.com.ar/app/Helper/configuraciones.ts:1202:23), <anonymous>:1:18)
    at /home/farmageo/api.farmageo.com.ar/app/Helper/configuraciones.ts:1202:23
    at Array.map (<anonymous>)
    at Function.ConfBuilder.setOpciones (/home/farmageo/api.farmageo.com.ar/app/Helper/configuraciones.ts:1199:25)
    at Function.ConfBuilder.armarListado (/home/farmageo/api.farmageo.com.ar/app/Helper/configuraciones.ts:754:27)
    at /home/farmageo/api.farmageo.com.ar/app/Controllers/Http/ConfigsController.ts:146:36
    at Array.map (<anonymous>)
    at ConfigsController.ConfigPantalla (/home/farmageo/api.farmageo.com.ar/app/Controllers/Http/ConfigsController.ts:141:18)
    at processTicksAndRejections (node:internal/process/task_queues:96:5)
    at Object.PreCompiler.runRouteHandler [as fn] (/home/farmageo/api.farmageo.com.ar/node_modules/@adonisjs/http-server/build/src/Server/PreCompiler/index.js:47:31)
Thu Nov 10 2022 12:14:10 GMT-0300 (Argentina Standard Time) Error Handler: TypeError: Cannot read properties of undefined (reading 'Permisos')
    at eval (eval at <anonymous> (/home/farmageo/api.farmageo.com.ar/app/Helper/configuraciones.ts:1202:23), <anonymous>:1:18)
    at /home/farmageo/api.farmageo.com.ar/app/Helper/configuraciones.ts:1202:23
    at Array.map (<anonymous>)
    at Function.ConfBuilder.setOpciones (/home/farmageo/api.farmageo.com.ar/app/Helper/configuraciones.ts:1199:25)
    at Function.ConfBuilder.armarListado (/home/farmageo/api.farmageo.com.ar/app/Helper/configuraciones.ts:754:27)
    at /home/farmageo/api.farmageo.com.ar/app/Controllers/Http/ConfigsController.ts:146:36
    at Array.map (<anonymous>)
    at ConfigsController.ConfigPantalla (/home/farmageo/api.farmageo.com.ar/app/Controllers/Http/ConfigsController.ts:141:18)
    at processTicksAndRejections (node:internal/process/task_queues:96:5)
    at Object.PreCompiler.runRouteHandler [as fn] (/home/farmageo/api.farmageo.com.ar/node_modules/@adonisjs/http-server/build/src/Server/PreCompiler/index.js:47:31)
Thu Nov 10 2022 12:14:10 GMT-0300 (Argentina Standard Time) Error Handler: TypeError: Cannot read properties of undefined (reading 'Permisos')
    at eval (eval at <anonymous> (/home/farmageo/api.farmageo.com.ar/app/Helper/configuraciones.ts:1202:23), <anonymous>:1:18)
    at /home/farmageo/api.farmageo.com.ar/app/Helper/configuraciones.ts:1202:23
    at Array.map (<anonymous>)
    at Function.ConfBuilder.setOpciones (/home/farmageo/api.farmageo.com.ar/app/Helper/configuraciones.ts:1199:25)
    at Function.ConfBuilder.armarListado (/home/farmageo/api.farmageo.com.ar/app/Helper/configuraciones.ts:754:27)
    at /home/farmageo/api.farmageo.com.ar/app/Controllers/Http/ConfigsController.ts:146:36
    at Array.map (<anonymous>)
    at ConfigsController.ConfigPantalla (/home/farmageo/api.farmageo.com.ar/app/Controllers/Http/ConfigsController.ts:141:18)
    at processTicksAndRejections (node:internal/process/task_queues:96:5)
    at Object.PreCompiler.runRouteHandler [as fn] (/home/farmageo/api.farmageo.com.ar/node_modules/@adonisjs/http-server/build/src/Server/PreCompiler/index.js:47:31)
Thu Nov 10 2022 12:14:10 GMT-0300 (Argentina Standard Time) Error Handler: TypeError: Cannot read properties of undefined (reading 'Permisos')
    at eval (eval at <anonymous> (/home/farmageo/api.farmageo.com.ar/app/Helper/configuraciones.ts:1202:23), <anonymous>:1:18)
    at /home/farmageo/api.farmageo.com.ar/app/Helper/configuraciones.ts:1202:23
    at Array.map (<anonymous>)
    at Function.ConfBuilder.setOpciones (/home/farmageo/api.farmageo.com.ar/app/Helper/configuraciones.ts:1199:25)
    at Function.ConfBuilder.armarListado (/home/farmageo/api.farmageo.com.ar/app/Helper/configuraciones.ts:754:27)
    at /home/farmageo/api.farmageo.com.ar/app/Controllers/Http/ConfigsController.ts:146:36
    at Array.map (<anonymous>)
    at ConfigsController.ConfigPantalla (/home/farmageo/api.farmageo.com.ar/app/Controllers/Http/ConfigsController.ts:141:18)
    at processTicksAndRejections (node:internal/process/task_queues:96:5)
    at Object.PreCompiler.runRouteHandler [as fn] (/home/farmageo/api.farmageo.com.ar/node_modules/@adonisjs/http-server/build/src/Server/PreCompiler/index.js:47:31)
Thu Nov 10 2022 12:14:10 GMT-0300 (Argentina Standard Time) Error Handler: TypeError: Cannot read properties of undefined (reading 'Permisos')
    at eval (eval at <anonymous> (/home/farmageo/api.farmageo.com.ar/app/Helper/configuraciones.ts:1202:23), <anonymous>:1:18)
    at /home/farmageo/api.farmageo.com.ar/app/Helper/configuraciones.ts:1202:23
    at Array.map (<anonymous>)
    at Function.ConfBuilder.setOpciones (/home/farmageo/api.farmageo.com.ar/app/Helper/configuraciones.ts:1199:25)
    at Function.ConfBuilder.armarListado (/home/farmageo/api.farmageo.com.ar/app/Helper/configuraciones.ts:754:27)
    at /home/farmageo/api.farmageo.com.ar/app/Controllers/Http/ConfigsController.ts:146:36
    at Array.map (<anonymous>)
    at ConfigsController.ConfigPantalla (/home/farmageo/api.farmageo.com.ar/app/Controllers/Http/ConfigsController.ts:141:18)
    at processTicksAndRejections (node:internal/process/task_queues:96:5)
    at Object.PreCompiler.runRouteHandler [as fn] (/home/farmageo/api.farmageo.com.ar/node_modules/@adonisjs/http-server/build/src/Server/PreCompiler/index.js:47:31)
Thu Nov 10 2022 12:14:10 GMT-0300 (Argentina Standard Time) Error Handler: TypeError: Cannot read properties of undefined (reading 'Permisos')
    at eval (eval at <anonymous> (/home/farmageo/api.farmageo.com.ar/app/Helper/configuraciones.ts:1202:23), <anonymous>:1:18)
    at /home/farmageo/api.farmageo.com.ar/app/Helper/configuraciones.ts:1202:23
    at Array.map (<anonymous>)
    at Function.ConfBuilder.setOpciones (/home/farmageo/api.farmageo.com.ar/app/Helper/configuraciones.ts:1199:25)
    at Function.ConfBuilder.armarListado (/home/farmageo/api.farmageo.com.ar/app/Helper/configuraciones.ts:754:27)
    at /home/farmageo/api.farmageo.com.ar/app/Controllers/Http/ConfigsController.ts:146:36
    at Array.map (<anonymous>)
    at ConfigsController.ConfigPantalla (/home/farmageo/api.farmageo.com.ar/app/Controllers/Http/ConfigsController.ts:141:18)
    at processTicksAndRejections (node:internal/process/task_queues:96:5)
    at Object.PreCompiler.runRouteHandler [as fn] (/home/farmageo/api.farmageo.com.ar/node_modules/@adonisjs/http-server/build/src/Server/PreCompiler/index.js:47:31)
Thu Nov 10 2022 12:14:10 GMT-0300 (Argentina Standard Time) Error Handler: TypeError: Cannot read properties of undefined (reading 'Permisos')
    at eval (eval at <anonymous> (/home/farmageo/api.farmageo.com.ar/app/Helper/configuraciones.ts:1202:23), <anonymous>:1:18)
    at /home/farmageo/api.farmageo.com.ar/app/Helper/configuraciones.ts:1202:23
    at Array.map (<anonymous>)
    at Function.ConfBuilder.setOpciones (/home/farmageo/api.farmageo.com.ar/app/Helper/configuraciones.ts:1199:25)
    at Function.ConfBuilder.armarListado (/home/farmageo/api.farmageo.com.ar/app/Helper/configuraciones.ts:754:27)
    at /home/farmageo/api.farmageo.com.ar/app/Controllers/Http/ConfigsController.ts:146:36
    at Array.map (<anonymous>)
    at ConfigsController.ConfigPantalla (/home/farmageo/api.farmageo.com.ar/app/Controllers/Http/ConfigsController.ts:141:18)
    at processTicksAndRejections (node:internal/process/task_queues:96:5)
    at Object.PreCompiler.runRouteHandler [as fn] (/home/farmageo/api.farmageo.com.ar/node_modules/@adonisjs/http-server/build/src/Server/PreCompiler/index.js:47:31)
Thu Nov 10 2022 12:14:10 GMT-0300 (Argentina Standard Time) Error Handler: TypeError: Cannot read properties of undefined (reading 'Permisos')
    at eval (eval at <anonymous> (/home/farmageo/api.farmageo.com.ar/app/Helper/configuraciones.ts:1202:23), <anonymous>:1:18)
    at /home/farmageo/api.farmageo.com.ar/app/Helper/configuraciones.ts:1202:23
    at Array.map (<anonymous>)
    at Function.ConfBuilder.setOpciones (/home/farmageo/api.farmageo.com.ar/app/Helper/configuraciones.ts:1199:25)
    at Function.ConfBuilder.armarListado (/home/farmageo/api.farmageo.com.ar/app/Helper/configuraciones.ts:754:27)
    at /home/farmageo/api.farmageo.com.ar/app/Controllers/Http/ConfigsController.ts:146:36
    at Array.map (<anonymous>)
    at ConfigsController.ConfigPantalla (/home/farmageo/api.farmageo.com.ar/app/Controllers/Http/ConfigsController.ts:141:18)
    at processTicksAndRejections (node:internal/process/task_queues:96:5)
    at Object.PreCompiler.runRouteHandler [as fn] (/home/farmageo/api.farmageo.com.ar/node_modules/@adonisjs/http-server/build/src/Server/PreCompiler/index.js:47:31)
Thu Nov 10 2022 12:14:10 GMT-0300 (Argentina Standard Time) Error Handler: TypeError: Cannot read properties of undefined (reading 'Permisos')
    at eval (eval at <anonymous> (/home/farmageo/api.farmageo.com.ar/app/Helper/configuraciones.ts:1202:23), <anonymous>:1:18)
    at /home/farmageo/api.farmageo.com.ar/app/Helper/configuraciones.ts:1202:23
    at Array.map (<anonymous>)
    at Function.ConfBuilder.setOpciones (/home/farmageo/api.farmageo.com.ar/app/Helper/configuraciones.ts:1199:25)
    at Function.ConfBuilder.armarListado (/home/farmageo/api.farmageo.com.ar/app/Helper/configuraciones.ts:754:27)
    at /home/farmageo/api.farmageo.com.ar/app/Controllers/Http/ConfigsController.ts:146:36
    at Array.map (<anonymous>)
    at ConfigsController.ConfigPantalla (/home/farmageo/api.farmageo.com.ar/app/Controllers/Http/ConfigsController.ts:141:18)
    at processTicksAndRejections (node:internal/process/task_queues:96:5)
    at Object.PreCompiler.runRouteHandler [as fn] (/home/farmageo/api.farmageo.com.ar/node_modules/@adonisjs/http-server/build/src/Server/PreCompiler/index.js:47:31)
Thu Nov 10 2022 12:14:10 GMT-0300 (Argentina Standard Time) Error Handler: TypeError: Cannot read properties of undefined (reading 'Permisos')
    at eval (eval at <anonymous> (/home/farmageo/api.farmageo.com.ar/app/Helper/configuraciones.ts:1202:23), <anonymous>:1:18)
    at /home/farmageo/api.farmageo.com.ar/app/Helper/configuraciones.ts:1202:23
    at Array.map (<anonymous>)
    at Function.ConfBuilder.setOpciones (/home/farmageo/api.farmageo.com.ar/app/Helper/configuraciones.ts:1199:25)
    at Function.ConfBuilder.armarListado (/home/farmageo/api.farmageo.com.ar/app/Helper/configuraciones.ts:754:27)
    at /home/farmageo/api.farmageo.com.ar/app/Controllers/Http/ConfigsController.ts:146:36
    at Array.map (<anonymous>)
    at ConfigsController.ConfigPantalla (/home/farmageo/api.farmageo.com.ar/app/Controllers/Http/ConfigsController.ts:141:18)
    at processTicksAndRejections (node:internal/process/task_queues:96:5)
    at Object.PreCompiler.runRouteHandler [as fn] (/home/farmageo/api.farmageo.com.ar/node_modules/@adonisjs/http-server/build/src/Server/PreCompiler/index.js:47:31)
Thu Nov 10 2022 12:14:10 GMT-0300 (Argentina Standard Time) Error Handler: TypeError: Cannot read properties of undefined (reading 'Permisos')
    at eval (eval at <anonymous> (/home/farmageo/api.farmageo.com.ar/app/Helper/configuraciones.ts:1202:23), <anonymous>:1:18)
    at /home/farmageo/api.farmageo.com.ar/app/Helper/configuraciones.ts:1202:23
    at Array.map (<anonymous>)
    at Function.ConfBuilder.setOpciones (/home/farmageo/api.farmageo.com.ar/app/Helper/configuraciones.ts:1199:25)
    at Function.ConfBuilder.armarListado (/home/farmageo/api.farmageo.com.ar/app/Helper/configuraciones.ts:754:27)
    at /home/farmageo/api.farmageo.com.ar/app/Controllers/Http/ConfigsController.ts:146:36
    at Array.map (<anonymous>)
    at ConfigsController.ConfigPantalla (/home/farmageo/api.farmageo.com.ar/app/Controllers/Http/ConfigsController.ts:141:18)
    at processTicksAndRejections (node:internal/process/task_queues:96:5)
    at Object.PreCompiler.runRouteHandler [as fn] (/home/farmageo/api.farmageo.com.ar/node_modules/@adonisjs/http-server/build/src/Server/PreCompiler/index.js:47:31)
Thu Nov 10 2022 12:14:10 GMT-0300 (Argentina Standard Time) Error Handler: TypeError: Cannot read properties of undefined (reading 'Permisos')
    at eval (eval at <anonymous> (/home/farmageo/api.farmageo.com.ar/app/Helper/configuraciones.ts:1202:23), <anonymous>:1:18)
    at /home/farmageo/api.farmageo.com.ar/app/Helper/configuraciones.ts:1202:23
    at Array.map (<anonymous>)
    at Function.ConfBuilder.setOpciones (/home/farmageo/api.farmageo.com.ar/app/Helper/configuraciones.ts:1199:25)
    at Function.ConfBuilder.armarListado (/home/farmageo/api.farmageo.com.ar/app/Helper/configuraciones.ts:754:27)
    at /home/farmageo/api.farmageo.com.ar/app/Controllers/Http/ConfigsController.ts:146:36
    at Array.map (<anonymous>)
    at ConfigsController.ConfigPantalla (/home/farmageo/api.farmageo.com.ar/app/Controllers/Http/ConfigsController.ts:141:18)
    at processTicksAndRejections (node:internal/process/task_queues:96:5)
    at Object.PreCompiler.runRouteHandler [as fn] (/home/farmageo/api.farmageo.com.ar/node_modules/@adonisjs/http-server/build/src/Server/PreCompiler/index.js:47:31)
Thu Nov 10 2022 12:14:10 GMT-0300 (Argentina Standard Time) Error Handler: TypeError: Cannot read properties of undefined (reading 'Permisos')
    at eval (eval at <anonymous> (/home/farmageo/api.farmageo.com.ar/app/Helper/configuraciones.ts:1202:23), <anonymous>:1:18)
    at /home/farmageo/api.farmageo.com.ar/app/Helper/configuraciones.ts:1202:23
    at Array.map (<anonymous>)
    at Function.ConfBuilder.setOpciones (/home/farmageo/api.farmageo.com.ar/app/Helper/configuraciones.ts:1199:25)
    at Function.ConfBuilder.armarListado (/home/farmageo/api.farmageo.com.ar/app/Helper/configuraciones.ts:754:27)
    at /home/farmageo/api.farmageo.com.ar/app/Controllers/Http/ConfigsController.ts:146:36
    at Array.map (<anonymous>)
    at ConfigsController.ConfigPantalla (/home/farmageo/api.farmageo.com.ar/app/Controllers/Http/ConfigsController.ts:141:18)
    at processTicksAndRejections (node:internal/process/task_queues:96:5)
    at Object.PreCompiler.runRouteHandler [as fn] (/home/farmageo/api.farmageo.com.ar/node_modules/@adonisjs/http-server/build/src/Server/PreCompiler/index.js:47:31)
Thu Nov 10 2022 12:14:10 GMT-0300 (Argentina Standard Time) Error Handler: TypeError: Cannot read properties of undefined (reading 'Permisos')
    at eval (eval at <anonymous> (/home/farmageo/api.farmageo.com.ar/app/Helper/configuraciones.ts:1202:23), <anonymous>:1:18)
    at /home/farmageo/api.farmageo.com.ar/app/Helper/configuraciones.ts:1202:23
    at Array.map (<anonymous>)
    at Function.ConfBuilder.setOpciones (/home/farmageo/api.farmageo.com.ar/app/Helper/configuraciones.ts:1199:25)
    at Function.ConfBuilder.armarListado (/home/farmageo/api.farmageo.com.ar/app/Helper/configuraciones.ts:754:27)
    at /home/farmageo/api.farmageo.com.ar/app/Controllers/Http/ConfigsController.ts:146:36
    at Array.map (<anonymous>)
    at ConfigsController.ConfigPantalla (/home/farmageo/api.farmageo.com.ar/app/Controllers/Http/ConfigsController.ts:141:18)
    at processTicksAndRejections (node:internal/process/task_queues:96:5)
    at Object.PreCompiler.runRouteHandler [as fn] (/home/farmageo/api.farmageo.com.ar/node_modules/@adonisjs/http-server/build/src/Server/PreCompiler/index.js:47:31)
Thu Nov 10 2022 12:14:10 GMT-0300 (Argentina Standard Time) Error Handler: TypeError: Cannot read properties of undefined (reading 'Permisos')
    at eval (eval at <anonymous> (/home/farmageo/api.farmageo.com.ar/app/Helper/configuraciones.ts:1202:23), <anonymous>:1:18)
    at /home/farmageo/api.farmageo.com.ar/app/Helper/configuraciones.ts:1202:23
    at Array.map (<anonymous>)
    at Function.ConfBuilder.setOpciones (/home/farmageo/api.farmageo.com.ar/app/Helper/configuraciones.ts:1199:25)
    at Function.ConfBuilder.armarListado (/home/farmageo/api.farmageo.com.ar/app/Helper/configuraciones.ts:754:27)
    at /home/farmageo/api.farmageo.com.ar/app/Controllers/Http/ConfigsController.ts:146:36
    at Array.map (<anonymous>)
    at ConfigsController.ConfigPantalla (/home/farmageo/api.farmageo.com.ar/app/Controllers/Http/ConfigsController.ts:141:18)
    at processTicksAndRejections (node:internal/process/task_queues:96:5)
    at Object.PreCompiler.runRouteHandler [as fn] (/home/farmageo/api.farmageo.com.ar/node_modules/@adonisjs/http-server/build/src/Server/PreCompiler/index.js:47:31)
Thu Nov 10 2022 12:14:10 GMT-0300 (Argentina Standard Time) Error Handler: TypeError: Cannot read properties of undefined (reading 'Permisos')
    at eval (eval at <anonymous> (/home/farmageo/api.farmageo.com.ar/app/Helper/configuraciones.ts:1202:23), <anonymous>:1:18)
    at /home/farmageo/api.farmageo.com.ar/app/Helper/configuraciones.ts:1202:23
    at Array.map (<anonymous>)
    at Function.ConfBuilder.setOpciones (/home/farmageo/api.farmageo.com.ar/app/Helper/configuraciones.ts:1199:25)
    at Function.ConfBuilder.armarListado (/home/farmageo/api.farmageo.com.ar/app/Helper/configuraciones.ts:754:27)
    at /home/farmageo/api.farmageo.com.ar/app/Controllers/Http/ConfigsController.ts:146:36
    at Array.map (<anonymous>)
    at ConfigsController.ConfigPantalla (/home/farmageo/api.farmageo.com.ar/app/Controllers/Http/ConfigsController.ts:141:18)
    at processTicksAndRejections (node:internal/process/task_queues:96:5)
    at Object.PreCompiler.runRouteHandler [as fn] (/home/farmageo/api.farmageo.com.ar/node_modules/@adonisjs/http-server/build/src/Server/PreCompiler/index.js:47:31)
Thu Nov 10 2022 12:14:10 GMT-0300 (Argentina Standard Time) Error Handler: TypeError: Cannot read properties of undefined (reading 'Permisos')
    at eval (eval at <anonymous> (/home/farmageo/api.farmageo.com.ar/app/Helper/configuraciones.ts:1202:23), <anonymous>:1:18)
    at /home/farmageo/api.farmageo.com.ar/app/Helper/configuraciones.ts:1202:23
    at Array.map (<anonymous>)
    at Function.ConfBuilder.setOpciones (/home/farmageo/api.farmageo.com.ar/app/Helper/configuraciones.ts:1199:25)
    at Function.ConfBuilder.armarListado (/home/farmageo/api.farmageo.com.ar/app/Helper/configuraciones.ts:754:27)
    at /home/farmageo/api.farmageo.com.ar/app/Controllers/Http/ConfigsController.ts:146:36
    at Array.map (<anonymous>)
    at ConfigsController.ConfigPantalla (/home/farmageo/api.farmageo.com.ar/app/Controllers/Http/ConfigsController.ts:141:18)
    at processTicksAndRejections (node:internal/process/task_queues:96:5)
    at Object.PreCompiler.runRouteHandler [as fn] (/home/farmageo/api.farmageo.com.ar/node_modules/@adonisjs/http-server/build/src/Server/PreCompiler/index.js:47:31)
Thu Nov 10 2022 12:14:10 GMT-0300 (Argentina Standard Time) Error Handler: TypeError: Cannot read properties of undefined (reading 'Permisos')
    at eval (eval at <anonymous> (/home/farmageo/api.farmageo.com.ar/app/Helper/configuraciones.ts:1202:23), <anonymous>:1:18)
    at /home/farmageo/api.farmageo.com.ar/app/Helper/configuraciones.ts:1202:23
    at Array.map (<anonymous>)
    at Function.ConfBuilder.setOpciones (/home/farmageo/api.farmageo.com.ar/app/Helper/configuraciones.ts:1199:25)
    at Function.ConfBuilder.armarListado (/home/farmageo/api.farmageo.com.ar/app/Helper/configuraciones.ts:754:27)
    at /home/farmageo/api.farmageo.com.ar/app/Controllers/Http/ConfigsController.ts:146:36
    at Array.map (<anonymous>)
    at ConfigsController.ConfigPantalla (/home/farmageo/api.farmageo.com.ar/app/Controllers/Http/ConfigsController.ts:141:18)
    at processTicksAndRejections (node:internal/process/task_queues:96:5)
    at Object.PreCompiler.runRouteHandler [as fn] (/home/farmageo/api.farmageo.com.ar/node_modules/@adonisjs/http-server/build/src/Server/PreCompiler/index.js:47:31)
Thu Nov 10 2022 12:14:10 GMT-0300 (Argentina Standard Time) Error Handler: TypeError: Cannot read properties of undefined (reading 'Permisos')
    at eval (eval at <anonymous> (/home/farmageo/api.farmageo.com.ar/app/Helper/configuraciones.ts:1202:23), <anonymous>:1:18)
    at /home/farmageo/api.farmageo.com.ar/app/Helper/configuraciones.ts:1202:23
    at Array.map (<anonymous>)
    at Function.ConfBuilder.setOpciones (/home/farmageo/api.farmageo.com.ar/app/Helper/configuraciones.ts:1199:25)
    at Function.ConfBuilder.armarListado (/home/farmageo/api.farmageo.com.ar/app/Helper/configuraciones.ts:754:27)
    at /home/farmageo/api.farmageo.com.ar/app/Controllers/Http/ConfigsController.ts:146:36
    at Array.map (<anonymous>)
    at ConfigsController.ConfigPantalla (/home/farmageo/api.farmageo.com.ar/app/Controllers/Http/ConfigsController.ts:141:18)
    at processTicksAndRejections (node:internal/process/task_queues:96:5)
    at Object.PreCompiler.runRouteHandler [as fn] (/home/farmageo/api.farmageo.com.ar/node_modules/@adonisjs/http-server/build/src/Server/PreCompiler/index.js:47:31)
Thu Nov 10 2022 12:14:10 GMT-0300 (Argentina Standard Time) Error Handler: TypeError: Cannot read properties of undefined (reading 'Permisos')
    at eval (eval at <anonymous> (/home/farmageo/api.farmageo.com.ar/app/Helper/configuraciones.ts:1202:23), <anonymous>:1:18)
    at /home/farmageo/api.farmageo.com.ar/app/Helper/configuraciones.ts:1202:23
    at Array.map (<anonymous>)
    at Function.ConfBuilder.setOpciones (/home/farmageo/api.farmageo.com.ar/app/Helper/configuraciones.ts:1199:25)
    at Function.ConfBuilder.armarListado (/home/farmageo/api.farmageo.com.ar/app/Helper/configuraciones.ts:754:27)
    at /home/farmageo/api.farmageo.com.ar/app/Controllers/Http/ConfigsController.ts:146:36
    at Array.map (<anonymous>)
    at ConfigsController.ConfigPantalla (/home/farmageo/api.farmageo.com.ar/app/Controllers/Http/ConfigsController.ts:141:18)
    at processTicksAndRejections (node:internal/process/task_queues:96:5)
    at Object.PreCompiler.runRouteHandler [as fn] (/home/farmageo/api.farmageo.com.ar/node_modules/@adonisjs/http-server/build/src/Server/PreCompiler/index.js:47:31)
Thu Nov 10 2022 12:14:10 GMT-0300 (Argentina Standard Time) Error Handler: TypeError: Cannot read properties of undefined (reading 'Permisos')
    at eval (eval at <anonymous> (/home/farmageo/api.farmageo.com.ar/app/Helper/configuraciones.ts:1202:23), <anonymous>:1:18)
    at /home/farmageo/api.farmageo.com.ar/app/Helper/configuraciones.ts:1202:23
    at Array.map (<anonymous>)
    at Function.ConfBuilder.setOpciones (/home/farmageo/api.farmageo.com.ar/app/Helper/configuraciones.ts:1199:25)
    at Function.ConfBuilder.armarListado (/home/farmageo/api.farmageo.com.ar/app/Helper/configuraciones.ts:754:27)
    at /home/farmageo/api.farmageo.com.ar/app/Controllers/Http/ConfigsController.ts:146:36
    at Array.map (<anonymous>)
    at ConfigsController.ConfigPantalla (/home/farmageo/api.farmageo.com.ar/app/Controllers/Http/ConfigsController.ts:141:18)
    at processTicksAndRejections (node:internal/process/task_queues:96:5)
    at Object.PreCompiler.runRouteHandler [as fn] (/home/farmageo/api.farmageo.com.ar/node_modules/@adonisjs/http-server/build/src/Server/PreCompiler/index.js:47:31)
Thu Nov 10 2022 12:14:10 GMT-0300 (Argentina Standard Time) Error Handler: TypeError: Cannot read properties of undefined (reading 'Permisos')
    at eval (eval at <anonymous> (/home/farmageo/api.farmageo.com.ar/app/Helper/configuraciones.ts:1202:23), <anonymous>:1:18)
    at /home/farmageo/api.farmageo.com.ar/app/Helper/configuraciones.ts:1202:23
    at Array.map (<anonymous>)
    at Function.ConfBuilder.setOpciones (/home/farmageo/api.farmageo.com.ar/app/Helper/configuraciones.ts:1199:25)
    at Function.ConfBuilder.armarListado (/home/farmageo/api.farmageo.com.ar/app/Helper/configuraciones.ts:754:27)
    at /home/farmageo/api.farmageo.com.ar/app/Controllers/Http/ConfigsController.ts:146:36
    at Array.map (<anonymous>)
    at ConfigsController.ConfigPantalla (/home/farmageo/api.farmageo.com.ar/app/Controllers/Http/ConfigsController.ts:141:18)
    at processTicksAndRejections (node:internal/process/task_queues:96:5)
    at Object.PreCompiler.runRouteHandler [as fn] (/home/farmageo/api.farmageo.com.ar/node_modules/@adonisjs/http-server/build/src/Server/PreCompiler/index.js:47:31)
Thu Nov 10 2022 12:14:10 GMT-0300 (Argentina Standard Time) Error Handler: TypeError: Cannot read properties of undefined (reading 'Permisos')
    at eval (eval at <anonymous> (/home/farmageo/api.farmageo.com.ar/app/Helper/configuraciones.ts:1202:23), <anonymous>:1:18)
    at /home/farmageo/api.farmageo.com.ar/app/Helper/configuraciones.ts:1202:23
    at Array.map (<anonymous>)
    at Function.ConfBuilder.setOpciones (/home/farmageo/api.farmageo.com.ar/app/Helper/configuraciones.ts:1199:25)
    at Function.ConfBuilder.armarListado (/home/farmageo/api.farmageo.com.ar/app/Helper/configuraciones.ts:754:27)
    at /home/farmageo/api.farmageo.com.ar/app/Controllers/Http/ConfigsController.ts:146:36
    at Array.map (<anonymous>)
    at ConfigsController.ConfigPantalla (/home/farmageo/api.farmageo.com.ar/app/Controllers/Http/ConfigsController.ts:141:18)
    at processTicksAndRejections (node:internal/process/task_queues:96:5)
    at Object.PreCompiler.runRouteHandler [as fn] (/home/farmageo/api.farmageo.com.ar/node_modules/@adonisjs/http-server/build/src/Server/PreCompiler/index.js:47:31)
Thu Nov 10 2022 12:14:10 GMT-0300 (Argentina Standard Time) Error Handler: TypeError: Cannot read properties of undefined (reading 'Permisos')
    at eval (eval at <anonymous> (/home/farmageo/api.farmageo.com.ar/app/Helper/configuraciones.ts:1202:23), <anonymous>:1:18)
    at /home/farmageo/api.farmageo.com.ar/app/Helper/configuraciones.ts:1202:23
    at Array.map (<anonymous>)
    at Function.ConfBuilder.setOpciones (/home/farmageo/api.farmageo.com.ar/app/Helper/configuraciones.ts:1199:25)
    at Function.ConfBuilder.armarListado (/home/farmageo/api.farmageo.com.ar/app/Helper/configuraciones.ts:754:27)
    at /home/farmageo/api.farmageo.com.ar/app/Controllers/Http/ConfigsController.ts:146:36
    at Array.map (<anonymous>)
    at ConfigsController.ConfigPantalla (/home/farmageo/api.farmageo.com.ar/app/Controllers/Http/ConfigsController.ts:141:18)
    at processTicksAndRejections (node:internal/process/task_queues:96:5)
    at Object.PreCompiler.runRouteHandler [as fn] (/home/farmageo/api.farmageo.com.ar/node_modules/@adonisjs/http-server/build/src/Server/PreCompiler/index.js:47:31)
Thu Nov 10 2022 12:14:10 GMT-0300 (Argentina Standard Time) Error Handler: TypeError: Cannot read properties of undefined (reading 'Permisos')
    at eval (eval at <anonymous> (/home/farmageo/api.farmageo.com.ar/app/Helper/configuraciones.ts:1202:23), <anonymous>:1:18)
    at /home/farmageo/api.farmageo.com.ar/app/Helper/configuraciones.ts:1202:23
    at Array.map (<anonymous>)
    at Function.ConfBuilder.setOpciones (/home/farmageo/api.farmageo.com.ar/app/Helper/configuraciones.ts:1199:25)
    at Function.ConfBuilder.armarListado (/home/farmageo/api.farmageo.com.ar/app/Helper/configuraciones.ts:754:27)
    at /home/farmageo/api.farmageo.com.ar/app/Controllers/Http/ConfigsController.ts:146:36
    at Array.map (<anonymous>)
    at ConfigsController.ConfigPantalla (/home/farmageo/api.farmageo.com.ar/app/Controllers/Http/ConfigsController.ts:141:18)
    at processTicksAndRejections (node:internal/process/task_queues:96:5)
    at Object.PreCompiler.runRouteHandler [as fn] (/home/farmageo/api.farmageo.com.ar/node_modules/@adonisjs/http-server/build/src/Server/PreCompiler/index.js:47:31)
Thu Nov 10 2022 12:14:10 GMT-0300 (Argentina Standard Time) Error Handler: TypeError: Cannot read properties of undefined (reading 'Permisos')
    at eval (eval at <anonymous> (/home/farmageo/api.farmageo.com.ar/app/Helper/configuraciones.ts:1202:23), <anonymous>:1:18)
    at /home/farmageo/api.farmageo.com.ar/app/Helper/configuraciones.ts:1202:23
    at Array.map (<anonymous>)
    at Function.ConfBuilder.setOpciones (/home/farmageo/api.farmageo.com.ar/app/Helper/configuraciones.ts:1199:25)
    at Function.ConfBuilder.armarListado (/home/farmageo/api.farmageo.com.ar/app/Helper/configuraciones.ts:754:27)
    at /home/farmageo/api.farmageo.com.ar/app/Controllers/Http/ConfigsController.ts:146:36
    at Array.map (<anonymous>)
    at ConfigsController.ConfigPantalla (/home/farmageo/api.farmageo.com.ar/app/Controllers/Http/ConfigsController.ts:141:18)
    at processTicksAndRejections (node:internal/process/task_queues:96:5)
    at Object.PreCompiler.runRouteHandler [as fn] (/home/farmageo/api.farmageo.com.ar/node_modules/@adonisjs/http-server/build/src/Server/PreCompiler/index.js:47:31)
Thu Nov 10 2022 12:14:10 GMT-0300 (Argentina Standard Time) Error Handler: TypeError: Cannot read properties of undefined (reading 'Permisos')
    at eval (eval at <anonymous> (/home/farmageo/api.farmageo.com.ar/app/Helper/configuraciones.ts:1202:23), <anonymous>:1:18)
    at /home/farmageo/api.farmageo.com.ar/app/Helper/configuraciones.ts:1202:23
    at Array.map (<anonymous>)
    at Function.ConfBuilder.setOpciones (/home/farmageo/api.farmageo.com.ar/app/Helper/configuraciones.ts:1199:25)
    at Function.ConfBuilder.armarListado (/home/farmageo/api.farmageo.com.ar/app/Helper/configuraciones.ts:754:27)
    at /home/farmageo/api.farmageo.com.ar/app/Controllers/Http/ConfigsController.ts:146:36
    at Array.map (<anonymous>)
    at ConfigsController.ConfigPantalla (/home/farmageo/api.farmageo.com.ar/app/Controllers/Http/ConfigsController.ts:141:18)
    at processTicksAndRejections (node:internal/process/task_queues:96:5)
    at Object.PreCompiler.runRouteHandler [as fn] (/home/farmageo/api.farmageo.com.ar/node_modules/@adonisjs/http-server/build/src/Server/PreCompiler/index.js:47:31)
Thu Nov 10 2022 12:14:10 GMT-0300 (Argentina Standard Time) Error Handler: TypeError: Cannot read properties of undefined (reading 'Permisos')
    at eval (eval at <anonymous> (/home/farmageo/api.farmageo.com.ar/app/Helper/configuraciones.ts:1202:23), <anonymous>:1:18)
    at /home/farmageo/api.farmageo.com.ar/app/Helper/configuraciones.ts:1202:23
    at Array.map (<anonymous>)
    at Function.ConfBuilder.setOpciones (/home/farmageo/api.farmageo.com.ar/app/Helper/configuraciones.ts:1199:25)
    at Function.ConfBuilder.armarListado (/home/farmageo/api.farmageo.com.ar/app/Helper/configuraciones.ts:754:27)
    at /home/farmageo/api.farmageo.com.ar/app/Controllers/Http/ConfigsController.ts:146:36
    at Array.map (<anonymous>)
    at ConfigsController.ConfigPantalla (/home/farmageo/api.farmageo.com.ar/app/Controllers/Http/ConfigsController.ts:141:18)
    at processTicksAndRejections (node:internal/process/task_queues:96:5)
    at Object.PreCompiler.runRouteHandler [as fn] (/home/farmageo/api.farmageo.com.ar/node_modules/@adonisjs/http-server/build/src/Server/PreCompiler/index.js:47:31)
Thu Nov 10 2022 12:14:10 GMT-0300 (Argentina Standard Time) Error Handler: TypeError: Cannot read properties of undefined (reading 'Permisos')
    at eval (eval at <anonymous> (/home/farmageo/api.farmageo.com.ar/app/Helper/configuraciones.ts:1202:23), <anonymous>:1:18)
    at /home/farmageo/api.farmageo.com.ar/app/Helper/configuraciones.ts:1202:23
    at Array.map (<anonymous>)
    at Function.ConfBuilder.setOpciones (/home/farmageo/api.farmageo.com.ar/app/Helper/configuraciones.ts:1199:25)
    at Function.ConfBuilder.armarListado (/home/farmageo/api.farmageo.com.ar/app/Helper/configuraciones.ts:754:27)
    at /home/farmageo/api.farmageo.com.ar/app/Controllers/Http/ConfigsController.ts:146:36
    at Array.map (<anonymous>)
    at ConfigsController.ConfigPantalla (/home/farmageo/api.farmageo.com.ar/app/Controllers/Http/ConfigsController.ts:141:18)
    at processTicksAndRejections (node:internal/process/task_queues:96:5)
    at Object.PreCompiler.runRouteHandler [as fn] (/home/farmageo/api.farmageo.com.ar/node_modules/@adonisjs/http-server/build/src/Server/PreCompiler/index.js:47:31)
Thu Nov 10 2022 12:14:10 GMT-0300 (Argentina Standard Time) Error Handler: TypeError: Cannot read properties of undefined (reading 'Permisos')
    at eval (eval at <anonymous> (/home/farmageo/api.farmageo.com.ar/app/Helper/configuraciones.ts:1202:23), <anonymous>:1:18)
    at /home/farmageo/api.farmageo.com.ar/app/Helper/configuraciones.ts:1202:23
    at Array.map (<anonymous>)
    at Function.ConfBuilder.setOpciones (/home/farmageo/api.farmageo.com.ar/app/Helper/configuraciones.ts:1199:25)
    at Function.ConfBuilder.armarListado (/home/farmageo/api.farmageo.com.ar/app/Helper/configuraciones.ts:754:27)
    at /home/farmageo/api.farmageo.com.ar/app/Controllers/Http/ConfigsController.ts:146:36
    at Array.map (<anonymous>)
    at ConfigsController.ConfigPantalla (/home/farmageo/api.farmageo.com.ar/app/Controllers/Http/ConfigsController.ts:141:18)
    at processTicksAndRejections (node:internal/process/task_queues:96:5)
    at Object.PreCompiler.runRouteHandler [as fn] (/home/farmageo/api.farmageo.com.ar/node_modules/@adonisjs/http-server/build/src/Server/PreCompiler/index.js:47:31)
Thu Nov 10 2022 12:14:10 GMT-0300 (Argentina Standard Time) Error Handler: TypeError: Cannot read properties of undefined (reading 'Permisos')
    at eval (eval at <anonymous> (/home/farmageo/api.farmageo.com.ar/app/Helper/configuraciones.ts:1202:23), <anonymous>:1:18)
    at /home/farmageo/api.farmageo.com.ar/app/Helper/configuraciones.ts:1202:23
    at Array.map (<anonymous>)
    at Function.ConfBuilder.setOpciones (/home/farmageo/api.farmageo.com.ar/app/Helper/configuraciones.ts:1199:25)
    at Function.ConfBuilder.armarListado (/home/farmageo/api.farmageo.com.ar/app/Helper/configuraciones.ts:754:27)
    at /home/farmageo/api.farmageo.com.ar/app/Controllers/Http/ConfigsController.ts:146:36
    at Array.map (<anonymous>)
    at ConfigsController.ConfigPantalla (/home/farmageo/api.farmageo.com.ar/app/Controllers/Http/ConfigsController.ts:141:18)
    at processTicksAndRejections (node:internal/process/task_queues:96:5)
    at Object.PreCompiler.runRouteHandler [as fn] (/home/farmageo/api.farmageo.com.ar/node_modules/@adonisjs/http-server/build/src/Server/PreCompiler/index.js:47:31)
Thu Nov 10 2022 12:14:10 GMT-0300 (Argentina Standard Time) Error Handler: TypeError: Cannot read properties of undefined (reading 'Permisos')
    at eval (eval at <anonymous> (/home/farmageo/api.farmageo.com.ar/app/Helper/configuraciones.ts:1202:23), <anonymous>:1:18)
    at /home/farmageo/api.farmageo.com.ar/app/Helper/configuraciones.ts:1202:23
    at Array.map (<anonymous>)
    at Function.ConfBuilder.setOpciones (/home/farmageo/api.farmageo.com.ar/app/Helper/configuraciones.ts:1199:25)
    at Function.ConfBuilder.armarListado (/home/farmageo/api.farmageo.com.ar/app/Helper/configuraciones.ts:754:27)
    at /home/farmageo/api.farmageo.com.ar/app/Controllers/Http/ConfigsController.ts:146:36
    at Array.map (<anonymous>)
    at ConfigsController.ConfigPantalla (/home/farmageo/api.farmageo.com.ar/app/Controllers/Http/ConfigsController.ts:141:18)
    at processTicksAndRejections (node:internal/process/task_queues:96:5)
    at Object.PreCompiler.runRouteHandler [as fn] (/home/farmageo/api.farmageo.com.ar/node_modules/@adonisjs/http-server/build/src/Server/PreCompiler/index.js:47:31)
Thu Nov 10 2022 12:14:10 GMT-0300 (Argentina Standard Time) Error Handler: TypeError: Cannot read properties of undefined (reading 'Permisos')
    at eval (eval at <anonymous> (/home/farmageo/api.farmageo.com.ar/app/Helper/configuraciones.ts:1202:23), <anonymous>:1:18)
    at /home/farmageo/api.farmageo.com.ar/app/Helper/configuraciones.ts:1202:23
    at Array.map (<anonymous>)
    at Function.ConfBuilder.setOpciones (/home/farmageo/api.farmageo.com.ar/app/Helper/configuraciones.ts:1199:25)
    at Function.ConfBuilder.armarListado (/home/farmageo/api.farmageo.com.ar/app/Helper/configuraciones.ts:754:27)
    at /home/farmageo/api.farmageo.com.ar/app/Controllers/Http/ConfigsController.ts:146:36
    at Array.map (<anonymous>)
    at ConfigsController.ConfigPantalla (/home/farmageo/api.farmageo.com.ar/app/Controllers/Http/ConfigsController.ts:141:18)
    at processTicksAndRejections (node:internal/process/task_queues:96:5)
    at Object.PreCompiler.runRouteHandler [as fn] (/home/farmageo/api.farmageo.com.ar/node_modules/@adonisjs/http-server/build/src/Server/PreCompiler/index.js:47:31)
Thu Nov 10 2022 12:14:10 GMT-0300 (Argentina Standard Time) Error Handler: TypeError: Cannot read properties of undefined (reading 'Permisos')
    at eval (eval at <anonymous> (/home/farmageo/api.farmageo.com.ar/app/Helper/configuraciones.ts:1202:23), <anonymous>:1:18)
    at /home/farmageo/api.farmageo.com.ar/app/Helper/configuraciones.ts:1202:23
    at Array.map (<anonymous>)
    at Function.ConfBuilder.setOpciones (/home/farmageo/api.farmageo.com.ar/app/Helper/configuraciones.ts:1199:25)
    at Function.ConfBuilder.armarListado (/home/farmageo/api.farmageo.com.ar/app/Helper/configuraciones.ts:754:27)
    at /home/farmageo/api.farmageo.com.ar/app/Controllers/Http/ConfigsController.ts:146:36
    at Array.map (<anonymous>)
    at ConfigsController.ConfigPantalla (/home/farmageo/api.farmageo.com.ar/app/Controllers/Http/ConfigsController.ts:141:18)
    at processTicksAndRejections (node:internal/process/task_queues:96:5)
    at Object.PreCompiler.runRouteHandler [as fn] (/home/farmageo/api.farmageo.com.ar/node_modules/@adonisjs/http-server/build/src/Server/PreCompiler/index.js:47:31)
Thu Nov 10 2022 12:14:10 GMT-0300 (Argentina Standard Time) Error Handler: TypeError: Cannot read properties of undefined (reading 'Permisos')
    at eval (eval at <anonymous> (/home/farmageo/api.farmageo.com.ar/app/Helper/configuraciones.ts:1202:23), <anonymous>:1:18)
    at /home/farmageo/api.farmageo.com.ar/app/Helper/configuraciones.ts:1202:23
    at Array.map (<anonymous>)
    at Function.ConfBuilder.setOpciones (/home/farmageo/api.farmageo.com.ar/app/Helper/configuraciones.ts:1199:25)
    at Function.ConfBuilder.armarListado (/home/farmageo/api.farmageo.com.ar/app/Helper/configuraciones.ts:754:27)
    at /home/farmageo/api.farmageo.com.ar/app/Controllers/Http/ConfigsController.ts:146:36
    at Array.map (<anonymous>)
    at ConfigsController.ConfigPantalla (/home/farmageo/api.farmageo.com.ar/app/Controllers/Http/ConfigsController.ts:141:18)
    at processTicksAndRejections (node:internal/process/task_queues:96:5)
    at Object.PreCompiler.runRouteHandler [as fn] (/home/farmageo/api.farmageo.com.ar/node_modules/@adonisjs/http-server/build/src/Server/PreCompiler/index.js:47:31)
Thu Nov 10 2022 12:14:10 GMT-0300 (Argentina Standard Time) Error Handler: TypeError: Cannot read properties of undefined (reading 'Permisos')
    at eval (eval at <anonymous> (/home/farmageo/api.farmageo.com.ar/app/Helper/configuraciones.ts:1202:23), <anonymous>:1:18)
    at /home/farmageo/api.farmageo.com.ar/app/Helper/configuraciones.ts:1202:23
    at Array.map (<anonymous>)
    at Function.ConfBuilder.setOpciones (/home/farmageo/api.farmageo.com.ar/app/Helper/configuraciones.ts:1199:25)
    at Function.ConfBuilder.armarListado (/home/farmageo/api.farmageo.com.ar/app/Helper/configuraciones.ts:754:27)
    at /home/farmageo/api.farmageo.com.ar/app/Controllers/Http/ConfigsController.ts:146:36
    at Array.map (<anonymous>)
    at ConfigsController.ConfigPantalla (/home/farmageo/api.farmageo.com.ar/app/Controllers/Http/ConfigsController.ts:141:18)
    at processTicksAndRejections (node:internal/process/task_queues:96:5)
    at Object.PreCompiler.runRouteHandler [as fn] (/home/farmageo/api.farmageo.com.ar/node_modules/@adonisjs/http-server/build/src/Server/PreCompiler/index.js:47:31)
Thu Nov 10 2022 12:14:10 GMT-0300 (Argentina Standard Time) Error Handler: TypeError: Cannot read properties of undefined (reading 'Permisos')
    at eval (eval at <anonymous> (/home/farmageo/api.farmageo.com.ar/app/Helper/configuraciones.ts:1202:23), <anonymous>:1:18)
    at /home/farmageo/api.farmageo.com.ar/app/Helper/configuraciones.ts:1202:23
    at Array.map (<anonymous>)
    at Function.ConfBuilder.setOpciones (/home/farmageo/api.farmageo.com.ar/app/Helper/configuraciones.ts:1199:25)
    at Function.ConfBuilder.armarListado (/home/farmageo/api.farmageo.com.ar/app/Helper/configuraciones.ts:754:27)
    at /home/farmageo/api.farmageo.com.ar/app/Controllers/Http/ConfigsController.ts:146:36
    at Array.map (<anonymous>)
    at ConfigsController.ConfigPantalla (/home/farmageo/api.farmageo.com.ar/app/Controllers/Http/ConfigsController.ts:141:18)
    at processTicksAndRejections (node:internal/process/task_queues:96:5)
    at Object.PreCompiler.runRouteHandler [as fn] (/home/farmageo/api.farmageo.com.ar/node_modules/@adonisjs/http-server/build/src/Server/PreCompiler/index.js:47:31)
Thu Nov 10 2022 12:14:10 GMT-0300 (Argentina Standard Time) Error Handler: TypeError: Cannot read properties of undefined (reading 'Permisos')
    at eval (eval at <anonymous> (/home/farmageo/api.farmageo.com.ar/app/Helper/configuraciones.ts:1202:23), <anonymous>:1:18)
    at /home/farmageo/api.farmageo.com.ar/app/Helper/configuraciones.ts:1202:23
    at Array.map (<anonymous>)
    at Function.ConfBuilder.setOpciones (/home/farmageo/api.farmageo.com.ar/app/Helper/configuraciones.ts:1199:25)
    at Function.ConfBuilder.armarListado (/home/farmageo/api.farmageo.com.ar/app/Helper/configuraciones.ts:754:27)
    at /home/farmageo/api.farmageo.com.ar/app/Controllers/Http/ConfigsController.ts:146:36
    at Array.map (<anonymous>)
    at ConfigsController.ConfigPantalla (/home/farmageo/api.farmageo.com.ar/app/Controllers/Http/ConfigsController.ts:141:18)
    at processTicksAndRejections (node:internal/process/task_queues:96:5)
    at Object.PreCompiler.runRouteHandler [as fn] (/home/farmageo/api.farmageo.com.ar/node_modules/@adonisjs/http-server/build/src/Server/PreCompiler/index.js:47:31)
Thu Nov 10 2022 12:14:10 GMT-0300 (Argentina Standard Time) Error Handler: TypeError: Cannot read properties of undefined (reading 'Permisos')
    at eval (eval at <anonymous> (/home/farmageo/api.farmageo.com.ar/app/Helper/configuraciones.ts:1202:23), <anonymous>:1:18)
    at /home/farmageo/api.farmageo.com.ar/app/Helper/configuraciones.ts:1202:23
    at Array.map (<anonymous>)
    at Function.ConfBuilder.setOpciones (/home/farmageo/api.farmageo.com.ar/app/Helper/configuraciones.ts:1199:25)
    at Function.ConfBuilder.armarListado (/home/farmageo/api.farmageo.com.ar/app/Helper/configuraciones.ts:754:27)
    at /home/farmageo/api.farmageo.com.ar/app/Controllers/Http/ConfigsController.ts:146:36
    at Array.map (<anonymous>)
    at ConfigsController.ConfigPantalla (/home/farmageo/api.farmageo.com.ar/app/Controllers/Http/ConfigsController.ts:141:18)
    at processTicksAndRejections (node:internal/process/task_queues:96:5)
    at Object.PreCompiler.runRouteHandler [as fn] (/home/farmageo/api.farmageo.com.ar/node_modules/@adonisjs/http-server/build/src/Server/PreCompiler/index.js:47:31)
Thu Nov 10 2022 12:14:10 GMT-0300 (Argentina Standard Time) Error Handler: TypeError: Cannot read properties of undefined (reading 'Permisos')
    at eval (eval at <anonymous> (/home/farmageo/api.farmageo.com.ar/app/Helper/configuraciones.ts:1202:23), <anonymous>:1:18)
    at /home/farmageo/api.farmageo.com.ar/app/Helper/configuraciones.ts:1202:23
    at Array.map (<anonymous>)
    at Function.ConfBuilder.setOpciones (/home/farmageo/api.farmageo.com.ar/app/Helper/configuraciones.ts:1199:25)
    at Function.ConfBuilder.armarListado (/home/farmageo/api.farmageo.com.ar/app/Helper/configuraciones.ts:754:27)
    at /home/farmageo/api.farmageo.com.ar/app/Controllers/Http/ConfigsController.ts:146:36
    at Array.map (<anonymous>)
    at ConfigsController.ConfigPantalla (/home/farmageo/api.farmageo.com.ar/app/Controllers/Http/ConfigsController.ts:141:18)
    at processTicksAndRejections (node:internal/process/task_queues:96:5)
    at Object.PreCompiler.runRouteHandler [as fn] (/home/farmageo/api.farmageo.com.ar/node_modules/@adonisjs/http-server/build/src/Server/PreCompiler/index.js:47:31)
Thu Nov 10 2022 12:14:10 GMT-0300 (Argentina Standard Time) Error Handler: TypeError: Cannot read properties of undefined (reading 'Permisos')
    at eval (eval at <anonymous> (/home/farmageo/api.farmageo.com.ar/app/Helper/configuraciones.ts:1202:23), <anonymous>:1:18)
    at /home/farmageo/api.farmageo.com.ar/app/Helper/configuraciones.ts:1202:23
    at Array.map (<anonymous>)
    at Function.ConfBuilder.setOpciones (/home/farmageo/api.farmageo.com.ar/app/Helper/configuraciones.ts:1199:25)
    at Function.ConfBuilder.armarListado (/home/farmageo/api.farmageo.com.ar/app/Helper/configuraciones.ts:754:27)
    at /home/farmageo/api.farmageo.com.ar/app/Controllers/Http/ConfigsController.ts:146:36
    at Array.map (<anonymous>)
    at ConfigsController.ConfigPantalla (/home/farmageo/api.farmageo.com.ar/app/Controllers/Http/ConfigsController.ts:141:18)
    at processTicksAndRejections (node:internal/process/task_queues:96:5)
    at Object.PreCompiler.runRouteHandler [as fn] (/home/farmageo/api.farmageo.com.ar/node_modules/@adonisjs/http-server/build/src/Server/PreCompiler/index.js:47:31)
Thu Nov 10 2022 12:14:10 GMT-0300 (Argentina Standard Time) Error Handler: TypeError: Cannot read properties of undefined (reading 'Permisos')
    at eval (eval at <anonymous> (/home/farmageo/api.farmageo.com.ar/app/Helper/configuraciones.ts:1202:23), <anonymous>:1:18)
    at /home/farmageo/api.farmageo.com.ar/app/Helper/configuraciones.ts:1202:23
    at Array.map (<anonymous>)
    at Function.ConfBuilder.setOpciones (/home/farmageo/api.farmageo.com.ar/app/Helper/configuraciones.ts:1199:25)
    at Function.ConfBuilder.armarListado (/home/farmageo/api.farmageo.com.ar/app/Helper/configuraciones.ts:754:27)
    at /home/farmageo/api.farmageo.com.ar/app/Controllers/Http/ConfigsController.ts:146:36
    at Array.map (<anonymous>)
    at ConfigsController.ConfigPantalla (/home/farmageo/api.farmageo.com.ar/app/Controllers/Http/ConfigsController.ts:141:18)
    at processTicksAndRejections (node:internal/process/task_queues:96:5)
    at Object.PreCompiler.runRouteHandler [as fn] (/home/farmageo/api.farmageo.com.ar/node_modules/@adonisjs/http-server/build/src/Server/PreCompiler/index.js:47:31)
Thu Nov 10 2022 12:14:10 GMT-0300 (Argentina Standard Time) Error Handler: TypeError: Cannot read properties of undefined (reading 'Permisos')
    at eval (eval at <anonymous> (/home/farmageo/api.farmageo.com.ar/app/Helper/configuraciones.ts:1202:23), <anonymous>:1:18)
    at /home/farmageo/api.farmageo.com.ar/app/Helper/configuraciones.ts:1202:23
    at Array.map (<anonymous>)
    at Function.ConfBuilder.setOpciones (/home/farmageo/api.farmageo.com.ar/app/Helper/configuraciones.ts:1199:25)
    at Function.ConfBuilder.armarListado (/home/farmageo/api.farmageo.com.ar/app/Helper/configuraciones.ts:754:27)
    at /home/farmageo/api.farmageo.com.ar/app/Controllers/Http/ConfigsController.ts:146:36
    at Array.map (<anonymous>)
    at ConfigsController.ConfigPantalla (/home/farmageo/api.farmageo.com.ar/app/Controllers/Http/ConfigsController.ts:141:18)
    at processTicksAndRejections (node:internal/process/task_queues:96:5)
    at Object.PreCompiler.runRouteHandler [as fn] (/home/farmageo/api.farmageo.com.ar/node_modules/@adonisjs/http-server/build/src/Server/PreCompiler/index.js:47:31)
Thu Nov 10 2022 12:14:10 GMT-0300 (Argentina Standard Time) Error Handler: TypeError: Cannot read properties of undefined (reading 'Permisos')
    at eval (eval at <anonymous> (/home/farmageo/api.farmageo.com.ar/app/Helper/configuraciones.ts:1202:23), <anonymous>:1:18)
    at /home/farmageo/api.farmageo.com.ar/app/Helper/configuraciones.ts:1202:23
    at Array.map (<anonymous>)
    at Function.ConfBuilder.setOpciones (/home/farmageo/api.farmageo.com.ar/app/Helper/configuraciones.ts:1199:25)
    at Function.ConfBuilder.armarListado (/home/farmageo/api.farmageo.com.ar/app/Helper/configuraciones.ts:754:27)
    at /home/farmageo/api.farmageo.com.ar/app/Controllers/Http/ConfigsController.ts:146:36
    at Array.map (<anonymous>)
    at ConfigsController.ConfigPantalla (/home/farmageo/api.farmageo.com.ar/app/Controllers/Http/ConfigsController.ts:141:18)
    at processTicksAndRejections (node:internal/process/task_queues:96:5)
    at Object.PreCompiler.runRouteHandler [as fn] (/home/farmageo/api.farmageo.com.ar/node_modules/@adonisjs/http-server/build/src/Server/PreCompiler/index.js:47:31)
Thu Nov 10 2022 12:14:10 GMT-0300 (Argentina Standard Time) Error Handler: TypeError: Cannot read properties of undefined (reading 'Permisos')
    at eval (eval at <anonymous> (/home/farmageo/api.farmageo.com.ar/app/Helper/configuraciones.ts:1202:23), <anonymous>:1:18)
    at /home/farmageo/api.farmageo.com.ar/app/Helper/configuraciones.ts:1202:23
    at Array.map (<anonymous>)
    at Function.ConfBuilder.setOpciones (/home/farmageo/api.farmageo.com.ar/app/Helper/configuraciones.ts:1199:25)
    at Function.ConfBuilder.armarListado (/home/farmageo/api.farmageo.com.ar/app/Helper/configuraciones.ts:754:27)
    at /home/farmageo/api.farmageo.com.ar/app/Controllers/Http/ConfigsController.ts:146:36
    at Array.map (<anonymous>)
    at ConfigsController.ConfigPantalla (/home/farmageo/api.farmageo.com.ar/app/Controllers/Http/ConfigsController.ts:141:18)
    at processTicksAndRejections (node:internal/process/task_queues:96:5)
    at Object.PreCompiler.runRouteHandler [as fn] (/home/farmageo/api.farmageo.com.ar/node_modules/@adonisjs/http-server/build/src/Server/PreCompiler/index.js:47:31)
Thu Nov 10 2022 12:14:10 GMT-0300 (Argentina Standard Time) Error Handler: TypeError: Cannot read properties of undefined (reading 'Permisos')
    at eval (eval at <anonymous> (/home/farmageo/api.farmageo.com.ar/app/Helper/configuraciones.ts:1202:23), <anonymous>:1:18)
    at /home/farmageo/api.farmageo.com.ar/app/Helper/configuraciones.ts:1202:23
    at Array.map (<anonymous>)
    at Function.ConfBuilder.setOpciones (/home/farmageo/api.farmageo.com.ar/app/Helper/configuraciones.ts:1199:25)
    at Function.ConfBuilder.armarListado (/home/farmageo/api.farmageo.com.ar/app/Helper/configuraciones.ts:754:27)
    at /home/farmageo/api.farmageo.com.ar/app/Controllers/Http/ConfigsController.ts:146:36
    at Array.map (<anonymous>)
    at ConfigsController.ConfigPantalla (/home/farmageo/api.farmageo.com.ar/app/Controllers/Http/ConfigsController.ts:141:18)
    at processTicksAndRejections (node:internal/process/task_queues:96:5)
    at Object.PreCompiler.runRouteHandler [as fn] (/home/farmageo/api.farmageo.com.ar/node_modules/@adonisjs/http-server/build/src/Server/PreCompiler/index.js:47:31)
Thu Nov 10 2022 12:14:10 GMT-0300 (Argentina Standard Time) Error Handler: TypeError: Cannot read properties of undefined (reading 'Permisos')
    at eval (eval at <anonymous> (/home/farmageo/api.farmageo.com.ar/app/Helper/configuraciones.ts:1202:23), <anonymous>:1:18)
    at /home/farmageo/api.farmageo.com.ar/app/Helper/configuraciones.ts:1202:23
    at Array.map (<anonymous>)
    at Function.ConfBuilder.setOpciones (/home/farmageo/api.farmageo.com.ar/app/Helper/configuraciones.ts:1199:25)
    at Function.ConfBuilder.armarListado (/home/farmageo/api.farmageo.com.ar/app/Helper/configuraciones.ts:754:27)
    at /home/farmageo/api.farmageo.com.ar/app/Controllers/Http/ConfigsController.ts:146:36
    at Array.map (<anonymous>)
    at ConfigsController.ConfigPantalla (/home/farmageo/api.farmageo.com.ar/app/Controllers/Http/ConfigsController.ts:141:18)
    at processTicksAndRejections (node:internal/process/task_queues:96:5)
    at Object.PreCompiler.runRouteHandler [as fn] (/home/farmageo/api.farmageo.com.ar/node_modules/@adonisjs/http-server/build/src/Server/PreCompiler/index.js:47:31)
Thu Nov 10 2022 12:14:10 GMT-0300 (Argentina Standard Time) Error Handler: TypeError: Cannot read properties of undefined (reading 'Permisos')
    at eval (eval at <anonymous> (/home/farmageo/api.farmageo.com.ar/app/Helper/configuraciones.ts:1202:23), <anonymous>:1:18)
    at /home/farmageo/api.farmageo.com.ar/app/Helper/configuraciones.ts:1202:23
    at Array.map (<anonymous>)
    at Function.ConfBuilder.setOpciones (/home/farmageo/api.farmageo.com.ar/app/Helper/configuraciones.ts:1199:25)
    at Function.ConfBuilder.armarListado (/home/farmageo/api.farmageo.com.ar/app/Helper/configuraciones.ts:754:27)
    at /home/farmageo/api.farmageo.com.ar/app/Controllers/Http/ConfigsController.ts:146:36
    at Array.map (<anonymous>)
    at ConfigsController.ConfigPantalla (/home/farmageo/api.farmageo.com.ar/app/Controllers/Http/ConfigsController.ts:141:18)
    at processTicksAndRejections (node:internal/process/task_queues:96:5)
    at Object.PreCompiler.runRouteHandler [as fn] (/home/farmageo/api.farmageo.com.ar/node_modules/@adonisjs/http-server/build/src/Server/PreCompiler/index.js:47:31)
Thu Nov 10 2022 12:14:10 GMT-0300 (Argentina Standard Time) Error Handler: TypeError: Cannot read properties of undefined (reading 'Permisos')
    at eval (eval at <anonymous> (/home/farmageo/api.farmageo.com.ar/app/Helper/configuraciones.ts:1202:23), <anonymous>:1:18)
    at /home/farmageo/api.farmageo.com.ar/app/Helper/configuraciones.ts:1202:23
    at Array.map (<anonymous>)
    at Function.ConfBuilder.setOpciones (/home/farmageo/api.farmageo.com.ar/app/Helper/configuraciones.ts:1199:25)
    at Function.ConfBuilder.armarListado (/home/farmageo/api.farmageo.com.ar/app/Helper/configuraciones.ts:754:27)
    at /home/farmageo/api.farmageo.com.ar/app/Controllers/Http/ConfigsController.ts:146:36
    at Array.map (<anonymous>)
    at ConfigsController.ConfigPantalla (/home/farmageo/api.farmageo.com.ar/app/Controllers/Http/ConfigsController.ts:141:18)
    at processTicksAndRejections (node:internal/process/task_queues:96:5)
    at Object.PreCompiler.runRouteHandler [as fn] (/home/farmageo/api.farmageo.com.ar/node_modules/@adonisjs/http-server/build/src/Server/PreCompiler/index.js:47:31)
Thu Nov 10 2022 12:14:10 GMT-0300 (Argentina Standard Time) Error Handler: TypeError: Cannot read properties of undefined (reading 'Permisos')
    at eval (eval at <anonymous> (/home/farmageo/api.farmageo.com.ar/app/Helper/configuraciones.ts:1202:23), <anonymous>:1:18)
    at /home/farmageo/api.farmageo.com.ar/app/Helper/configuraciones.ts:1202:23
    at Array.map (<anonymous>)
    at Function.ConfBuilder.setOpciones (/home/farmageo/api.farmageo.com.ar/app/Helper/configuraciones.ts:1199:25)
    at Function.ConfBuilder.armarListado (/home/farmageo/api.farmageo.com.ar/app/Helper/configuraciones.ts:754:27)
    at /home/farmageo/api.farmageo.com.ar/app/Controllers/Http/ConfigsController.ts:146:36
    at Array.map (<anonymous>)
    at ConfigsController.ConfigPantalla (/home/farmageo/api.farmageo.com.ar/app/Controllers/Http/ConfigsController.ts:141:18)
    at processTicksAndRejections (node:internal/process/task_queues:96:5)
    at Object.PreCompiler.runRouteHandler [as fn] (/home/farmageo/api.farmageo.com.ar/node_modules/@adonisjs/http-server/build/src/Server/PreCompiler/index.js:47:31)
Thu Nov 10 2022 12:14:10 GMT-0300 (Argentina Standard Time) Error Handler: TypeError: Cannot read properties of undefined (reading 'Permisos')
    at eval (eval at <anonymous> (/home/farmageo/api.farmageo.com.ar/app/Helper/configuraciones.ts:1202:23), <anonymous>:1:18)
    at /home/farmageo/api.farmageo.com.ar/app/Helper/configuraciones.ts:1202:23
    at Array.map (<anonymous>)
    at Function.ConfBuilder.setOpciones (/home/farmageo/api.farmageo.com.ar/app/Helper/configuraciones.ts:1199:25)
    at Function.ConfBuilder.armarListado (/home/farmageo/api.farmageo.com.ar/app/Helper/configuraciones.ts:754:27)
    at /home/farmageo/api.farmageo.com.ar/app/Controllers/Http/ConfigsController.ts:146:36
    at Array.map (<anonymous>)
    at ConfigsController.ConfigPantalla (/home/farmageo/api.farmageo.com.ar/app/Controllers/Http/ConfigsController.ts:141:18)
    at processTicksAndRejections (node:internal/process/task_queues:96:5)
    at Object.PreCompiler.runRouteHandler [as fn] (/home/farmageo/api.farmageo.com.ar/node_modules/@adonisjs/http-server/build/src/Server/PreCompiler/index.js:47:31)
Thu Nov 10 2022 12:14:10 GMT-0300 (Argentina Standard Time) Error Handler: TypeError: Cannot read properties of undefined (reading 'Permisos')
    at eval (eval at <anonymous> (/home/farmageo/api.farmageo.com.ar/app/Helper/configuraciones.ts:1202:23), <anonymous>:1:18)
    at /home/farmageo/api.farmageo.com.ar/app/Helper/configuraciones.ts:1202:23
    at Array.map (<anonymous>)
    at Function.ConfBuilder.setOpciones (/home/farmageo/api.farmageo.com.ar/app/Helper/configuraciones.ts:1199:25)
    at Function.ConfBuilder.armarListado (/home/farmageo/api.farmageo.com.ar/app/Helper/configuraciones.ts:754:27)
    at /home/farmageo/api.farmageo.com.ar/app/Controllers/Http/ConfigsController.ts:146:36
    at Array.map (<anonymous>)
    at ConfigsController.ConfigPantalla (/home/farmageo/api.farmageo.com.ar/app/Controllers/Http/ConfigsController.ts:141:18)
    at processTicksAndRejections (node:internal/process/task_queues:96:5)
    at Object.PreCompiler.runRouteHandler [as fn] (/home/farmageo/api.farmageo.com.ar/node_modules/@adonisjs/http-server/build/src/Server/PreCompiler/index.js:47:31)
Thu Nov 10 2022 12:14:10 GMT-0300 (Argentina Standard Time) Error Handler: TypeError: Cannot read properties of undefined (reading 'Permisos')
    at eval (eval at <anonymous> (/home/farmageo/api.farmageo.com.ar/app/Helper/configuraciones.ts:1202:23), <anonymous>:1:18)
    at /home/farmageo/api.farmageo.com.ar/app/Helper/configuraciones.ts:1202:23
    at Array.map (<anonymous>)
    at Function.ConfBuilder.setOpciones (/home/farmageo/api.farmageo.com.ar/app/Helper/configuraciones.ts:1199:25)
    at Function.ConfBuilder.armarListado (/home/farmageo/api.farmageo.com.ar/app/Helper/configuraciones.ts:754:27)
    at /home/farmageo/api.farmageo.com.ar/app/Controllers/Http/ConfigsController.ts:146:36
    at Array.map (<anonymous>)
    at ConfigsController.ConfigPantalla (/home/farmageo/api.farmageo.com.ar/app/Controllers/Http/ConfigsController.ts:141:18)
    at processTicksAndRejections (node:internal/process/task_queues:96:5)
    at Object.PreCompiler.runRouteHandler [as fn] (/home/farmageo/api.farmageo.com.ar/node_modules/@adonisjs/http-server/build/src/Server/PreCompiler/index.js:47:31)
Thu Nov 10 2022 12:14:10 GMT-0300 (Argentina Standard Time) Error Handler: TypeError: Cannot read properties of undefined (reading 'Permisos')
    at eval (eval at <anonymous> (/home/farmageo/api.farmageo.com.ar/app/Helper/configuraciones.ts:1202:23), <anonymous>:1:18)
    at /home/farmageo/api.farmageo.com.ar/app/Helper/configuraciones.ts:1202:23
    at Array.map (<anonymous>)
    at Function.ConfBuilder.setOpciones (/home/farmageo/api.farmageo.com.ar/app/Helper/configuraciones.ts:1199:25)
    at Function.ConfBuilder.armarListado (/home/farmageo/api.farmageo.com.ar/app/Helper/configuraciones.ts:754:27)
    at /home/farmageo/api.farmageo.com.ar/app/Controllers/Http/ConfigsController.ts:146:36
    at Array.map (<anonymous>)
    at ConfigsController.ConfigPantalla (/home/farmageo/api.farmageo.com.ar/app/Controllers/Http/ConfigsController.ts:141:18)
    at processTicksAndRejections (node:internal/process/task_queues:96:5)
    at Object.PreCompiler.runRouteHandler [as fn] (/home/farmageo/api.farmageo.com.ar/node_modules/@adonisjs/http-server/build/src/Server/PreCompiler/index.js:47:31)
Thu Nov 10 2022 12:14:10 GMT-0300 (Argentina Standard Time) Error Handler: TypeError: Cannot read properties of undefined (reading 'Permisos')
    at eval (eval at <anonymous> (/home/farmageo/api.farmageo.com.ar/app/Helper/configuraciones.ts:1202:23), <anonymous>:1:18)
    at /home/farmageo/api.farmageo.com.ar/app/Helper/configuraciones.ts:1202:23
    at Array.map (<anonymous>)
    at Function.ConfBuilder.setOpciones (/home/farmageo/api.farmageo.com.ar/app/Helper/configuraciones.ts:1199:25)
    at Function.ConfBuilder.armarListado (/home/farmageo/api.farmageo.com.ar/app/Helper/configuraciones.ts:754:27)
    at /home/farmageo/api.farmageo.com.ar/app/Controllers/Http/ConfigsController.ts:146:36
    at Array.map (<anonymous>)
    at ConfigsController.ConfigPantalla (/home/farmageo/api.farmageo.com.ar/app/Controllers/Http/ConfigsController.ts:141:18)
    at processTicksAndRejections (node:internal/process/task_queues:96:5)
    at Object.PreCompiler.runRouteHandler [as fn] (/home/farmageo/api.farmageo.com.ar/node_modules/@adonisjs/http-server/build/src/Server/PreCompiler/index.js:47:31)
Thu Nov 10 2022 12:14:10 GMT-0300 (Argentina Standard Time) Error Handler: TypeError: Cannot read properties of undefined (reading 'Permisos')
    at eval (eval at <anonymous> (/home/farmageo/api.farmageo.com.ar/app/Helper/configuraciones.ts:1202:23), <anonymous>:1:18)
    at /home/farmageo/api.farmageo.com.ar/app/Helper/configuraciones.ts:1202:23
    at Array.map (<anonymous>)
    at Function.ConfBuilder.setOpciones (/home/farmageo/api.farmageo.com.ar/app/Helper/configuraciones.ts:1199:25)
    at Function.ConfBuilder.armarListado (/home/farmageo/api.farmageo.com.ar/app/Helper/configuraciones.ts:754:27)
    at /home/farmageo/api.farmageo.com.ar/app/Controllers/Http/ConfigsController.ts:146:36
    at Array.map (<anonymous>)
    at ConfigsController.ConfigPantalla (/home/farmageo/api.farmageo.com.ar/app/Controllers/Http/ConfigsController.ts:141:18)
    at processTicksAndRejections (node:internal/process/task_queues:96:5)
    at Object.PreCompiler.runRouteHandler [as fn] (/home/farmageo/api.farmageo.com.ar/node_modules/@adonisjs/http-server/build/src/Server/PreCompiler/index.js:47:31)
Thu Nov 10 2022 12:14:10 GMT-0300 (Argentina Standard Time) Error Handler: TypeError: Cannot read properties of undefined (reading 'Permisos')
    at eval (eval at <anonymous> (/home/farmageo/api.farmageo.com.ar/app/Helper/configuraciones.ts:1202:23), <anonymous>:1:18)
    at /home/farmageo/api.farmageo.com.ar/app/Helper/configuraciones.ts:1202:23
    at Array.map (<anonymous>)
    at Function.ConfBuilder.setOpciones (/home/farmageo/api.farmageo.com.ar/app/Helper/configuraciones.ts:1199:25)
    at Function.ConfBuilder.armarListado (/home/farmageo/api.farmageo.com.ar/app/Helper/configuraciones.ts:754:27)
    at /home/farmageo/api.farmageo.com.ar/app/Controllers/Http/ConfigsController.ts:146:36
    at Array.map (<anonymous>)
    at ConfigsController.ConfigPantalla (/home/farmageo/api.farmageo.com.ar/app/Controllers/Http/ConfigsController.ts:141:18)
    at processTicksAndRejections (node:internal/process/task_queues:96:5)
    at Object.PreCompiler.runRouteHandler [as fn] (/home/farmageo/api.farmageo.com.ar/node_modules/@adonisjs/http-server/build/src/Server/PreCompiler/index.js:47:31)
Thu Nov 10 2022 12:14:10 GMT-0300 (Argentina Standard Time) Error Handler: TypeError: Cannot read properties of undefined (reading 'Permisos')
    at eval (eval at <anonymous> (/home/farmageo/api.farmageo.com.ar/app/Helper/configuraciones.ts:1202:23), <anonymous>:1:18)
    at /home/farmageo/api.farmageo.com.ar/app/Helper/configuraciones.ts:1202:23
    at Array.map (<anonymous>)
    at Function.ConfBuilder.setOpciones (/home/farmageo/api.farmageo.com.ar/app/Helper/configuraciones.ts:1199:25)
    at Function.ConfBuilder.armarListado (/home/farmageo/api.farmageo.com.ar/app/Helper/configuraciones.ts:754:27)
    at /home/farmageo/api.farmageo.com.ar/app/Controllers/Http/ConfigsController.ts:146:36
    at Array.map (<anonymous>)
    at ConfigsController.ConfigPantalla (/home/farmageo/api.farmageo.com.ar/app/Controllers/Http/ConfigsController.ts:141:18)
    at processTicksAndRejections (node:internal/process/task_queues:96:5)
    at Object.PreCompiler.runRouteHandler [as fn] (/home/farmageo/api.farmageo.com.ar/node_modules/@adonisjs/http-server/build/src/Server/PreCompiler/index.js:47:31)
Thu Nov 10 2022 12:14:10 GMT-0300 (Argentina Standard Time) Error Handler: TypeError: Cannot read properties of undefined (reading 'Permisos')
    at eval (eval at <anonymous> (/home/farmageo/api.farmageo.com.ar/app/Helper/configuraciones.ts:1202:23), <anonymous>:1:18)
    at /home/farmageo/api.farmageo.com.ar/app/Helper/configuraciones.ts:1202:23
    at Array.map (<anonymous>)
    at Function.ConfBuilder.setOpciones (/home/farmageo/api.farmageo.com.ar/app/Helper/configuraciones.ts:1199:25)
    at Function.ConfBuilder.armarListado (/home/farmageo/api.farmageo.com.ar/app/Helper/configuraciones.ts:754:27)
    at /home/farmageo/api.farmageo.com.ar/app/Controllers/Http/ConfigsController.ts:146:36
    at Array.map (<anonymous>)
    at ConfigsController.ConfigPantalla (/home/farmageo/api.farmageo.com.ar/app/Controllers/Http/ConfigsController.ts:141:18)
    at processTicksAndRejections (node:internal/process/task_queues:96:5)
    at Object.PreCompiler.runRouteHandler [as fn] (/home/farmageo/api.farmageo.com.ar/node_modules/@adonisjs/http-server/build/src/Server/PreCompiler/index.js:47:31)
Thu Nov 10 2022 12:14:10 GMT-0300 (Argentina Standard Time) Error Handler: TypeError: Cannot read properties of undefined (reading 'Permisos')
    at eval (eval at <anonymous> (/home/farmageo/api.farmageo.com.ar/app/Helper/configuraciones.ts:1202:23), <anonymous>:1:18)
    at /home/farmageo/api.farmageo.com.ar/app/Helper/configuraciones.ts:1202:23
    at Array.map (<anonymous>)
    at Function.ConfBuilder.setOpciones (/home/farmageo/api.farmageo.com.ar/app/Helper/configuraciones.ts:1199:25)
    at Function.ConfBuilder.armarListado (/home/farmageo/api.farmageo.com.ar/app/Helper/configuraciones.ts:754:27)
    at /home/farmageo/api.farmageo.com.ar/app/Controllers/Http/ConfigsController.ts:146:36
    at Array.map (<anonymous>)
    at ConfigsController.ConfigPantalla (/home/farmageo/api.farmageo.com.ar/app/Controllers/Http/ConfigsController.ts:141:18)
    at processTicksAndRejections (node:internal/process/task_queues:96:5)
    at Object.PreCompiler.runRouteHandler [as fn] (/home/farmageo/api.farmageo.com.ar/node_modules/@adonisjs/http-server/build/src/Server/PreCompiler/index.js:47:31)
Thu Nov 10 2022 12:14:10 GMT-0300 (Argentina Standard Time) Error Handler: TypeError: Cannot read properties of undefined (reading 'Permisos')
    at eval (eval at <anonymous> (/home/farmageo/api.farmageo.com.ar/app/Helper/configuraciones.ts:1202:23), <anonymous>:1:18)
    at /home/farmageo/api.farmageo.com.ar/app/Helper/configuraciones.ts:1202:23
    at Array.map (<anonymous>)
    at Function.ConfBuilder.setOpciones (/home/farmageo/api.farmageo.com.ar/app/Helper/configuraciones.ts:1199:25)
    at Function.ConfBuilder.armarListado (/home/farmageo/api.farmageo.com.ar/app/Helper/configuraciones.ts:754:27)
    at /home/farmageo/api.farmageo.com.ar/app/Controllers/Http/ConfigsController.ts:146:36
    at Array.map (<anonymous>)
    at ConfigsController.ConfigPantalla (/home/farmageo/api.farmageo.com.ar/app/Controllers/Http/ConfigsController.ts:141:18)
    at processTicksAndRejections (node:internal/process/task_queues:96:5)
    at Object.PreCompiler.runRouteHandler [as fn] (/home/farmageo/api.farmageo.com.ar/node_modules/@adonisjs/http-server/build/src/Server/PreCompiler/index.js:47:31)
Thu Nov 10 2022 12:14:10 GMT-0300 (Argentina Standard Time) Error Handler: TypeError: Cannot read properties of undefined (reading 'Permisos')
    at eval (eval at <anonymous> (/home/farmageo/api.farmageo.com.ar/app/Helper/configuraciones.ts:1202:23), <anonymous>:1:18)
    at /home/farmageo/api.farmageo.com.ar/app/Helper/configuraciones.ts:1202:23
    at Array.map (<anonymous>)
    at Function.ConfBuilder.setOpciones (/home/farmageo/api.farmageo.com.ar/app/Helper/configuraciones.ts:1199:25)
    at Function.ConfBuilder.armarListado (/home/farmageo/api.farmageo.com.ar/app/Helper/configuraciones.ts:754:27)
    at /home/farmageo/api.farmageo.com.ar/app/Controllers/Http/ConfigsController.ts:146:36
    at Array.map (<anonymous>)
    at ConfigsController.ConfigPantalla (/home/farmageo/api.farmageo.com.ar/app/Controllers/Http/ConfigsController.ts:141:18)
    at processTicksAndRejections (node:internal/process/task_queues:96:5)
    at Object.PreCompiler.runRouteHandler [as fn] (/home/farmageo/api.farmageo.com.ar/node_modules/@adonisjs/http-server/build/src/Server/PreCompiler/index.js:47:31)
Thu Nov 10 2022 12:14:10 GMT-0300 (Argentina Standard Time) Error Handler: TypeError: Cannot read properties of undefined (reading 'Permisos')
    at eval (eval at <anonymous> (/home/farmageo/api.farmageo.com.ar/app/Helper/configuraciones.ts:1202:23), <anonymous>:1:18)
    at /home/farmageo/api.farmageo.com.ar/app/Helper/configuraciones.ts:1202:23
    at Array.map (<anonymous>)
    at Function.ConfBuilder.setOpciones (/home/farmageo/api.farmageo.com.ar/app/Helper/configuraciones.ts:1199:25)
    at Function.ConfBuilder.armarListado (/home/farmageo/api.farmageo.com.ar/app/Helper/configuraciones.ts:754:27)
    at /home/farmageo/api.farmageo.com.ar/app/Controllers/Http/ConfigsController.ts:146:36
    at Array.map (<anonymous>)
    at ConfigsController.ConfigPantalla (/home/farmageo/api.farmageo.com.ar/app/Controllers/Http/ConfigsController.ts:141:18)
    at processTicksAndRejections (node:internal/process/task_queues:96:5)
    at Object.PreCompiler.runRouteHandler [as fn] (/home/farmageo/api.farmageo.com.ar/node_modules/@adonisjs/http-server/build/src/Server/PreCompiler/index.js:47:31)
Thu Nov 10 2022 12:14:10 GMT-0300 (Argentina Standard Time) Error Handler: TypeError: Cannot read properties of undefined (reading 'Permisos')
    at eval (eval at <anonymous> (/home/farmageo/api.farmageo.com.ar/app/Helper/configuraciones.ts:1202:23), <anonymous>:1:18)
    at /home/farmageo/api.farmageo.com.ar/app/Helper/configuraciones.ts:1202:23
    at Array.map (<anonymous>)
    at Function.ConfBuilder.setOpciones (/home/farmageo/api.farmageo.com.ar/app/Helper/configuraciones.ts:1199:25)
    at Function.ConfBuilder.armarListado (/home/farmageo/api.farmageo.com.ar/app/Helper/configuraciones.ts:754:27)
    at /home/farmageo/api.farmageo.com.ar/app/Controllers/Http/ConfigsController.ts:146:36
    at Array.map (<anonymous>)
    at ConfigsController.ConfigPantalla (/home/farmageo/api.farmageo.com.ar/app/Controllers/Http/ConfigsController.ts:141:18)
    at processTicksAndRejections (node:internal/process/task_queues:96:5)
    at Object.PreCompiler.runRouteHandler [as fn] (/home/farmageo/api.farmageo.com.ar/node_modules/@adonisjs/http-server/build/src/Server/PreCompiler/index.js:47:31)
Thu Nov 10 2022 12:14:10 GMT-0300 (Argentina Standard Time) Error Handler: TypeError: Cannot read properties of undefined (reading 'Permisos')
    at eval (eval at <anonymous> (/home/farmageo/api.farmageo.com.ar/app/Helper/configuraciones.ts:1202:23), <anonymous>:1:18)
    at /home/farmageo/api.farmageo.com.ar/app/Helper/configuraciones.ts:1202:23
    at Array.map (<anonymous>)
    at Function.ConfBuilder.setOpciones (/home/farmageo/api.farmageo.com.ar/app/Helper/configuraciones.ts:1199:25)
    at Function.ConfBuilder.armarListado (/home/farmageo/api.farmageo.com.ar/app/Helper/configuraciones.ts:754:27)
    at /home/farmageo/api.farmageo.com.ar/app/Controllers/Http/ConfigsController.ts:146:36
    at Array.map (<anonymous>)
    at ConfigsController.ConfigPantalla (/home/farmageo/api.farmageo.com.ar/app/Controllers/Http/ConfigsController.ts:141:18)
    at processTicksAndRejections (node:internal/process/task_queues:96:5)
    at Object.PreCompiler.runRouteHandler [as fn] (/home/farmageo/api.farmageo.com.ar/node_modules/@adonisjs/http-server/build/src/Server/PreCompiler/index.js:47:31)
Thu Nov 10 2022 12:14:10 GMT-0300 (Argentina Standard Time) Error Handler: TypeError: Cannot read properties of undefined (reading 'Permisos')
    at eval (eval at <anonymous> (/home/farmageo/api.farmageo.com.ar/app/Helper/configuraciones.ts:1202:23), <anonymous>:1:18)
    at /home/farmageo/api.farmageo.com.ar/app/Helper/configuraciones.ts:1202:23
    at Array.map (<anonymous>)
    at Function.ConfBuilder.setOpciones (/home/farmageo/api.farmageo.com.ar/app/Helper/configuraciones.ts:1199:25)
    at Function.ConfBuilder.armarListado (/home/farmageo/api.farmageo.com.ar/app/Helper/configuraciones.ts:754:27)
    at /home/farmageo/api.farmageo.com.ar/app/Controllers/Http/ConfigsController.ts:146:36
    at Array.map (<anonymous>)
    at ConfigsController.ConfigPantalla (/home/farmageo/api.farmageo.com.ar/app/Controllers/Http/ConfigsController.ts:141:18)
    at processTicksAndRejections (node:internal/process/task_queues:96:5)
    at Object.PreCompiler.runRouteHandler [as fn] (/home/farmageo/api.farmageo.com.ar/node_modules/@adonisjs/http-server/build/src/Server/PreCompiler/index.js:47:31)
Thu Nov 10 2022 12:14:10 GMT-0300 (Argentina Standard Time) Error Handler: TypeError: Cannot read properties of undefined (reading 'Permisos')
    at eval (eval at <anonymous> (/home/farmageo/api.farmageo.com.ar/app/Helper/configuraciones.ts:1202:23), <anonymous>:1:18)
    at /home/farmageo/api.farmageo.com.ar/app/Helper/configuraciones.ts:1202:23
    at Array.map (<anonymous>)
    at Function.ConfBuilder.setOpciones (/home/farmageo/api.farmageo.com.ar/app/Helper/configuraciones.ts:1199:25)
    at Function.ConfBuilder.armarListado (/home/farmageo/api.farmageo.com.ar/app/Helper/configuraciones.ts:754:27)
    at /home/farmageo/api.farmageo.com.ar/app/Controllers/Http/ConfigsController.ts:146:36
    at Array.map (<anonymous>)
    at ConfigsController.ConfigPantalla (/home/farmageo/api.farmageo.com.ar/app/Controllers/Http/ConfigsController.ts:141:18)
    at processTicksAndRejections (node:internal/process/task_queues:96:5)
    at Object.PreCompiler.runRouteHandler [as fn] (/home/farmageo/api.farmageo.com.ar/node_modules/@adonisjs/http-server/build/src/Server/PreCompiler/index.js:47:31)
Thu Nov 10 2022 12:14:10 GMT-0300 (Argentina Standard Time) Error Handler: TypeError: Cannot read properties of undefined (reading 'Permisos')
    at eval (eval at <anonymous> (/home/farmageo/api.farmageo.com.ar/app/Helper/configuraciones.ts:1202:23), <anonymous>:1:18)
    at /home/farmageo/api.farmageo.com.ar/app/Helper/configuraciones.ts:1202:23
    at Array.map (<anonymous>)
    at Function.ConfBuilder.setOpciones (/home/farmageo/api.farmageo.com.ar/app/Helper/configuraciones.ts:1199:25)
    at Function.ConfBuilder.armarListado (/home/farmageo/api.farmageo.com.ar/app/Helper/configuraciones.ts:754:27)
    at /home/farmageo/api.farmageo.com.ar/app/Controllers/Http/ConfigsController.ts:146:36
    at Array.map (<anonymous>)
    at ConfigsController.ConfigPantalla (/home/farmageo/api.farmageo.com.ar/app/Controllers/Http/ConfigsController.ts:141:18)
    at processTicksAndRejections (node:internal/process/task_queues:96:5)
    at Object.PreCompiler.runRouteHandler [as fn] (/home/farmageo/api.farmageo.com.ar/node_modules/@adonisjs/http-server/build/src/Server/PreCompiler/index.js:47:31)
Thu Nov 10 2022 12:14:10 GMT-0300 (Argentina Standard Time) Error Handler: TypeError: Cannot read properties of undefined (reading 'Permisos')
    at eval (eval at <anonymous> (/home/farmageo/api.farmageo.com.ar/app/Helper/configuraciones.ts:1202:23), <anonymous>:1:18)
    at /home/farmageo/api.farmageo.com.ar/app/Helper/configuraciones.ts:1202:23
    at Array.map (<anonymous>)
    at Function.ConfBuilder.setOpciones (/home/farmageo/api.farmageo.com.ar/app/Helper/configuraciones.ts:1199:25)
    at Function.ConfBuilder.armarListado (/home/farmageo/api.farmageo.com.ar/app/Helper/configuraciones.ts:754:27)
    at /home/farmageo/api.farmageo.com.ar/app/Controllers/Http/ConfigsController.ts:146:36
    at Array.map (<anonymous>)
    at ConfigsController.ConfigPantalla (/home/farmageo/api.farmageo.com.ar/app/Controllers/Http/ConfigsController.ts:141:18)
    at processTicksAndRejections (node:internal/process/task_queues:96:5)
    at Object.PreCompiler.runRouteHandler [as fn] (/home/farmageo/api.farmageo.com.ar/node_modules/@adonisjs/http-server/build/src/Server/PreCompiler/index.js:47:31)
Thu Nov 10 2022 12:14:10 GMT-0300 (Argentina Standard Time) Error Handler: TypeError: Cannot read properties of undefined (reading 'Permisos')
    at eval (eval at <anonymous> (/home/farmageo/api.farmageo.com.ar/app/Helper/configuraciones.ts:1202:23), <anonymous>:1:18)
    at /home/farmageo/api.farmageo.com.ar/app/Helper/configuraciones.ts:1202:23
    at Array.map (<anonymous>)
    at Function.ConfBuilder.setOpciones (/home/farmageo/api.farmageo.com.ar/app/Helper/configuraciones.ts:1199:25)
    at Function.ConfBuilder.armarListado (/home/farmageo/api.farmageo.com.ar/app/Helper/configuraciones.ts:754:27)
    at /home/farmageo/api.farmageo.com.ar/app/Controllers/Http/ConfigsController.ts:146:36
    at Array.map (<anonymous>)
    at ConfigsController.ConfigPantalla (/home/farmageo/api.farmageo.com.ar/app/Controllers/Http/ConfigsController.ts:141:18)
    at processTicksAndRejections (node:internal/process/task_queues:96:5)
    at Object.PreCompiler.runRouteHandler [as fn] (/home/farmageo/api.farmageo.com.ar/node_modules/@adonisjs/http-server/build/src/Server/PreCompiler/index.js:47:31)
Thu Nov 10 2022 12:14:10 GMT-0300 (Argentina Standard Time) Error Handler: TypeError: Cannot read properties of undefined (reading 'Permisos')
    at eval (eval at <anonymous> (/home/farmageo/api.farmageo.com.ar/app/Helper/configuraciones.ts:1202:23), <anonymous>:1:18)
    at /home/farmageo/api.farmageo.com.ar/app/Helper/configuraciones.ts:1202:23
    at Array.map (<anonymous>)
    at Function.ConfBuilder.setOpciones (/home/farmageo/api.farmageo.com.ar/app/Helper/configuraciones.ts:1199:25)
    at Function.ConfBuilder.armarListado (/home/farmageo/api.farmageo.com.ar/app/Helper/configuraciones.ts:754:27)
    at /home/farmageo/api.farmageo.com.ar/app/Controllers/Http/ConfigsController.ts:146:36
    at Array.map (<anonymous>)
    at ConfigsController.ConfigPantalla (/home/farmageo/api.farmageo.com.ar/app/Controllers/Http/ConfigsController.ts:141:18)
    at processTicksAndRejections (node:internal/process/task_queues:96:5)
    at Object.PreCompiler.runRouteHandler [as fn] (/home/farmageo/api.farmageo.com.ar/node_modules/@adonisjs/http-server/build/src/Server/PreCompiler/index.js:47:31)
Thu Nov 10 2022 12:14:10 GMT-0300 (Argentina Standard Time) Error Handler: TypeError: Cannot read properties of undefined (reading 'Permisos')
    at eval (eval at <anonymous> (/home/farmageo/api.farmageo.com.ar/app/Helper/configuraciones.ts:1202:23), <anonymous>:1:18)
    at /home/farmageo/api.farmageo.com.ar/app/Helper/configuraciones.ts:1202:23
    at Array.map (<anonymous>)
    at Function.ConfBuilder.setOpciones (/home/farmageo/api.farmageo.com.ar/app/Helper/configuraciones.ts:1199:25)
    at Function.ConfBuilder.armarListado (/home/farmageo/api.farmageo.com.ar/app/Helper/configuraciones.ts:754:27)
    at /home/farmageo/api.farmageo.com.ar/app/Controllers/Http/ConfigsController.ts:146:36
    at Array.map (<anonymous>)
    at ConfigsController.ConfigPantalla (/home/farmageo/api.farmageo.com.ar/app/Controllers/Http/ConfigsController.ts:141:18)
    at processTicksAndRejections (node:internal/process/task_queues:96:5)
    at Object.PreCompiler.runRouteHandler [as fn] (/home/farmageo/api.farmageo.com.ar/node_modules/@adonisjs/http-server/build/src/Server/PreCompiler/index.js:47:31)
Thu Nov 10 2022 12:14:10 GMT-0300 (Argentina Standard Time) Error Handler: TypeError: Cannot read properties of undefined (reading 'Permisos')
    at eval (eval at <anonymous> (/home/farmageo/api.farmageo.com.ar/app/Helper/configuraciones.ts:1202:23), <anonymous>:1:18)
    at /home/farmageo/api.farmageo.com.ar/app/Helper/configuraciones.ts:1202:23
    at Array.map (<anonymous>)
    at Function.ConfBuilder.setOpciones (/home/farmageo/api.farmageo.com.ar/app/Helper/configuraciones.ts:1199:25)
    at Function.ConfBuilder.armarListado (/home/farmageo/api.farmageo.com.ar/app/Helper/configuraciones.ts:754:27)
    at /home/farmageo/api.farmageo.com.ar/app/Controllers/Http/ConfigsController.ts:146:36
    at Array.map (<anonymous>)
    at ConfigsController.ConfigPantalla (/home/farmageo/api.farmageo.com.ar/app/Controllers/Http/ConfigsController.ts:141:18)
    at processTicksAndRejections (node:internal/process/task_queues:96:5)
    at Object.PreCompiler.runRouteHandler [as fn] (/home/farmageo/api.farmageo.com.ar/node_modules/@adonisjs/http-server/build/src/Server/PreCompiler/index.js:47:31)
Thu Nov 10 2022 12:14:10 GMT-0300 (Argentina Standard Time) Error Handler: TypeError: Cannot read properties of undefined (reading 'Permisos')
    at eval (eval at <anonymous> (/home/farmageo/api.farmageo.com.ar/app/Helper/configuraciones.ts:1202:23), <anonymous>:1:18)
    at /home/farmageo/api.farmageo.com.ar/app/Helper/configuraciones.ts:1202:23
    at Array.map (<anonymous>)
    at Function.ConfBuilder.setOpciones (/home/farmageo/api.farmageo.com.ar/app/Helper/configuraciones.ts:1199:25)
    at Function.ConfBuilder.armarListado (/home/farmageo/api.farmageo.com.ar/app/Helper/configuraciones.ts:754:27)
    at /home/farmageo/api.farmageo.com.ar/app/Controllers/Http/ConfigsController.ts:146:36
    at Array.map (<anonymous>)
    at ConfigsController.ConfigPantalla (/home/farmageo/api.farmageo.com.ar/app/Controllers/Http/ConfigsController.ts:141:18)
    at processTicksAndRejections (node:internal/process/task_queues:96:5)
    at Object.PreCompiler.runRouteHandler [as fn] (/home/farmageo/api.farmageo.com.ar/node_modules/@adonisjs/http-server/build/src/Server/PreCompiler/index.js:47:31)
Thu Nov 10 2022 12:14:10 GMT-0300 (Argentina Standard Time) Error Handler: TypeError: Cannot read properties of undefined (reading 'Permisos')
    at eval (eval at <anonymous> (/home/farmageo/api.farmageo.com.ar/app/Helper/configuraciones.ts:1202:23), <anonymous>:1:18)
    at /home/farmageo/api.farmageo.com.ar/app/Helper/configuraciones.ts:1202:23
    at Array.map (<anonymous>)
    at Function.ConfBuilder.setOpciones (/home/farmageo/api.farmageo.com.ar/app/Helper/configuraciones.ts:1199:25)
    at Function.ConfBuilder.armarListado (/home/farmageo/api.farmageo.com.ar/app/Helper/configuraciones.ts:754:27)
    at /home/farmageo/api.farmageo.com.ar/app/Controllers/Http/ConfigsController.ts:146:36
    at Array.map (<anonymous>)
    at ConfigsController.ConfigPantalla (/home/farmageo/api.farmageo.com.ar/app/Controllers/Http/ConfigsController.ts:141:18)
    at processTicksAndRejections (node:internal/process/task_queues:96:5)
    at Object.PreCompiler.runRouteHandler [as fn] (/home/farmageo/api.farmageo.com.ar/node_modules/@adonisjs/http-server/build/src/Server/PreCompiler/index.js:47:31)
Thu Nov 10 2022 12:14:10 GMT-0300 (Argentina Standard Time) Error Handler: TypeError: Cannot read properties of undefined (reading 'Permisos')
    at eval (eval at <anonymous> (/home/farmageo/api.farmageo.com.ar/app/Helper/configuraciones.ts:1202:23), <anonymous>:1:18)
    at /home/farmageo/api.farmageo.com.ar/app/Helper/configuraciones.ts:1202:23
    at Array.map (<anonymous>)
    at Function.ConfBuilder.setOpciones (/home/farmageo/api.farmageo.com.ar/app/Helper/configuraciones.ts:1199:25)
    at Function.ConfBuilder.armarListado (/home/farmageo/api.farmageo.com.ar/app/Helper/configuraciones.ts:754:27)
    at /home/farmageo/api.farmageo.com.ar/app/Controllers/Http/ConfigsController.ts:146:36
    at Array.map (<anonymous>)
    at ConfigsController.ConfigPantalla (/home/farmageo/api.farmageo.com.ar/app/Controllers/Http/ConfigsController.ts:141:18)
    at processTicksAndRejections (node:internal/process/task_queues:96:5)
    at Object.PreCompiler.runRouteHandler [as fn] (/home/farmageo/api.farmageo.com.ar/node_modules/@adonisjs/http-server/build/src/Server/PreCompiler/index.js:47:31)
Thu Nov 10 2022 12:14:10 GMT-0300 (Argentina Standard Time) Error Handler: TypeError: Cannot read properties of undefined (reading 'Permisos')
    at eval (eval at <anonymous> (/home/farmageo/api.farmageo.com.ar/app/Helper/configuraciones.ts:1202:23), <anonymous>:1:18)
    at /home/farmageo/api.farmageo.com.ar/app/Helper/configuraciones.ts:1202:23
    at Array.map (<anonymous>)
    at Function.ConfBuilder.setOpciones (/home/farmageo/api.farmageo.com.ar/app/Helper/configuraciones.ts:1199:25)
    at Function.ConfBuilder.armarListado (/home/farmageo/api.farmageo.com.ar/app/Helper/configuraciones.ts:754:27)
    at /home/farmageo/api.farmageo.com.ar/app/Controllers/Http/ConfigsController.ts:146:36
    at Array.map (<anonymous>)
    at ConfigsController.ConfigPantalla (/home/farmageo/api.farmageo.com.ar/app/Controllers/Http/ConfigsController.ts:141:18)
    at processTicksAndRejections (node:internal/process/task_queues:96:5)
    at Object.PreCompiler.runRouteHandler [as fn] (/home/farmageo/api.farmageo.com.ar/node_modules/@adonisjs/http-server/build/src/Server/PreCompiler/index.js:47:31)
Thu Nov 10 2022 12:14:10 GMT-0300 (Argentina Standard Time) Error Handler: TypeError: Cannot read properties of undefined (reading 'Permisos')
    at eval (eval at <anonymous> (/home/farmageo/api.farmageo.com.ar/app/Helper/configuraciones.ts:1202:23), <anonymous>:1:18)
    at /home/farmageo/api.farmageo.com.ar/app/Helper/configuraciones.ts:1202:23
    at Array.map (<anonymous>)
    at Function.ConfBuilder.setOpciones (/home/farmageo/api.farmageo.com.ar/app/Helper/configuraciones.ts:1199:25)
    at Function.ConfBuilder.armarListado (/home/farmageo/api.farmageo.com.ar/app/Helper/configuraciones.ts:754:27)
    at /home/farmageo/api.farmageo.com.ar/app/Controllers/Http/ConfigsController.ts:146:36
    at Array.map (<anonymous>)
    at ConfigsController.ConfigPantalla (/home/farmageo/api.farmageo.com.ar/app/Controllers/Http/ConfigsController.ts:141:18)
    at processTicksAndRejections (node:internal/process/task_queues:96:5)
    at Object.PreCompiler.runRouteHandler [as fn] (/home/farmageo/api.farmageo.com.ar/node_modules/@adonisjs/http-server/build/src/Server/PreCompiler/index.js:47:31)
Thu Nov 10 2022 12:14:10 GMT-0300 (Argentina Standard Time) Error Handler: TypeError: Cannot read properties of undefined (reading 'Permisos')
    at eval (eval at <anonymous> (/home/farmageo/api.farmageo.com.ar/app/Helper/configuraciones.ts:1202:23), <anonymous>:1:18)
    at /home/farmageo/api.farmageo.com.ar/app/Helper/configuraciones.ts:1202:23
    at Array.map (<anonymous>)
    at Function.ConfBuilder.setOpciones (/home/farmageo/api.farmageo.com.ar/app/Helper/configuraciones.ts:1199:25)
    at Function.ConfBuilder.armarListado (/home/farmageo/api.farmageo.com.ar/app/Helper/configuraciones.ts:754:27)
    at /home/farmageo/api.farmageo.com.ar/app/Controllers/Http/ConfigsController.ts:146:36
    at Array.map (<anonymous>)
    at ConfigsController.ConfigPantalla (/home/farmageo/api.farmageo.com.ar/app/Controllers/Http/ConfigsController.ts:141:18)
    at processTicksAndRejections (node:internal/process/task_queues:96:5)
    at Object.PreCompiler.runRouteHandler [as fn] (/home/farmageo/api.farmageo.com.ar/node_modules/@adonisjs/http-server/build/src/Server/PreCompiler/index.js:47:31)
Thu Nov 10 2022 12:14:10 GMT-0300 (Argentina Standard Time) Error Handler: TypeError: Cannot read properties of undefined (reading 'Permisos')
    at eval (eval at <anonymous> (/home/farmageo/api.farmageo.com.ar/app/Helper/configuraciones.ts:1202:23), <anonymous>:1:18)
    at /home/farmageo/api.farmageo.com.ar/app/Helper/configuraciones.ts:1202:23
    at Array.map (<anonymous>)
    at Function.ConfBuilder.setOpciones (/home/farmageo/api.farmageo.com.ar/app/Helper/configuraciones.ts:1199:25)
    at Function.ConfBuilder.armarListado (/home/farmageo/api.farmageo.com.ar/app/Helper/configuraciones.ts:754:27)
    at /home/farmageo/api.farmageo.com.ar/app/Controllers/Http/ConfigsController.ts:146:36
    at Array.map (<anonymous>)
    at ConfigsController.ConfigPantalla (/home/farmageo/api.farmageo.com.ar/app/Controllers/Http/ConfigsController.ts:141:18)
    at processTicksAndRejections (node:internal/process/task_queues:96:5)
    at Object.PreCompiler.runRouteHandler [as fn] (/home/farmageo/api.farmageo.com.ar/node_modules/@adonisjs/http-server/build/src/Server/PreCompiler/index.js:47:31)
Thu Nov 10 2022 12:14:10 GMT-0300 (Argentina Standard Time) Error Handler: TypeError: Cannot read properties of undefined (reading 'Permisos')
    at eval (eval at <anonymous> (/home/farmageo/api.farmageo.com.ar/app/Helper/configuraciones.ts:1202:23), <anonymous>:1:18)
    at /home/farmageo/api.farmageo.com.ar/app/Helper/configuraciones.ts:1202:23
    at Array.map (<anonymous>)
    at Function.ConfBuilder.setOpciones (/home/farmageo/api.farmageo.com.ar/app/Helper/configuraciones.ts:1199:25)
    at Function.ConfBuilder.armarListado (/home/farmageo/api.farmageo.com.ar/app/Helper/configuraciones.ts:754:27)
    at /home/farmageo/api.farmageo.com.ar/app/Controllers/Http/ConfigsController.ts:146:36
    at Array.map (<anonymous>)
    at ConfigsController.ConfigPantalla (/home/farmageo/api.farmageo.com.ar/app/Controllers/Http/ConfigsController.ts:141:18)
    at processTicksAndRejections (node:internal/process/task_queues:96:5)
    at Object.PreCompiler.runRouteHandler [as fn] (/home/farmageo/api.farmageo.com.ar/node_modules/@adonisjs/http-server/build/src/Server/PreCompiler/index.js:47:31)
Thu Nov 10 2022 12:14:10 GMT-0300 (Argentina Standard Time) Error Handler: TypeError: Cannot read properties of undefined (reading 'Permisos')
    at eval (eval at <anonymous> (/home/farmageo/api.farmageo.com.ar/app/Helper/configuraciones.ts:1202:23), <anonymous>:1:18)
    at /home/farmageo/api.farmageo.com.ar/app/Helper/configuraciones.ts:1202:23
    at Array.map (<anonymous>)
    at Function.ConfBuilder.setOpciones (/home/farmageo/api.farmageo.com.ar/app/Helper/configuraciones.ts:1199:25)
    at Function.ConfBuilder.armarListado (/home/farmageo/api.farmageo.com.ar/app/Helper/configuraciones.ts:754:27)
    at /home/farmageo/api.farmageo.com.ar/app/Controllers/Http/ConfigsController.ts:146:36
    at Array.map (<anonymous>)
    at ConfigsController.ConfigPantalla (/home/farmageo/api.farmageo.com.ar/app/Controllers/Http/ConfigsController.ts:141:18)
    at processTicksAndRejections (node:internal/process/task_queues:96:5)
    at Object.PreCompiler.runRouteHandler [as fn] (/home/farmageo/api.farmageo.com.ar/node_modules/@adonisjs/http-server/build/src/Server/PreCompiler/index.js:47:31)
Thu Nov 10 2022 12:14:10 GMT-0300 (Argentina Standard Time) Error Handler: TypeError: Cannot read properties of undefined (reading 'Permisos')
    at eval (eval at <anonymous> (/home/farmageo/api.farmageo.com.ar/app/Helper/configuraciones.ts:1202:23), <anonymous>:1:18)
    at /home/farmageo/api.farmageo.com.ar/app/Helper/configuraciones.ts:1202:23
    at Array.map (<anonymous>)
    at Function.ConfBuilder.setOpciones (/home/farmageo/api.farmageo.com.ar/app/Helper/configuraciones.ts:1199:25)
    at Function.ConfBuilder.armarListado (/home/farmageo/api.farmageo.com.ar/app/Helper/configuraciones.ts:754:27)
    at /home/farmageo/api.farmageo.com.ar/app/Controllers/Http/ConfigsController.ts:146:36
    at Array.map (<anonymous>)
    at ConfigsController.ConfigPantalla (/home/farmageo/api.farmageo.com.ar/app/Controllers/Http/ConfigsController.ts:141:18)
    at processTicksAndRejections (node:internal/process/task_queues:96:5)
    at Object.PreCompiler.runRouteHandler [as fn] (/home/farmageo/api.farmageo.com.ar/node_modules/@adonisjs/http-server/build/src/Server/PreCompiler/index.js:47:31)
Thu Nov 10 2022 12:14:10 GMT-0300 (Argentina Standard Time) Error Handler: TypeError: Cannot read properties of undefined (reading 'Permisos')
    at eval (eval at <anonymous> (/home/farmageo/api.farmageo.com.ar/app/Helper/configuraciones.ts:1202:23), <anonymous>:1:18)
    at /home/farmageo/api.farmageo.com.ar/app/Helper/configuraciones.ts:1202:23
    at Array.map (<anonymous>)
    at Function.ConfBuilder.setOpciones (/home/farmageo/api.farmageo.com.ar/app/Helper/configuraciones.ts:1199:25)
    at Function.ConfBuilder.armarListado (/home/farmageo/api.farmageo.com.ar/app/Helper/configuraciones.ts:754:27)
    at /home/farmageo/api.farmageo.com.ar/app/Controllers/Http/ConfigsController.ts:146:36
    at Array.map (<anonymous>)
    at ConfigsController.ConfigPantalla (/home/farmageo/api.farmageo.com.ar/app/Controllers/Http/ConfigsController.ts:141:18)
    at processTicksAndRejections (node:internal/process/task_queues:96:5)
    at Object.PreCompiler.runRouteHandler [as fn] (/home/farmageo/api.farmageo.com.ar/node_modules/@adonisjs/http-server/build/src/Server/PreCompiler/index.js:47:31)
Thu Nov 10 2022 12:14:10 GMT-0300 (Argentina Standard Time) Error Handler: TypeError: Cannot read properties of undefined (reading 'Permisos')
    at eval (eval at <anonymous> (/home/farmageo/api.farmageo.com.ar/app/Helper/configuraciones.ts:1202:23), <anonymous>:1:18)
    at /home/farmageo/api.farmageo.com.ar/app/Helper/configuraciones.ts:1202:23
    at Array.map (<anonymous>)
    at Function.ConfBuilder.setOpciones (/home/farmageo/api.farmageo.com.ar/app/Helper/configuraciones.ts:1199:25)
    at Function.ConfBuilder.armarListado (/home/farmageo/api.farmageo.com.ar/app/Helper/configuraciones.ts:754:27)
    at /home/farmageo/api.farmageo.com.ar/app/Controllers/Http/ConfigsController.ts:146:36
    at Array.map (<anonymous>)
    at ConfigsController.ConfigPantalla (/home/farmageo/api.farmageo.com.ar/app/Controllers/Http/ConfigsController.ts:141:18)
    at processTicksAndRejections (node:internal/process/task_queues:96:5)
    at Object.PreCompiler.runRouteHandler [as fn] (/home/farmageo/api.farmageo.com.ar/node_modules/@adonisjs/http-server/build/src/Server/PreCompiler/index.js:47:31)
Thu Nov 10 2022 12:14:10 GMT-0300 (Argentina Standard Time) Error Handler: TypeError: Cannot read properties of undefined (reading 'Permisos')
    at eval (eval at <anonymous> (/home/farmageo/api.farmageo.com.ar/app/Helper/configuraciones.ts:1202:23), <anonymous>:1:18)
    at /home/farmageo/api.farmageo.com.ar/app/Helper/configuraciones.ts:1202:23
    at Array.map (<anonymous>)
    at Function.ConfBuilder.setOpciones (/home/farmageo/api.farmageo.com.ar/app/Helper/configuraciones.ts:1199:25)
    at Function.ConfBuilder.armarListado (/home/farmageo/api.farmageo.com.ar/app/Helper/configuraciones.ts:754:27)
    at /home/farmageo/api.farmageo.com.ar/app/Controllers/Http/ConfigsController.ts:146:36
    at Array.map (<anonymous>)
    at ConfigsController.ConfigPantalla (/home/farmageo/api.farmageo.com.ar/app/Controllers/Http/ConfigsController.ts:141:18)
    at processTicksAndRejections (node:internal/process/task_queues:96:5)
    at Object.PreCompiler.runRouteHandler [as fn] (/home/farmageo/api.farmageo.com.ar/node_modules/@adonisjs/http-server/build/src/Server/PreCompiler/index.js:47:31)
Thu Nov 10 2022 12:14:10 GMT-0300 (Argentina Standard Time) Error Handler: TypeError: Cannot read properties of undefined (reading 'Permisos')
    at eval (eval at <anonymous> (/home/farmageo/api.farmageo.com.ar/app/Helper/configuraciones.ts:1202:23), <anonymous>:1:18)
    at /home/farmageo/api.farmageo.com.ar/app/Helper/configuraciones.ts:1202:23
    at Array.map (<anonymous>)
    at Function.ConfBuilder.setOpciones (/home/farmageo/api.farmageo.com.ar/app/Helper/configuraciones.ts:1199:25)
    at Function.ConfBuilder.armarListado (/home/farmageo/api.farmageo.com.ar/app/Helper/configuraciones.ts:754:27)
    at /home/farmageo/api.farmageo.com.ar/app/Controllers/Http/ConfigsController.ts:146:36
    at Array.map (<anonymous>)
    at ConfigsController.ConfigPantalla (/home/farmageo/api.farmageo.com.ar/app/Controllers/Http/ConfigsController.ts:141:18)
    at processTicksAndRejections (node:internal/process/task_queues:96:5)
    at Object.PreCompiler.runRouteHandler [as fn] (/home/farmageo/api.farmageo.com.ar/node_modules/@adonisjs/http-server/build/src/Server/PreCompiler/index.js:47:31)
Thu Nov 10 2022 12:14:10 GMT-0300 (Argentina Standard Time) Error Handler: TypeError: Cannot read properties of undefined (reading 'Permisos')
    at eval (eval at <anonymous> (/home/farmageo/api.farmageo.com.ar/app/Helper/configuraciones.ts:1202:23), <anonymous>:1:18)
    at /home/farmageo/api.farmageo.com.ar/app/Helper/configuraciones.ts:1202:23
    at Array.map (<anonymous>)
    at Function.ConfBuilder.setOpciones (/home/farmageo/api.farmageo.com.ar/app/Helper/configuraciones.ts:1199:25)
    at Function.ConfBuilder.armarListado (/home/farmageo/api.farmageo.com.ar/app/Helper/configuraciones.ts:754:27)
    at /home/farmageo/api.farmageo.com.ar/app/Controllers/Http/ConfigsController.ts:146:36
    at Array.map (<anonymous>)
    at ConfigsController.ConfigPantalla (/home/farmageo/api.farmageo.com.ar/app/Controllers/Http/ConfigsController.ts:141:18)
    at processTicksAndRejections (node:internal/process/task_queues:96:5)
    at Object.PreCompiler.runRouteHandler [as fn] (/home/farmageo/api.farmageo.com.ar/node_modules/@adonisjs/http-server/build/src/Server/PreCompiler/index.js:47:31)
Thu Nov 10 2022 12:14:10 GMT-0300 (Argentina Standard Time) Error Handler: TypeError: Cannot read properties of undefined (reading 'Permisos')
    at eval (eval at <anonymous> (/home/farmageo/api.farmageo.com.ar/app/Helper/configuraciones.ts:1202:23), <anonymous>:1:18)
    at /home/farmageo/api.farmageo.com.ar/app/Helper/configuraciones.ts:1202:23
    at Array.map (<anonymous>)
    at Function.ConfBuilder.setOpciones (/home/farmageo/api.farmageo.com.ar/app/Helper/configuraciones.ts:1199:25)
    at Function.ConfBuilder.armarListado (/home/farmageo/api.farmageo.com.ar/app/Helper/configuraciones.ts:754:27)
    at /home/farmageo/api.farmageo.com.ar/app/Controllers/Http/ConfigsController.ts:146:36
    at Array.map (<anonymous>)
    at ConfigsController.ConfigPantalla (/home/farmageo/api.farmageo.com.ar/app/Controllers/Http/ConfigsController.ts:141:18)
    at processTicksAndRejections (node:internal/process/task_queues:96:5)
    at Object.PreCompiler.runRouteHandler [as fn] (/home/farmageo/api.farmageo.com.ar/node_modules/@adonisjs/http-server/build/src/Server/PreCompiler/index.js:47:31)
Thu Nov 10 2022 12:14:10 GMT-0300 (Argentina Standard Time) Error Handler: TypeError: Cannot read properties of undefined (reading 'Permisos')
    at eval (eval at <anonymous> (/home/farmageo/api.farmageo.com.ar/app/Helper/configuraciones.ts:1202:23), <anonymous>:1:18)
    at /home/farmageo/api.farmageo.com.ar/app/Helper/configuraciones.ts:1202:23
    at Array.map (<anonymous>)
    at Function.ConfBuilder.setOpciones (/home/farmageo/api.farmageo.com.ar/app/Helper/configuraciones.ts:1199:25)
    at Function.ConfBuilder.armarListado (/home/farmageo/api.farmageo.com.ar/app/Helper/configuraciones.ts:754:27)
    at /home/farmageo/api.farmageo.com.ar/app/Controllers/Http/ConfigsController.ts:146:36
    at Array.map (<anonymous>)
    at ConfigsController.ConfigPantalla (/home/farmageo/api.farmageo.com.ar/app/Controllers/Http/ConfigsController.ts:141:18)
    at processTicksAndRejections (node:internal/process/task_queues:96:5)
    at Object.PreCompiler.runRouteHandler [as fn] (/home/farmageo/api.farmageo.com.ar/node_modules/@adonisjs/http-server/build/src/Server/PreCompiler/index.js:47:31)
Thu Nov 10 2022 12:14:10 GMT-0300 (Argentina Standard Time) Error Handler: TypeError: Cannot read properties of undefined (reading 'Permisos')
    at eval (eval at <anonymous> (/home/farmageo/api.farmageo.com.ar/app/Helper/configuraciones.ts:1202:23), <anonymous>:1:18)
    at /home/farmageo/api.farmageo.com.ar/app/Helper/configuraciones.ts:1202:23
    at Array.map (<anonymous>)
    at Function.ConfBuilder.setOpciones (/home/farmageo/api.farmageo.com.ar/app/Helper/configuraciones.ts:1199:25)
    at Function.ConfBuilder.armarListado (/home/farmageo/api.farmageo.com.ar/app/Helper/configuraciones.ts:754:27)
    at /home/farmageo/api.farmageo.com.ar/app/Controllers/Http/ConfigsController.ts:146:36
    at Array.map (<anonymous>)
    at ConfigsController.ConfigPantalla (/home/farmageo/api.farmageo.com.ar/app/Controllers/Http/ConfigsController.ts:141:18)
    at processTicksAndRejections (node:internal/process/task_queues:96:5)
    at Object.PreCompiler.runRouteHandler [as fn] (/home/farmageo/api.farmageo.com.ar/node_modules/@adonisjs/http-server/build/src/Server/PreCompiler/index.js:47:31)
Thu Nov 10 2022 12:14:10 GMT-0300 (Argentina Standard Time) Error Handler: TypeError: Cannot read properties of undefined (reading 'Permisos')
    at eval (eval at <anonymous> (/home/farmageo/api.farmageo.com.ar/app/Helper/configuraciones.ts:1202:23), <anonymous>:1:18)
    at /home/farmageo/api.farmageo.com.ar/app/Helper/configuraciones.ts:1202:23
    at Array.map (<anonymous>)
    at Function.ConfBuilder.setOpciones (/home/farmageo/api.farmageo.com.ar/app/Helper/configuraciones.ts:1199:25)
    at Function.ConfBuilder.armarListado (/home/farmageo/api.farmageo.com.ar/app/Helper/configuraciones.ts:754:27)
    at /home/farmageo/api.farmageo.com.ar/app/Controllers/Http/ConfigsController.ts:146:36
    at Array.map (<anonymous>)
    at ConfigsController.ConfigPantalla (/home/farmageo/api.farmageo.com.ar/app/Controllers/Http/ConfigsController.ts:141:18)
    at processTicksAndRejections (node:internal/process/task_queues:96:5)
    at Object.PreCompiler.runRouteHandler [as fn] (/home/farmageo/api.farmageo.com.ar/node_modules/@adonisjs/http-server/build/src/Server/PreCompiler/index.js:47:31)
Thu Nov 10 2022 12:14:10 GMT-0300 (Argentina Standard Time) Error Handler: TypeError: Cannot read properties of undefined (reading 'Permisos')
    at eval (eval at <anonymous> (/home/farmageo/api.farmageo.com.ar/app/Helper/configuraciones.ts:1202:23), <anonymous>:1:18)
    at /home/farmageo/api.farmageo.com.ar/app/Helper/configuraciones.ts:1202:23
    at Array.map (<anonymous>)
    at Function.ConfBuilder.setOpciones (/home/farmageo/api.farmageo.com.ar/app/Helper/configuraciones.ts:1199:25)
    at Function.ConfBuilder.armarListado (/home/farmageo/api.farmageo.com.ar/app/Helper/configuraciones.ts:754:27)
    at /home/farmageo/api.farmageo.com.ar/app/Controllers/Http/ConfigsController.ts:146:36
    at Array.map (<anonymous>)
    at ConfigsController.ConfigPantalla (/home/farmageo/api.farmageo.com.ar/app/Controllers/Http/ConfigsController.ts:141:18)
    at processTicksAndRejections (node:internal/process/task_queues:96:5)
    at Object.PreCompiler.runRouteHandler [as fn] (/home/farmageo/api.farmageo.com.ar/node_modules/@adonisjs/http-server/build/src/Server/PreCompiler/index.js:47:31)
Thu Nov 10 2022 12:14:10 GMT-0300 (Argentina Standard Time) Error Handler: TypeError: Cannot read properties of undefined (reading 'Permisos')
    at eval (eval at <anonymous> (/home/farmageo/api.farmageo.com.ar/app/Helper/configuraciones.ts:1202:23), <anonymous>:1:18)
    at /home/farmageo/api.farmageo.com.ar/app/Helper/configuraciones.ts:1202:23
    at Array.map (<anonymous>)
    at Function.ConfBuilder.setOpciones (/home/farmageo/api.farmageo.com.ar/app/Helper/configuraciones.ts:1199:25)
    at Function.ConfBuilder.armarListado (/home/farmageo/api.farmageo.com.ar/app/Helper/configuraciones.ts:754:27)
    at /home/farmageo/api.farmageo.com.ar/app/Controllers/Http/ConfigsController.ts:146:36
    at Array.map (<anonymous>)
    at ConfigsController.ConfigPantalla (/home/farmageo/api.farmageo.com.ar/app/Controllers/Http/ConfigsController.ts:141:18)
    at processTicksAndRejections (node:internal/process/task_queues:96:5)
    at Object.PreCompiler.runRouteHandler [as fn] (/home/farmageo/api.farmageo.com.ar/node_modules/@adonisjs/http-server/build/src/Server/PreCompiler/index.js:47:31)
Thu Nov 10 2022 12:14:10 GMT-0300 (Argentina Standard Time) Error Handler: TypeError: Cannot read properties of undefined (reading 'Permisos')
    at eval (eval at <anonymous> (/home/farmageo/api.farmageo.com.ar/app/Helper/configuraciones.ts:1202:23), <anonymous>:1:18)
    at /home/farmageo/api.farmageo.com.ar/app/Helper/configuraciones.ts:1202:23
    at Array.map (<anonymous>)
    at Function.ConfBuilder.setOpciones (/home/farmageo/api.farmageo.com.ar/app/Helper/configuraciones.ts:1199:25)
    at Function.ConfBuilder.armarListado (/home/farmageo/api.farmageo.com.ar/app/Helper/configuraciones.ts:754:27)
    at /home/farmageo/api.farmageo.com.ar/app/Controllers/Http/ConfigsController.ts:146:36
    at Array.map (<anonymous>)
    at ConfigsController.ConfigPantalla (/home/farmageo/api.farmageo.com.ar/app/Controllers/Http/ConfigsController.ts:141:18)
    at processTicksAndRejections (node:internal/process/task_queues:96:5)
    at Object.PreCompiler.runRouteHandler [as fn] (/home/farmageo/api.farmageo.com.ar/node_modules/@adonisjs/http-server/build/src/Server/PreCompiler/index.js:47:31)
Thu Nov 10 2022 12:14:10 GMT-0300 (Argentina Standard Time) Error Handler: TypeError: Cannot read properties of undefined (reading 'Permisos')
    at eval (eval at <anonymous> (/home/farmageo/api.farmageo.com.ar/app/Helper/configuraciones.ts:1202:23), <anonymous>:1:18)
    at /home/farmageo/api.farmageo.com.ar/app/Helper/configuraciones.ts:1202:23
    at Array.map (<anonymous>)
    at Function.ConfBuilder.setOpciones (/home/farmageo/api.farmageo.com.ar/app/Helper/configuraciones.ts:1199:25)
    at Function.ConfBuilder.armarListado (/home/farmageo/api.farmageo.com.ar/app/Helper/configuraciones.ts:754:27)
    at /home/farmageo/api.farmageo.com.ar/app/Controllers/Http/ConfigsController.ts:146:36
    at Array.map (<anonymous>)
    at ConfigsController.ConfigPantalla (/home/farmageo/api.farmageo.com.ar/app/Controllers/Http/ConfigsController.ts:141:18)
    at processTicksAndRejections (node:internal/process/task_queues:96:5)
    at Object.PreCompiler.runRouteHandler [as fn] (/home/farmageo/api.farmageo.com.ar/node_modules/@adonisjs/http-server/build/src/Server/PreCompiler/index.js:47:31)
Thu Nov 10 2022 12:14:10 GMT-0300 (Argentina Standard Time) Error Handler: TypeError: Cannot read properties of undefined (reading 'Permisos')
    at eval (eval at <anonymous> (/home/farmageo/api.farmageo.com.ar/app/Helper/configuraciones.ts:1202:23), <anonymous>:1:18)
    at /home/farmageo/api.farmageo.com.ar/app/Helper/configuraciones.ts:1202:23
    at Array.map (<anonymous>)
    at Function.ConfBuilder.setOpciones (/home/farmageo/api.farmageo.com.ar/app/Helper/configuraciones.ts:1199:25)
    at Function.ConfBuilder.armarListado (/home/farmageo/api.farmageo.com.ar/app/Helper/configuraciones.ts:754:27)
    at /home/farmageo/api.farmageo.com.ar/app/Controllers/Http/ConfigsController.ts:146:36
    at Array.map (<anonymous>)
    at ConfigsController.ConfigPantalla (/home/farmageo/api.farmageo.com.ar/app/Controllers/Http/ConfigsController.ts:141:18)
    at processTicksAndRejections (node:internal/process/task_queues:96:5)
    at Object.PreCompiler.runRouteHandler [as fn] (/home/farmageo/api.farmageo.com.ar/node_modules/@adonisjs/http-server/build/src/Server/PreCompiler/index.js:47:31)
Thu Nov 10 2022 12:14:10 GMT-0300 (Argentina Standard Time) Error Handler: TypeError: Cannot read properties of undefined (reading 'Permisos')
    at eval (eval at <anonymous> (/home/farmageo/api.farmageo.com.ar/app/Helper/configuraciones.ts:1202:23), <anonymous>:1:18)
    at /home/farmageo/api.farmageo.com.ar/app/Helper/configuraciones.ts:1202:23
    at Array.map (<anonymous>)
    at Function.ConfBuilder.setOpciones (/home/farmageo/api.farmageo.com.ar/app/Helper/configuraciones.ts:1199:25)
    at Function.ConfBuilder.armarListado (/home/farmageo/api.farmageo.com.ar/app/Helper/configuraciones.ts:754:27)
    at /home/farmageo/api.farmageo.com.ar/app/Controllers/Http/ConfigsController.ts:146:36
    at Array.map (<anonymous>)
    at ConfigsController.ConfigPantalla (/home/farmageo/api.farmageo.com.ar/app/Controllers/Http/ConfigsController.ts:141:18)
    at processTicksAndRejections (node:internal/process/task_queues:96:5)
    at Object.PreCompiler.runRouteHandler [as fn] (/home/farmageo/api.farmageo.com.ar/node_modules/@adonisjs/http-server/build/src/Server/PreCompiler/index.js:47:31)
Thu Nov 10 2022 12:14:10 GMT-0300 (Argentina Standard Time) Error Handler: TypeError: Cannot read properties of undefined (reading 'Permisos')
    at eval (eval at <anonymous> (/home/farmageo/api.farmageo.com.ar/app/Helper/configuraciones.ts:1202:23), <anonymous>:1:18)
    at /home/farmageo/api.farmageo.com.ar/app/Helper/configuraciones.ts:1202:23
    at Array.map (<anonymous>)
    at Function.ConfBuilder.setOpciones (/home/farmageo/api.farmageo.com.ar/app/Helper/configuraciones.ts:1199:25)
    at Function.ConfBuilder.armarListado (/home/farmageo/api.farmageo.com.ar/app/Helper/configuraciones.ts:754:27)
    at /home/farmageo/api.farmageo.com.ar/app/Controllers/Http/ConfigsController.ts:146:36
    at Array.map (<anonymous>)
    at ConfigsController.ConfigPantalla (/home/farmageo/api.farmageo.com.ar/app/Controllers/Http/ConfigsController.ts:141:18)
    at processTicksAndRejections (node:internal/process/task_queues:96:5)
    at Object.PreCompiler.runRouteHandler [as fn] (/home/farmageo/api.farmageo.com.ar/node_modules/@adonisjs/http-server/build/src/Server/PreCompiler/index.js:47:31)
Thu Nov 10 2022 12:14:10 GMT-0300 (Argentina Standard Time) Error Handler: TypeError: Cannot read properties of undefined (reading 'Permisos')
    at eval (eval at <anonymous> (/home/farmageo/api.farmageo.com.ar/app/Helper/configuraciones.ts:1202:23), <anonymous>:1:18)
    at /home/farmageo/api.farmageo.com.ar/app/Helper/configuraciones.ts:1202:23
    at Array.map (<anonymous>)
    at Function.ConfBuilder.setOpciones (/home/farmageo/api.farmageo.com.ar/app/Helper/configuraciones.ts:1199:25)
    at Function.ConfBuilder.armarListado (/home/farmageo/api.farmageo.com.ar/app/Helper/configuraciones.ts:754:27)
    at /home/farmageo/api.farmageo.com.ar/app/Controllers/Http/ConfigsController.ts:146:36
    at Array.map (<anonymous>)
    at ConfigsController.ConfigPantalla (/home/farmageo/api.farmageo.com.ar/app/Controllers/Http/ConfigsController.ts:141:18)
    at processTicksAndRejections (node:internal/process/task_queues:96:5)
    at Object.PreCompiler.runRouteHandler [as fn] (/home/farmageo/api.farmageo.com.ar/node_modules/@adonisjs/http-server/build/src/Server/PreCompiler/index.js:47:31)
Thu Nov 10 2022 12:14:10 GMT-0300 (Argentina Standard Time) Error Handler: TypeError: Cannot read properties of undefined (reading 'Permisos')
    at eval (eval at <anonymous> (/home/farmageo/api.farmageo.com.ar/app/Helper/configuraciones.ts:1202:23), <anonymous>:1:18)
    at /home/farmageo/api.farmageo.com.ar/app/Helper/configuraciones.ts:1202:23
    at Array.map (<anonymous>)
    at Function.ConfBuilder.setOpciones (/home/farmageo/api.farmageo.com.ar/app/Helper/configuraciones.ts:1199:25)
    at Function.ConfBuilder.armarListado (/home/farmageo/api.farmageo.com.ar/app/Helper/configuraciones.ts:754:27)
    at /home/farmageo/api.farmageo.com.ar/app/Controllers/Http/ConfigsController.ts:146:36
    at Array.map (<anonymous>)
    at ConfigsController.ConfigPantalla (/home/farmageo/api.farmageo.com.ar/app/Controllers/Http/ConfigsController.ts:141:18)
    at processTicksAndRejections (node:internal/process/task_queues:96:5)
    at Object.PreCompiler.runRouteHandler [as fn] (/home/farmageo/api.farmageo.com.ar/node_modules/@adonisjs/http-server/build/src/Server/PreCompiler/index.js:47:31)
Thu Nov 10 2022 12:14:10 GMT-0300 (Argentina Standard Time) Error Handler: TypeError: Cannot read properties of undefined (reading 'Permisos')
    at eval (eval at <anonymous> (/home/farmageo/api.farmageo.com.ar/app/Helper/configuraciones.ts:1202:23), <anonymous>:1:18)
    at /home/farmageo/api.farmageo.com.ar/app/Helper/configuraciones.ts:1202:23
    at Array.map (<anonymous>)
    at Function.ConfBuilder.setOpciones (/home/farmageo/api.farmageo.com.ar/app/Helper/configuraciones.ts:1199:25)
    at Function.ConfBuilder.armarListado (/home/farmageo/api.farmageo.com.ar/app/Helper/configuraciones.ts:754:27)
    at /home/farmageo/api.farmageo.com.ar/app/Controllers/Http/ConfigsController.ts:146:36
    at Array.map (<anonymous>)
    at ConfigsController.ConfigPantalla (/home/farmageo/api.farmageo.com.ar/app/Controllers/Http/ConfigsController.ts:141:18)
    at processTicksAndRejections (node:internal/process/task_queues:96:5)
    at Object.PreCompiler.runRouteHandler [as fn] (/home/farmageo/api.farmageo.com.ar/node_modules/@adonisjs/http-server/build/src/Server/PreCompiler/index.js:47:31)
Thu Nov 10 2022 12:14:10 GMT-0300 (Argentina Standard Time) Error Handler: TypeError: Cannot read properties of undefined (reading 'Permisos')
    at eval (eval at <anonymous> (/home/farmageo/api.farmageo.com.ar/app/Helper/configuraciones.ts:1202:23), <anonymous>:1:18)
    at /home/farmageo/api.farmageo.com.ar/app/Helper/configuraciones.ts:1202:23
    at Array.map (<anonymous>)
    at Function.ConfBuilder.setOpciones (/home/farmageo/api.farmageo.com.ar/app/Helper/configuraciones.ts:1199:25)
    at Function.ConfBuilder.armarListado (/home/farmageo/api.farmageo.com.ar/app/Helper/configuraciones.ts:754:27)
    at /home/farmageo/api.farmageo.com.ar/app/Controllers/Http/ConfigsController.ts:146:36
    at Array.map (<anonymous>)
    at ConfigsController.ConfigPantalla (/home/farmageo/api.farmageo.com.ar/app/Controllers/Http/ConfigsController.ts:141:18)
    at processTicksAndRejections (node:internal/process/task_queues:96:5)
    at Object.PreCompiler.runRouteHandler [as fn] (/home/farmageo/api.farmageo.com.ar/node_modules/@adonisjs/http-server/build/src/Server/PreCompiler/index.js:47:31)
Thu Nov 10 2022 12:14:10 GMT-0300 (Argentina Standard Time) Error Handler: TypeError: Cannot read properties of undefined (reading 'Permisos')
    at eval (eval at <anonymous> (/home/farmageo/api.farmageo.com.ar/app/Helper/configuraciones.ts:1202:23), <anonymous>:1:18)
    at /home/farmageo/api.farmageo.com.ar/app/Helper/configuraciones.ts:1202:23
    at Array.map (<anonymous>)
    at Function.ConfBuilder.setOpciones (/home/farmageo/api.farmageo.com.ar/app/Helper/configuraciones.ts:1199:25)
    at Function.ConfBuilder.armarListado (/home/farmageo/api.farmageo.com.ar/app/Helper/configuraciones.ts:754:27)
    at /home/farmageo/api.farmageo.com.ar/app/Controllers/Http/ConfigsController.ts:146:36
    at Array.map (<anonymous>)
    at ConfigsController.ConfigPantalla (/home/farmageo/api.farmageo.com.ar/app/Controllers/Http/ConfigsController.ts:141:18)
    at processTicksAndRejections (node:internal/process/task_queues:96:5)
    at Object.PreCompiler.runRouteHandler [as fn] (/home/farmageo/api.farmageo.com.ar/node_modules/@adonisjs/http-server/build/src/Server/PreCompiler/index.js:47:31)
Thu Nov 10 2022 12:14:10 GMT-0300 (Argentina Standard Time) Error Handler: TypeError: Cannot read properties of undefined (reading 'Permisos')
    at eval (eval at <anonymous> (/home/farmageo/api.farmageo.com.ar/app/Helper/configuraciones.ts:1202:23), <anonymous>:1:18)
    at /home/farmageo/api.farmageo.com.ar/app/Helper/configuraciones.ts:1202:23
    at Array.map (<anonymous>)
    at Function.ConfBuilder.setOpciones (/home/farmageo/api.farmageo.com.ar/app/Helper/configuraciones.ts:1199:25)
    at Function.ConfBuilder.armarListado (/home/farmageo/api.farmageo.com.ar/app/Helper/configuraciones.ts:754:27)
    at /home/farmageo/api.farmageo.com.ar/app/Controllers/Http/ConfigsController.ts:146:36
    at Array.map (<anonymous>)
    at ConfigsController.ConfigPantalla (/home/farmageo/api.farmageo.com.ar/app/Controllers/Http/ConfigsController.ts:141:18)
    at processTicksAndRejections (node:internal/process/task_queues:96:5)
    at Object.PreCompiler.runRouteHandler [as fn] (/home/farmageo/api.farmageo.com.ar/node_modules/@adonisjs/http-server/build/src/Server/PreCompiler/index.js:47:31)
Thu Nov 10 2022 12:14:10 GMT-0300 (Argentina Standard Time) Error Handler: TypeError: Cannot read properties of undefined (reading 'Permisos')
    at eval (eval at <anonymous> (/home/farmageo/api.farmageo.com.ar/app/Helper/configuraciones.ts:1202:23), <anonymous>:1:18)
    at /home/farmageo/api.farmageo.com.ar/app/Helper/configuraciones.ts:1202:23
    at Array.map (<anonymous>)
    at Function.ConfBuilder.setOpciones (/home/farmageo/api.farmageo.com.ar/app/Helper/configuraciones.ts:1199:25)
    at Function.ConfBuilder.armarListado (/home/farmageo/api.farmageo.com.ar/app/Helper/configuraciones.ts:754:27)
    at /home/farmageo/api.farmageo.com.ar/app/Controllers/Http/ConfigsController.ts:146:36
    at Array.map (<anonymous>)
    at ConfigsController.ConfigPantalla (/home/farmageo/api.farmageo.com.ar/app/Controllers/Http/ConfigsController.ts:141:18)
    at processTicksAndRejections (node:internal/process/task_queues:96:5)
    at Object.PreCompiler.runRouteHandler [as fn] (/home/farmageo/api.farmageo.com.ar/node_modules/@adonisjs/http-server/build/src/Server/PreCompiler/index.js:47:31)
Thu Nov 10 2022 12:14:10 GMT-0300 (Argentina Standard Time) Error Handler: TypeError: Cannot read properties of undefined (reading 'Permisos')
    at eval (eval at <anonymous> (/home/farmageo/api.farmageo.com.ar/app/Helper/configuraciones.ts:1202:23), <anonymous>:1:18)
    at /home/farmageo/api.farmageo.com.ar/app/Helper/configuraciones.ts:1202:23
    at Array.map (<anonymous>)
    at Function.ConfBuilder.setOpciones (/home/farmageo/api.farmageo.com.ar/app/Helper/configuraciones.ts:1199:25)
    at Function.ConfBuilder.armarListado (/home/farmageo/api.farmageo.com.ar/app/Helper/configuraciones.ts:754:27)
    at /home/farmageo/api.farmageo.com.ar/app/Controllers/Http/ConfigsController.ts:146:36
    at Array.map (<anonymous>)
    at ConfigsController.ConfigPantalla (/home/farmageo/api.farmageo.com.ar/app/Controllers/Http/ConfigsController.ts:141:18)
    at processTicksAndRejections (node:internal/process/task_queues:96:5)
    at Object.PreCompiler.runRouteHandler [as fn] (/home/farmageo/api.farmageo.com.ar/node_modules/@adonisjs/http-server/build/src/Server/PreCompiler/index.js:47:31)
Thu Nov 10 2022 12:14:10 GMT-0300 (Argentina Standard Time) Error Handler: TypeError: Cannot read properties of undefined (reading 'Permisos')
    at eval (eval at <anonymous> (/home/farmageo/api.farmageo.com.ar/app/Helper/configuraciones.ts:1202:23), <anonymous>:1:18)
    at /home/farmageo/api.farmageo.com.ar/app/Helper/configuraciones.ts:1202:23
    at Array.map (<anonymous>)
    at Function.ConfBuilder.setOpciones (/home/farmageo/api.farmageo.com.ar/app/Helper/configuraciones.ts:1199:25)
    at Function.ConfBuilder.armarListado (/home/farmageo/api.farmageo.com.ar/app/Helper/configuraciones.ts:754:27)
    at /home/farmageo/api.farmageo.com.ar/app/Controllers/Http/ConfigsController.ts:146:36
    at Array.map (<anonymous>)
    at ConfigsController.ConfigPantalla (/home/farmageo/api.farmageo.com.ar/app/Controllers/Http/ConfigsController.ts:141:18)
    at processTicksAndRejections (node:internal/process/task_queues:96:5)
    at Object.PreCompiler.runRouteHandler [as fn] (/home/farmageo/api.farmageo.com.ar/node_modules/@adonisjs/http-server/build/src/Server/PreCompiler/index.js:47:31)
Thu Nov 10 2022 12:14:10 GMT-0300 (Argentina Standard Time) Error Handler: TypeError: Cannot read properties of undefined (reading 'Permisos')
    at eval (eval at <anonymous> (/home/farmageo/api.farmageo.com.ar/app/Helper/configuraciones.ts:1202:23), <anonymous>:1:18)
    at /home/farmageo/api.farmageo.com.ar/app/Helper/configuraciones.ts:1202:23
    at Array.map (<anonymous>)
    at Function.ConfBuilder.setOpciones (/home/farmageo/api.farmageo.com.ar/app/Helper/configuraciones.ts:1199:25)
    at Function.ConfBuilder.armarListado (/home/farmageo/api.farmageo.com.ar/app/Helper/configuraciones.ts:754:27)
    at /home/farmageo/api.farmageo.com.ar/app/Controllers/Http/ConfigsController.ts:146:36
    at Array.map (<anonymous>)
    at ConfigsController.ConfigPantalla (/home/farmageo/api.farmageo.com.ar/app/Controllers/Http/ConfigsController.ts:141:18)
    at processTicksAndRejections (node:internal/process/task_queues:96:5)
    at Object.PreCompiler.runRouteHandler [as fn] (/home/farmageo/api.farmageo.com.ar/node_modules/@adonisjs/http-server/build/src/Server/PreCompiler/index.js:47:31)
Thu Nov 10 2022 12:14:10 GMT-0300 (Argentina Standard Time) Error Handler: TypeError: Cannot read properties of undefined (reading 'Permisos')
    at eval (eval at <anonymous> (/home/farmageo/api.farmageo.com.ar/app/Helper/configuraciones.ts:1202:23), <anonymous>:1:18)
    at /home/farmageo/api.farmageo.com.ar/app/Helper/configuraciones.ts:1202:23
    at Array.map (<anonymous>)
    at Function.ConfBuilder.setOpciones (/home/farmageo/api.farmageo.com.ar/app/Helper/configuraciones.ts:1199:25)
    at Function.ConfBuilder.armarListado (/home/farmageo/api.farmageo.com.ar/app/Helper/configuraciones.ts:754:27)
    at /home/farmageo/api.farmageo.com.ar/app/Controllers/Http/ConfigsController.ts:146:36
    at Array.map (<anonymous>)
    at ConfigsController.ConfigPantalla (/home/farmageo/api.farmageo.com.ar/app/Controllers/Http/ConfigsController.ts:141:18)
    at processTicksAndRejections (node:internal/process/task_queues:96:5)
    at Object.PreCompiler.runRouteHandler [as fn] (/home/farmageo/api.farmageo.com.ar/node_modules/@adonisjs/http-server/build/src/Server/PreCompiler/index.js:47:31)
Thu Nov 10 2022 12:14:10 GMT-0300 (Argentina Standard Time) Error Handler: TypeError: Cannot read properties of undefined (reading 'Permisos')
    at eval (eval at <anonymous> (/home/farmageo/api.farmageo.com.ar/app/Helper/configuraciones.ts:1202:23), <anonymous>:1:18)
    at /home/farmageo/api.farmageo.com.ar/app/Helper/configuraciones.ts:1202:23
    at Array.map (<anonymous>)
    at Function.ConfBuilder.setOpciones (/home/farmageo/api.farmageo.com.ar/app/Helper/configuraciones.ts:1199:25)
    at Function.ConfBuilder.armarListado (/home/farmageo/api.farmageo.com.ar/app/Helper/configuraciones.ts:754:27)
    at /home/farmageo/api.farmageo.com.ar/app/Controllers/Http/ConfigsController.ts:146:36
    at Array.map (<anonymous>)
    at ConfigsController.ConfigPantalla (/home/farmageo/api.farmageo.com.ar/app/Controllers/Http/ConfigsController.ts:141:18)
    at processTicksAndRejections (node:internal/process/task_queues:96:5)
    at Object.PreCompiler.runRouteHandler [as fn] (/home/farmageo/api.farmageo.com.ar/node_modules/@adonisjs/http-server/build/src/Server/PreCompiler/index.js:47:31)
Thu Nov 10 2022 12:14:10 GMT-0300 (Argentina Standard Time) Error Handler: TypeError: Cannot read properties of undefined (reading 'Permisos')
    at eval (eval at <anonymous> (/home/farmageo/api.farmageo.com.ar/app/Helper/configuraciones.ts:1202:23), <anonymous>:1:18)
    at /home/farmageo/api.farmageo.com.ar/app/Helper/configuraciones.ts:1202:23
    at Array.map (<anonymous>)
    at Function.ConfBuilder.setOpciones (/home/farmageo/api.farmageo.com.ar/app/Helper/configuraciones.ts:1199:25)
    at Function.ConfBuilder.armarListado (/home/farmageo/api.farmageo.com.ar/app/Helper/configuraciones.ts:754:27)
    at /home/farmageo/api.farmageo.com.ar/app/Controllers/Http/ConfigsController.ts:146:36
    at Array.map (<anonymous>)
    at ConfigsController.ConfigPantalla (/home/farmageo/api.farmageo.com.ar/app/Controllers/Http/ConfigsController.ts:141:18)
    at processTicksAndRejections (node:internal/process/task_queues:96:5)
    at Object.PreCompiler.runRouteHandler [as fn] (/home/farmageo/api.farmageo.com.ar/node_modules/@adonisjs/http-server/build/src/Server/PreCompiler/index.js:47:31)
Thu Nov 10 2022 12:14:10 GMT-0300 (Argentina Standard Time) Error Handler: TypeError: Cannot read properties of undefined (reading 'Permisos')
    at eval (eval at <anonymous> (/home/farmageo/api.farmageo.com.ar/app/Helper/configuraciones.ts:1202:23), <anonymous>:1:18)
    at /home/farmageo/api.farmageo.com.ar/app/Helper/configuraciones.ts:1202:23
    at Array.map (<anonymous>)
    at Function.ConfBuilder.setOpciones (/home/farmageo/api.farmageo.com.ar/app/Helper/configuraciones.ts:1199:25)
    at Function.ConfBuilder.armarListado (/home/farmageo/api.farmageo.com.ar/app/Helper/configuraciones.ts:754:27)
    at /home/farmageo/api.farmageo.com.ar/app/Controllers/Http/ConfigsController.ts:146:36
    at Array.map (<anonymous>)
    at ConfigsController.ConfigPantalla (/home/farmageo/api.farmageo.com.ar/app/Controllers/Http/ConfigsController.ts:141:18)
    at processTicksAndRejections (node:internal/process/task_queues:96:5)
    at Object.PreCompiler.runRouteHandler [as fn] (/home/farmageo/api.farmageo.com.ar/node_modules/@adonisjs/http-server/build/src/Server/PreCompiler/index.js:47:31)
Thu Nov 10 2022 12:14:10 GMT-0300 (Argentina Standard Time) Error Handler: TypeError: Cannot read properties of undefined (reading 'Permisos')
    at eval (eval at <anonymous> (/home/farmageo/api.farmageo.com.ar/app/Helper/configuraciones.ts:1202:23), <anonymous>:1:18)
    at /home/farmageo/api.farmageo.com.ar/app/Helper/configuraciones.ts:1202:23
    at Array.map (<anonymous>)
    at Function.ConfBuilder.setOpciones (/home/farmageo/api.farmageo.com.ar/app/Helper/configuraciones.ts:1199:25)
    at Function.ConfBuilder.armarListado (/home/farmageo/api.farmageo.com.ar/app/Helper/configuraciones.ts:754:27)
    at /home/farmageo/api.farmageo.com.ar/app/Controllers/Http/ConfigsController.ts:146:36
    at Array.map (<anonymous>)
    at ConfigsController.ConfigPantalla (/home/farmageo/api.farmageo.com.ar/app/Controllers/Http/ConfigsController.ts:141:18)
    at processTicksAndRejections (node:internal/process/task_queues:96:5)
    at Object.PreCompiler.runRouteHandler [as fn] (/home/farmageo/api.farmageo.com.ar/node_modules/@adonisjs/http-server/build/src/Server/PreCompiler/index.js:47:31)
Thu Nov 10 2022 12:14:10 GMT-0300 (Argentina Standard Time) Error Handler: TypeError: Cannot read properties of undefined (reading 'Permisos')
    at eval (eval at <anonymous> (/home/farmageo/api.farmageo.com.ar/app/Helper/configuraciones.ts:1202:23), <anonymous>:1:18)
    at /home/farmageo/api.farmageo.com.ar/app/Helper/configuraciones.ts:1202:23
    at Array.map (<anonymous>)
    at Function.ConfBuilder.setOpciones (/home/farmageo/api.farmageo.com.ar/app/Helper/configuraciones.ts:1199:25)
    at Function.ConfBuilder.armarListado (/home/farmageo/api.farmageo.com.ar/app/Helper/configuraciones.ts:754:27)
    at /home/farmageo/api.farmageo.com.ar/app/Controllers/Http/ConfigsController.ts:146:36
    at Array.map (<anonymous>)
    at ConfigsController.ConfigPantalla (/home/farmageo/api.farmageo.com.ar/app/Controllers/Http/ConfigsController.ts:141:18)
    at processTicksAndRejections (node:internal/process/task_queues:96:5)
    at Object.PreCompiler.runRouteHandler [as fn] (/home/farmageo/api.farmageo.com.ar/node_modules/@adonisjs/http-server/build/src/Server/PreCompiler/index.js:47:31)
Thu Nov 10 2022 12:14:10 GMT-0300 (Argentina Standard Time) Error Handler: TypeError: Cannot read properties of undefined (reading 'Permisos')
    at eval (eval at <anonymous> (/home/farmageo/api.farmageo.com.ar/app/Helper/configuraciones.ts:1202:23), <anonymous>:1:18)
    at /home/farmageo/api.farmageo.com.ar/app/Helper/configuraciones.ts:1202:23
    at Array.map (<anonymous>)
    at Function.ConfBuilder.setOpciones (/home/farmageo/api.farmageo.com.ar/app/Helper/configuraciones.ts:1199:25)
    at Function.ConfBuilder.armarListado (/home/farmageo/api.farmageo.com.ar/app/Helper/configuraciones.ts:754:27)
    at /home/farmageo/api.farmageo.com.ar/app/Controllers/Http/ConfigsController.ts:146:36
    at Array.map (<anonymous>)
    at ConfigsController.ConfigPantalla (/home/farmageo/api.farmageo.com.ar/app/Controllers/Http/ConfigsController.ts:141:18)
    at processTicksAndRejections (node:internal/process/task_queues:96:5)
    at Object.PreCompiler.runRouteHandler [as fn] (/home/farmageo/api.farmageo.com.ar/node_modules/@adonisjs/http-server/build/src/Server/PreCompiler/index.js:47:31)
Thu Nov 10 2022 12:14:10 GMT-0300 (Argentina Standard Time) Error Handler: TypeError: Cannot read properties of undefined (reading 'Permisos')
    at eval (eval at <anonymous> (/home/farmageo/api.farmageo.com.ar/app/Helper/configuraciones.ts:1202:23), <anonymous>:1:18)
    at /home/farmageo/api.farmageo.com.ar/app/Helper/configuraciones.ts:1202:23
    at Array.map (<anonymous>)
    at Function.ConfBuilder.setOpciones (/home/farmageo/api.farmageo.com.ar/app/Helper/configuraciones.ts:1199:25)
    at Function.ConfBuilder.armarListado (/home/farmageo/api.farmageo.com.ar/app/Helper/configuraciones.ts:754:27)
    at /home/farmageo/api.farmageo.com.ar/app/Controllers/Http/ConfigsController.ts:146:36
    at Array.map (<anonymous>)
    at ConfigsController.ConfigPantalla (/home/farmageo/api.farmageo.com.ar/app/Controllers/Http/ConfigsController.ts:141:18)
    at processTicksAndRejections (node:internal/process/task_queues:96:5)
    at Object.PreCompiler.runRouteHandler [as fn] (/home/farmageo/api.farmageo.com.ar/node_modules/@adonisjs/http-server/build/src/Server/PreCompiler/index.js:47:31)
Thu Nov 10 2022 12:14:10 GMT-0300 (Argentina Standard Time) Error Handler: TypeError: Cannot read properties of undefined (reading 'Permisos')
    at eval (eval at <anonymous> (/home/farmageo/api.farmageo.com.ar/app/Helper/configuraciones.ts:1202:23), <anonymous>:1:18)
    at /home/farmageo/api.farmageo.com.ar/app/Helper/configuraciones.ts:1202:23
    at Array.map (<anonymous>)
    at Function.ConfBuilder.setOpciones (/home/farmageo/api.farmageo.com.ar/app/Helper/configuraciones.ts:1199:25)
    at Function.ConfBuilder.armarListado (/home/farmageo/api.farmageo.com.ar/app/Helper/configuraciones.ts:754:27)
    at /home/farmageo/api.farmageo.com.ar/app/Controllers/Http/ConfigsController.ts:146:36
    at Array.map (<anonymous>)
    at ConfigsController.ConfigPantalla (/home/farmageo/api.farmageo.com.ar/app/Controllers/Http/ConfigsController.ts:141:18)
    at processTicksAndRejections (node:internal/process/task_queues:96:5)
    at Object.PreCompiler.runRouteHandler [as fn] (/home/farmageo/api.farmageo.com.ar/node_modules/@adonisjs/http-server/build/src/Server/PreCompiler/index.js:47:31)
Thu Nov 10 2022 12:14:10 GMT-0300 (Argentina Standard Time) Error Handler: TypeError: Cannot read properties of undefined (reading 'Permisos')
    at eval (eval at <anonymous> (/home/farmageo/api.farmageo.com.ar/app/Helper/configuraciones.ts:1202:23), <anonymous>:1:18)
    at /home/farmageo/api.farmageo.com.ar/app/Helper/configuraciones.ts:1202:23
    at Array.map (<anonymous>)
    at Function.ConfBuilder.setOpciones (/home/farmageo/api.farmageo.com.ar/app/Helper/configuraciones.ts:1199:25)
    at Function.ConfBuilder.armarListado (/home/farmageo/api.farmageo.com.ar/app/Helper/configuraciones.ts:754:27)
    at /home/farmageo/api.farmageo.com.ar/app/Controllers/Http/ConfigsController.ts:146:36
    at Array.map (<anonymous>)
    at ConfigsController.ConfigPantalla (/home/farmageo/api.farmageo.com.ar/app/Controllers/Http/ConfigsController.ts:141:18)
    at processTicksAndRejections (node:internal/process/task_queues:96:5)
    at Object.PreCompiler.runRouteHandler [as fn] (/home/farmageo/api.farmageo.com.ar/node_modules/@adonisjs/http-server/build/src/Server/PreCompiler/index.js:47:31)
Thu Nov 10 2022 12:14:10 GMT-0300 (Argentina Standard Time) Error Handler: TypeError: Cannot read properties of undefined (reading 'Permisos')
    at eval (eval at <anonymous> (/home/farmageo/api.farmageo.com.ar/app/Helper/configuraciones.ts:1202:23), <anonymous>:1:18)
    at /home/farmageo/api.farmageo.com.ar/app/Helper/configuraciones.ts:1202:23
    at Array.map (<anonymous>)
    at Function.ConfBuilder.setOpciones (/home/farmageo/api.farmageo.com.ar/app/Helper/configuraciones.ts:1199:25)
    at Function.ConfBuilder.armarListado (/home/farmageo/api.farmageo.com.ar/app/Helper/configuraciones.ts:754:27)
    at /home/farmageo/api.farmageo.com.ar/app/Controllers/Http/ConfigsController.ts:146:36
    at Array.map (<anonymous>)
    at ConfigsController.ConfigPantalla (/home/farmageo/api.farmageo.com.ar/app/Controllers/Http/ConfigsController.ts:141:18)
    at processTicksAndRejections (node:internal/process/task_queues:96:5)
    at Object.PreCompiler.runRouteHandler [as fn] (/home/farmageo/api.farmageo.com.ar/node_modules/@adonisjs/http-server/build/src/Server/PreCompiler/index.js:47:31)
Thu Nov 10 2022 12:14:10 GMT-0300 (Argentina Standard Time) Error Handler: TypeError: Cannot read properties of undefined (reading 'Permisos')
    at eval (eval at <anonymous> (/home/farmageo/api.farmageo.com.ar/app/Helper/configuraciones.ts:1202:23), <anonymous>:1:18)
    at /home/farmageo/api.farmageo.com.ar/app/Helper/configuraciones.ts:1202:23
    at Array.map (<anonymous>)
    at Function.ConfBuilder.setOpciones (/home/farmageo/api.farmageo.com.ar/app/Helper/configuraciones.ts:1199:25)
    at Function.ConfBuilder.armarListado (/home/farmageo/api.farmageo.com.ar/app/Helper/configuraciones.ts:754:27)
    at /home/farmageo/api.farmageo.com.ar/app/Controllers/Http/ConfigsController.ts:146:36
    at Array.map (<anonymous>)
    at ConfigsController.ConfigPantalla (/home/farmageo/api.farmageo.com.ar/app/Controllers/Http/ConfigsController.ts:141:18)
    at processTicksAndRejections (node:internal/process/task_queues:96:5)
    at Object.PreCompiler.runRouteHandler [as fn] (/home/farmageo/api.farmageo.com.ar/node_modules/@adonisjs/http-server/build/src/Server/PreCompiler/index.js:47:31)
Thu Nov 10 2022 12:14:10 GMT-0300 (Argentina Standard Time) Error Handler: TypeError: Cannot read properties of undefined (reading 'Permisos')
    at eval (eval at <anonymous> (/home/farmageo/api.farmageo.com.ar/app/Helper/configuraciones.ts:1202:23), <anonymous>:1:18)
    at /home/farmageo/api.farmageo.com.ar/app/Helper/configuraciones.ts:1202:23
    at Array.map (<anonymous>)
    at Function.ConfBuilder.setOpciones (/home/farmageo/api.farmageo.com.ar/app/Helper/configuraciones.ts:1199:25)
    at Function.ConfBuilder.armarListado (/home/farmageo/api.farmageo.com.ar/app/Helper/configuraciones.ts:754:27)
    at /home/farmageo/api.farmageo.com.ar/app/Controllers/Http/ConfigsController.ts:146:36
    at Array.map (<anonymous>)
    at ConfigsController.ConfigPantalla (/home/farmageo/api.farmageo.com.ar/app/Controllers/Http/ConfigsController.ts:141:18)
    at processTicksAndRejections (node:internal/process/task_queues:96:5)
    at Object.PreCompiler.runRouteHandler [as fn] (/home/farmageo/api.farmageo.com.ar/node_modules/@adonisjs/http-server/build/src/Server/PreCompiler/index.js:47:31)
Thu Nov 10 2022 12:14:10 GMT-0300 (Argentina Standard Time) Error Handler: TypeError: Cannot read properties of undefined (reading 'Permisos')
    at eval (eval at <anonymous> (/home/farmageo/api.farmageo.com.ar/app/Helper/configuraciones.ts:1202:23), <anonymous>:1:18)
    at /home/farmageo/api.farmageo.com.ar/app/Helper/configuraciones.ts:1202:23
    at Array.map (<anonymous>)
    at Function.ConfBuilder.setOpciones (/home/farmageo/api.farmageo.com.ar/app/Helper/configuraciones.ts:1199:25)
    at Function.ConfBuilder.armarListado (/home/farmageo/api.farmageo.com.ar/app/Helper/configuraciones.ts:754:27)
    at /home/farmageo/api.farmageo.com.ar/app/Controllers/Http/ConfigsController.ts:146:36
    at Array.map (<anonymous>)
    at ConfigsController.ConfigPantalla (/home/farmageo/api.farmageo.com.ar/app/Controllers/Http/ConfigsController.ts:141:18)
    at processTicksAndRejections (node:internal/process/task_queues:96:5)
    at Object.PreCompiler.runRouteHandler [as fn] (/home/farmageo/api.farmageo.com.ar/node_modules/@adonisjs/http-server/build/src/Server/PreCompiler/index.js:47:31)
Thu Nov 10 2022 12:14:10 GMT-0300 (Argentina Standard Time) Error Handler: TypeError: Cannot read properties of undefined (reading 'Permisos')
    at eval (eval at <anonymous> (/home/farmageo/api.farmageo.com.ar/app/Helper/configuraciones.ts:1202:23), <anonymous>:1:18)
    at /home/farmageo/api.farmageo.com.ar/app/Helper/configuraciones.ts:1202:23
    at Array.map (<anonymous>)
    at Function.ConfBuilder.setOpciones (/home/farmageo/api.farmageo.com.ar/app/Helper/configuraciones.ts:1199:25)
    at Function.ConfBuilder.armarListado (/home/farmageo/api.farmageo.com.ar/app/Helper/configuraciones.ts:754:27)
    at /home/farmageo/api.farmageo.com.ar/app/Controllers/Http/ConfigsController.ts:146:36
    at Array.map (<anonymous>)
    at ConfigsController.ConfigPantalla (/home/farmageo/api.farmageo.com.ar/app/Controllers/Http/ConfigsController.ts:141:18)
    at processTicksAndRejections (node:internal/process/task_queues:96:5)
    at Object.PreCompiler.runRouteHandler [as fn] (/home/farmageo/api.farmageo.com.ar/node_modules/@adonisjs/http-server/build/src/Server/PreCompiler/index.js:47:31)
Thu Nov 10 2022 12:14:10 GMT-0300 (Argentina Standard Time) Error Handler: TypeError: Cannot read properties of undefined (reading 'Permisos')
    at eval (eval at <anonymous> (/home/farmageo/api.farmageo.com.ar/app/Helper/configuraciones.ts:1202:23), <anonymous>:1:18)
    at /home/farmageo/api.farmageo.com.ar/app/Helper/configuraciones.ts:1202:23
    at Array.map (<anonymous>)
    at Function.ConfBuilder.setOpciones (/home/farmageo/api.farmageo.com.ar/app/Helper/configuraciones.ts:1199:25)
    at Function.ConfBuilder.armarListado (/home/farmageo/api.farmageo.com.ar/app/Helper/configuraciones.ts:754:27)
    at /home/farmageo/api.farmageo.com.ar/app/Controllers/Http/ConfigsController.ts:146:36
    at Array.map (<anonymous>)
    at ConfigsController.ConfigPantalla (/home/farmageo/api.farmageo.com.ar/app/Controllers/Http/ConfigsController.ts:141:18)
    at processTicksAndRejections (node:internal/process/task_queues:96:5)
    at Object.PreCompiler.runRouteHandler [as fn] (/home/farmageo/api.farmageo.com.ar/node_modules/@adonisjs/http-server/build/src/Server/PreCompiler/index.js:47:31)
Thu Nov 10 2022 12:14:10 GMT-0300 (Argentina Standard Time) Error Handler: TypeError: Cannot read properties of undefined (reading 'Permisos')
    at eval (eval at <anonymous> (/home/farmageo/api.farmageo.com.ar/app/Helper/configuraciones.ts:1202:23), <anonymous>:1:18)
    at /home/farmageo/api.farmageo.com.ar/app/Helper/configuraciones.ts:1202:23
    at Array.map (<anonymous>)
    at Function.ConfBuilder.setOpciones (/home/farmageo/api.farmageo.com.ar/app/Helper/configuraciones.ts:1199:25)
    at Function.ConfBuilder.armarListado (/home/farmageo/api.farmageo.com.ar/app/Helper/configuraciones.ts:754:27)
    at /home/farmageo/api.farmageo.com.ar/app/Controllers/Http/ConfigsController.ts:146:36
    at Array.map (<anonymous>)
    at ConfigsController.ConfigPantalla (/home/farmageo/api.farmageo.com.ar/app/Controllers/Http/ConfigsController.ts:141:18)
    at processTicksAndRejections (node:internal/process/task_queues:96:5)
    at Object.PreCompiler.runRouteHandler [as fn] (/home/farmageo/api.farmageo.com.ar/node_modules/@adonisjs/http-server/build/src/Server/PreCompiler/index.js:47:31)
Thu Nov 10 2022 12:14:10 GMT-0300 (Argentina Standard Time) Error Handler: TypeError: Cannot read properties of undefined (reading 'Permisos')
    at eval (eval at <anonymous> (/home/farmageo/api.farmageo.com.ar/app/Helper/configuraciones.ts:1202:23), <anonymous>:1:18)
    at /home/farmageo/api.farmageo.com.ar/app/Helper/configuraciones.ts:1202:23
    at Array.map (<anonymous>)
    at Function.ConfBuilder.setOpciones (/home/farmageo/api.farmageo.com.ar/app/Helper/configuraciones.ts:1199:25)
    at Function.ConfBuilder.armarListado (/home/farmageo/api.farmageo.com.ar/app/Helper/configuraciones.ts:754:27)
    at /home/farmageo/api.farmageo.com.ar/app/Controllers/Http/ConfigsController.ts:146:36
    at Array.map (<anonymous>)
    at ConfigsController.ConfigPantalla (/home/farmageo/api.farmageo.com.ar/app/Controllers/Http/ConfigsController.ts:141:18)
    at processTicksAndRejections (node:internal/process/task_queues:96:5)
    at Object.PreCompiler.runRouteHandler [as fn] (/home/farmageo/api.farmageo.com.ar/node_modules/@adonisjs/http-server/build/src/Server/PreCompiler/index.js:47:31)
Thu Nov 10 2022 12:14:10 GMT-0300 (Argentina Standard Time) Error Handler: TypeError: Cannot read properties of undefined (reading 'Permisos')
    at eval (eval at <anonymous> (/home/farmageo/api.farmageo.com.ar/app/Helper/configuraciones.ts:1202:23), <anonymous>:1:18)
    at /home/farmageo/api.farmageo.com.ar/app/Helper/configuraciones.ts:1202:23
    at Array.map (<anonymous>)
    at Function.ConfBuilder.setOpciones (/home/farmageo/api.farmageo.com.ar/app/Helper/configuraciones.ts:1199:25)
    at Function.ConfBuilder.armarListado (/home/farmageo/api.farmageo.com.ar/app/Helper/configuraciones.ts:754:27)
    at /home/farmageo/api.farmageo.com.ar/app/Controllers/Http/ConfigsController.ts:146:36
    at Array.map (<anonymous>)
    at ConfigsController.ConfigPantalla (/home/farmageo/api.farmageo.com.ar/app/Controllers/Http/ConfigsController.ts:141:18)
    at processTicksAndRejections (node:internal/process/task_queues:96:5)
    at Object.PreCompiler.runRouteHandler [as fn] (/home/farmageo/api.farmageo.com.ar/node_modules/@adonisjs/http-server/build/src/Server/PreCompiler/index.js:47:31)
Thu Nov 10 2022 12:14:10 GMT-0300 (Argentina Standard Time) Error Handler: TypeError: Cannot read properties of undefined (reading 'Permisos')
    at eval (eval at <anonymous> (/home/farmageo/api.farmageo.com.ar/app/Helper/configuraciones.ts:1202:23), <anonymous>:1:18)
    at /home/farmageo/api.farmageo.com.ar/app/Helper/configuraciones.ts:1202:23
    at Array.map (<anonymous>)
    at Function.ConfBuilder.setOpciones (/home/farmageo/api.farmageo.com.ar/app/Helper/configuraciones.ts:1199:25)
    at Function.ConfBuilder.armarListado (/home/farmageo/api.farmageo.com.ar/app/Helper/configuraciones.ts:754:27)
    at /home/farmageo/api.farmageo.com.ar/app/Controllers/Http/ConfigsController.ts:146:36
    at Array.map (<anonymous>)
    at ConfigsController.ConfigPantalla (/home/farmageo/api.farmageo.com.ar/app/Controllers/Http/ConfigsController.ts:141:18)
    at processTicksAndRejections (node:internal/process/task_queues:96:5)
    at Object.PreCompiler.runRouteHandler [as fn] (/home/farmageo/api.farmageo.com.ar/node_modules/@adonisjs/http-server/build/src/Server/PreCompiler/index.js:47:31)
Thu Nov 10 2022 12:14:10 GMT-0300 (Argentina Standard Time) Error Handler: TypeError: Cannot read properties of undefined (reading 'Permisos')
    at eval (eval at <anonymous> (/home/farmageo/api.farmageo.com.ar/app/Helper/configuraciones.ts:1202:23), <anonymous>:1:18)
    at /home/farmageo/api.farmageo.com.ar/app/Helper/configuraciones.ts:1202:23
    at Array.map (<anonymous>)
    at Function.ConfBuilder.setOpciones (/home/farmageo/api.farmageo.com.ar/app/Helper/configuraciones.ts:1199:25)
    at Function.ConfBuilder.armarListado (/home/farmageo/api.farmageo.com.ar/app/Helper/configuraciones.ts:754:27)
    at /home/farmageo/api.farmageo.com.ar/app/Controllers/Http/ConfigsController.ts:146:36
    at Array.map (<anonymous>)
    at ConfigsController.ConfigPantalla (/home/farmageo/api.farmageo.com.ar/app/Controllers/Http/ConfigsController.ts:141:18)
    at processTicksAndRejections (node:internal/process/task_queues:96:5)
    at Object.PreCompiler.runRouteHandler [as fn] (/home/farmageo/api.farmageo.com.ar/node_modules/@adonisjs/http-server/build/src/Server/PreCompiler/index.js:47:31)
Thu Nov 10 2022 12:14:10 GMT-0300 (Argentina Standard Time) Error Handler: TypeError: Cannot read properties of undefined (reading 'Permisos')
    at eval (eval at <anonymous> (/home/farmageo/api.farmageo.com.ar/app/Helper/configuraciones.ts:1202:23), <anonymous>:1:18)
    at /home/farmageo/api.farmageo.com.ar/app/Helper/configuraciones.ts:1202:23
    at Array.map (<anonymous>)
    at Function.ConfBuilder.setOpciones (/home/farmageo/api.farmageo.com.ar/app/Helper/configuraciones.ts:1199:25)
    at Function.ConfBuilder.armarListado (/home/farmageo/api.farmageo.com.ar/app/Helper/configuraciones.ts:754:27)
    at /home/farmageo/api.farmageo.com.ar/app/Controllers/Http/ConfigsController.ts:146:36
    at Array.map (<anonymous>)
    at ConfigsController.ConfigPantalla (/home/farmageo/api.farmageo.com.ar/app/Controllers/Http/ConfigsController.ts:141:18)
    at processTicksAndRejections (node:internal/process/task_queues:96:5)
    at Object.PreCompiler.runRouteHandler [as fn] (/home/farmageo/api.farmageo.com.ar/node_modules/@adonisjs/http-server/build/src/Server/PreCompiler/index.js:47:31)
Thu Nov 10 2022 12:14:10 GMT-0300 (Argentina Standard Time) Error Handler: TypeError: Cannot read properties of undefined (reading 'Permisos')
    at eval (eval at <anonymous> (/home/farmageo/api.farmageo.com.ar/app/Helper/configuraciones.ts:1202:23), <anonymous>:1:18)
    at /home/farmageo/api.farmageo.com.ar/app/Helper/configuraciones.ts:1202:23
    at Array.map (<anonymous>)
    at Function.ConfBuilder.setOpciones (/home/farmageo/api.farmageo.com.ar/app/Helper/configuraciones.ts:1199:25)
    at Function.ConfBuilder.armarListado (/home/farmageo/api.farmageo.com.ar/app/Helper/configuraciones.ts:754:27)
    at /home/farmageo/api.farmageo.com.ar/app/Controllers/Http/ConfigsController.ts:146:36
    at Array.map (<anonymous>)
    at ConfigsController.ConfigPantalla (/home/farmageo/api.farmageo.com.ar/app/Controllers/Http/ConfigsController.ts:141:18)
    at processTicksAndRejections (node:internal/process/task_queues:96:5)
    at Object.PreCompiler.runRouteHandler [as fn] (/home/farmageo/api.farmageo.com.ar/node_modules/@adonisjs/http-server/build/src/Server/PreCompiler/index.js:47:31)
Thu Nov 10 2022 12:14:10 GMT-0300 (Argentina Standard Time) Error Handler: TypeError: Cannot read properties of undefined (reading 'Permisos')
    at eval (eval at <anonymous> (/home/farmageo/api.farmageo.com.ar/app/Helper/configuraciones.ts:1202:23), <anonymous>:1:18)
    at /home/farmageo/api.farmageo.com.ar/app/Helper/configuraciones.ts:1202:23
    at Array.map (<anonymous>)
    at Function.ConfBuilder.setOpciones (/home/farmageo/api.farmageo.com.ar/app/Helper/configuraciones.ts:1199:25)
    at Function.ConfBuilder.armarListado (/home/farmageo/api.farmageo.com.ar/app/Helper/configuraciones.ts:754:27)
    at /home/farmageo/api.farmageo.com.ar/app/Controllers/Http/ConfigsController.ts:146:36
    at Array.map (<anonymous>)
    at ConfigsController.ConfigPantalla (/home/farmageo/api.farmageo.com.ar/app/Controllers/Http/ConfigsController.ts:141:18)
    at processTicksAndRejections (node:internal/process/task_queues:96:5)
    at Object.PreCompiler.runRouteHandler [as fn] (/home/farmageo/api.farmageo.com.ar/node_modules/@adonisjs/http-server/build/src/Server/PreCompiler/index.js:47:31)
Thu Nov 10 2022 12:14:10 GMT-0300 (Argentina Standard Time) Error Handler: TypeError: Cannot read properties of undefined (reading 'Permisos')
    at eval (eval at <anonymous> (/home/farmageo/api.farmageo.com.ar/app/Helper/configuraciones.ts:1202:23), <anonymous>:1:18)
    at /home/farmageo/api.farmageo.com.ar/app/Helper/configuraciones.ts:1202:23
    at Array.map (<anonymous>)
    at Function.ConfBuilder.setOpciones (/home/farmageo/api.farmageo.com.ar/app/Helper/configuraciones.ts:1199:25)
    at Function.ConfBuilder.armarListado (/home/farmageo/api.farmageo.com.ar/app/Helper/configuraciones.ts:754:27)
    at /home/farmageo/api.farmageo.com.ar/app/Controllers/Http/ConfigsController.ts:146:36
    at Array.map (<anonymous>)
    at ConfigsController.ConfigPantalla (/home/farmageo/api.farmageo.com.ar/app/Controllers/Http/ConfigsController.ts:141:18)
    at processTicksAndRejections (node:internal/process/task_queues:96:5)
    at Object.PreCompiler.runRouteHandler [as fn] (/home/farmageo/api.farmageo.com.ar/node_modules/@adonisjs/http-server/build/src/Server/PreCompiler/index.js:47:31)
Thu Nov 10 2022 12:14:10 GMT-0300 (Argentina Standard Time) Error Handler: TypeError: Cannot read properties of undefined (reading 'Permisos')
    at eval (eval at <anonymous> (/home/farmageo/api.farmageo.com.ar/app/Helper/configuraciones.ts:1202:23), <anonymous>:1:18)
    at /home/farmageo/api.farmageo.com.ar/app/Helper/configuraciones.ts:1202:23
    at Array.map (<anonymous>)
    at Function.ConfBuilder.setOpciones (/home/farmageo/api.farmageo.com.ar/app/Helper/configuraciones.ts:1199:25)
    at Function.ConfBuilder.armarListado (/home/farmageo/api.farmageo.com.ar/app/Helper/configuraciones.ts:754:27)
    at /home/farmageo/api.farmageo.com.ar/app/Controllers/Http/ConfigsController.ts:146:36
    at Array.map (<anonymous>)
    at ConfigsController.ConfigPantalla (/home/farmageo/api.farmageo.com.ar/app/Controllers/Http/ConfigsController.ts:141:18)
    at processTicksAndRejections (node:internal/process/task_queues:96:5)
    at Object.PreCompiler.runRouteHandler [as fn] (/home/farmageo/api.farmageo.com.ar/node_modules/@adonisjs/http-server/build/src/Server/PreCompiler/index.js:47:31)
Thu Nov 10 2022 12:14:10 GMT-0300 (Argentina Standard Time) Error Handler: TypeError: Cannot read properties of undefined (reading 'Permisos')
    at eval (eval at <anonymous> (/home/farmageo/api.farmageo.com.ar/app/Helper/configuraciones.ts:1202:23), <anonymous>:1:18)
    at /home/farmageo/api.farmageo.com.ar/app/Helper/configuraciones.ts:1202:23
    at Array.map (<anonymous>)
    at Function.ConfBuilder.setOpciones (/home/farmageo/api.farmageo.com.ar/app/Helper/configuraciones.ts:1199:25)
    at Function.ConfBuilder.armarListado (/home/farmageo/api.farmageo.com.ar/app/Helper/configuraciones.ts:754:27)
    at /home/farmageo/api.farmageo.com.ar/app/Controllers/Http/ConfigsController.ts:146:36
    at Array.map (<anonymous>)
    at ConfigsController.ConfigPantalla (/home/farmageo/api.farmageo.com.ar/app/Controllers/Http/ConfigsController.ts:141:18)
    at processTicksAndRejections (node:internal/process/task_queues:96:5)
    at Object.PreCompiler.runRouteHandler [as fn] (/home/farmageo/api.farmageo.com.ar/node_modules/@adonisjs/http-server/build/src/Server/PreCompiler/index.js:47:31)
Thu Nov 10 2022 12:14:10 GMT-0300 (Argentina Standard Time) Error Handler: TypeError: Cannot read properties of undefined (reading 'Permisos')
    at eval (eval at <anonymous> (/home/farmageo/api.farmageo.com.ar/app/Helper/configuraciones.ts:1202:23), <anonymous>:1:18)
    at /home/farmageo/api.farmageo.com.ar/app/Helper/configuraciones.ts:1202:23
    at Array.map (<anonymous>)
    at Function.ConfBuilder.setOpciones (/home/farmageo/api.farmageo.com.ar/app/Helper/configuraciones.ts:1199:25)
    at Function.ConfBuilder.armarListado (/home/farmageo/api.farmageo.com.ar/app/Helper/configuraciones.ts:754:27)
    at /home/farmageo/api.farmageo.com.ar/app/Controllers/Http/ConfigsController.ts:146:36
    at Array.map (<anonymous>)
    at ConfigsController.ConfigPantalla (/home/farmageo/api.farmageo.com.ar/app/Controllers/Http/ConfigsController.ts:141:18)
    at processTicksAndRejections (node:internal/process/task_queues:96:5)
    at Object.PreCompiler.runRouteHandler [as fn] (/home/farmageo/api.farmageo.com.ar/node_modules/@adonisjs/http-server/build/src/Server/PreCompiler/index.js:47:31)
Thu Nov 10 2022 12:14:10 GMT-0300 (Argentina Standard Time) Error Handler: TypeError: Cannot read properties of undefined (reading 'Permisos')
    at eval (eval at <anonymous> (/home/farmageo/api.farmageo.com.ar/app/Helper/configuraciones.ts:1202:23), <anonymous>:1:18)
    at /home/farmageo/api.farmageo.com.ar/app/Helper/configuraciones.ts:1202:23
    at Array.map (<anonymous>)
    at Function.ConfBuilder.setOpciones (/home/farmageo/api.farmageo.com.ar/app/Helper/configuraciones.ts:1199:25)
    at Function.ConfBuilder.armarListado (/home/farmageo/api.farmageo.com.ar/app/Helper/configuraciones.ts:754:27)
    at /home/farmageo/api.farmageo.com.ar/app/Controllers/Http/ConfigsController.ts:146:36
    at Array.map (<anonymous>)
    at ConfigsController.ConfigPantalla (/home/farmageo/api.farmageo.com.ar/app/Controllers/Http/ConfigsController.ts:141:18)
    at processTicksAndRejections (node:internal/process/task_queues:96:5)
    at Object.PreCompiler.runRouteHandler [as fn] (/home/farmageo/api.farmageo.com.ar/node_modules/@adonisjs/http-server/build/src/Server/PreCompiler/index.js:47:31)
Thu Nov 10 2022 12:14:10 GMT-0300 (Argentina Standard Time) Error Handler: TypeError: Cannot read properties of undefined (reading 'Permisos')
    at eval (eval at <anonymous> (/home/farmageo/api.farmageo.com.ar/app/Helper/configuraciones.ts:1202:23), <anonymous>:1:18)
    at /home/farmageo/api.farmageo.com.ar/app/Helper/configuraciones.ts:1202:23
    at Array.map (<anonymous>)
    at Function.ConfBuilder.setOpciones (/home/farmageo/api.farmageo.com.ar/app/Helper/configuraciones.ts:1199:25)
    at Function.ConfBuilder.armarListado (/home/farmageo/api.farmageo.com.ar/app/Helper/configuraciones.ts:754:27)
    at /home/farmageo/api.farmageo.com.ar/app/Controllers/Http/ConfigsController.ts:146:36
    at Array.map (<anonymous>)
    at ConfigsController.ConfigPantalla (/home/farmageo/api.farmageo.com.ar/app/Controllers/Http/ConfigsController.ts:141:18)
    at processTicksAndRejections (node:internal/process/task_queues:96:5)
    at Object.PreCompiler.runRouteHandler [as fn] (/home/farmageo/api.farmageo.com.ar/node_modules/@adonisjs/http-server/build/src/Server/PreCompiler/index.js:47:31)
Thu Nov 10 2022 12:14:10 GMT-0300 (Argentina Standard Time) Error Handler: TypeError: Cannot read properties of undefined (reading 'Permisos')
    at eval (eval at <anonymous> (/home/farmageo/api.farmageo.com.ar/app/Helper/configuraciones.ts:1202:23), <anonymous>:1:18)
    at /home/farmageo/api.farmageo.com.ar/app/Helper/configuraciones.ts:1202:23
    at Array.map (<anonymous>)
    at Function.ConfBuilder.setOpciones (/home/farmageo/api.farmageo.com.ar/app/Helper/configuraciones.ts:1199:25)
    at Function.ConfBuilder.armarListado (/home/farmageo/api.farmageo.com.ar/app/Helper/configuraciones.ts:754:27)
    at /home/farmageo/api.farmageo.com.ar/app/Controllers/Http/ConfigsController.ts:146:36
    at Array.map (<anonymous>)
    at ConfigsController.ConfigPantalla (/home/farmageo/api.farmageo.com.ar/app/Controllers/Http/ConfigsController.ts:141:18)
    at processTicksAndRejections (node:internal/process/task_queues:96:5)
    at Object.PreCompiler.runRouteHandler [as fn] (/home/farmageo/api.farmageo.com.ar/node_modules/@adonisjs/http-server/build/src/Server/PreCompiler/index.js:47:31)
Thu Nov 10 2022 12:14:10 GMT-0300 (Argentina Standard Time) Error Handler: TypeError: Cannot read properties of undefined (reading 'Permisos')
    at eval (eval at <anonymous> (/home/farmageo/api.farmageo.com.ar/app/Helper/configuraciones.ts:1202:23), <anonymous>:1:18)
    at /home/farmageo/api.farmageo.com.ar/app/Helper/configuraciones.ts:1202:23
    at Array.map (<anonymous>)
    at Function.ConfBuilder.setOpciones (/home/farmageo/api.farmageo.com.ar/app/Helper/configuraciones.ts:1199:25)
    at Function.ConfBuilder.armarListado (/home/farmageo/api.farmageo.com.ar/app/Helper/configuraciones.ts:754:27)
    at /home/farmageo/api.farmageo.com.ar/app/Controllers/Http/ConfigsController.ts:146:36
    at Array.map (<anonymous>)
    at ConfigsController.ConfigPantalla (/home/farmageo/api.farmageo.com.ar/app/Controllers/Http/ConfigsController.ts:141:18)
    at processTicksAndRejections (node:internal/process/task_queues:96:5)
    at Object.PreCompiler.runRouteHandler [as fn] (/home/farmageo/api.farmageo.com.ar/node_modules/@adonisjs/http-server/build/src/Server/PreCompiler/index.js:47:31)
Thu Nov 10 2022 12:14:10 GMT-0300 (Argentina Standard Time) Error Handler: TypeError: Cannot read properties of undefined (reading 'Permisos')
    at eval (eval at <anonymous> (/home/farmageo/api.farmageo.com.ar/app/Helper/configuraciones.ts:1202:23), <anonymous>:1:18)
    at /home/farmageo/api.farmageo.com.ar/app/Helper/configuraciones.ts:1202:23
    at Array.map (<anonymous>)
    at Function.ConfBuilder.setOpciones (/home/farmageo/api.farmageo.com.ar/app/Helper/configuraciones.ts:1199:25)
    at Function.ConfBuilder.armarListado (/home/farmageo/api.farmageo.com.ar/app/Helper/configuraciones.ts:754:27)
    at /home/farmageo/api.farmageo.com.ar/app/Controllers/Http/ConfigsController.ts:146:36
    at Array.map (<anonymous>)
    at ConfigsController.ConfigPantalla (/home/farmageo/api.farmageo.com.ar/app/Controllers/Http/ConfigsController.ts:141:18)
    at processTicksAndRejections (node:internal/process/task_queues:96:5)
    at Object.PreCompiler.runRouteHandler [as fn] (/home/farmageo/api.farmageo.com.ar/node_modules/@adonisjs/http-server/build/src/Server/PreCompiler/index.js:47:31)
Thu Nov 10 2022 12:14:10 GMT-0300 (Argentina Standard Time) Error Handler: TypeError: Cannot read properties of undefined (reading 'Permisos')
    at eval (eval at <anonymous> (/home/farmageo/api.farmageo.com.ar/app/Helper/configuraciones.ts:1202:23), <anonymous>:1:18)
    at /home/farmageo/api.farmageo.com.ar/app/Helper/configuraciones.ts:1202:23
    at Array.map (<anonymous>)
    at Function.ConfBuilder.setOpciones (/home/farmageo/api.farmageo.com.ar/app/Helper/configuraciones.ts:1199:25)
    at Function.ConfBuilder.armarListado (/home/farmageo/api.farmageo.com.ar/app/Helper/configuraciones.ts:754:27)
    at /home/farmageo/api.farmageo.com.ar/app/Controllers/Http/ConfigsController.ts:146:36
    at Array.map (<anonymous>)
    at ConfigsController.ConfigPantalla (/home/farmageo/api.farmageo.com.ar/app/Controllers/Http/ConfigsController.ts:141:18)
    at processTicksAndRejections (node:internal/process/task_queues:96:5)
    at Object.PreCompiler.runRouteHandler [as fn] (/home/farmageo/api.farmageo.com.ar/node_modules/@adonisjs/http-server/build/src/Server/PreCompiler/index.js:47:31)
Thu Nov 10 2022 12:14:10 GMT-0300 (Argentina Standard Time) Error Handler: TypeError: Cannot read properties of undefined (reading 'Permisos')
    at eval (eval at <anonymous> (/home/farmageo/api.farmageo.com.ar/app/Helper/configuraciones.ts:1202:23), <anonymous>:1:18)
    at /home/farmageo/api.farmageo.com.ar/app/Helper/configuraciones.ts:1202:23
    at Array.map (<anonymous>)
    at Function.ConfBuilder.setOpciones (/home/farmageo/api.farmageo.com.ar/app/Helper/configuraciones.ts:1199:25)
    at Function.ConfBuilder.armarListado (/home/farmageo/api.farmageo.com.ar/app/Helper/configuraciones.ts:754:27)
    at /home/farmageo/api.farmageo.com.ar/app/Controllers/Http/ConfigsController.ts:146:36
    at Array.map (<anonymous>)
    at ConfigsController.ConfigPantalla (/home/farmageo/api.farmageo.com.ar/app/Controllers/Http/ConfigsController.ts:141:18)
    at processTicksAndRejections (node:internal/process/task_queues:96:5)
    at Object.PreCompiler.runRouteHandler [as fn] (/home/farmageo/api.farmageo.com.ar/node_modules/@adonisjs/http-server/build/src/Server/PreCompiler/index.js:47:31)
AuthorizationException: E_AUTHORIZATION_FAILURE: Not authorized to perform this action
    at Function.raise (/home/farmageo/api.farmageo.com.ar/node_modules/@adonisjs/bouncer/build/src/Exceptions/AuthorizationException.js:15:16)
    at ActionsAuthorizer.authorize (/home/farmageo/api.farmageo.com.ar/node_modules/@adonisjs/bouncer/build/src/ActionsAuthorizer/index.js:165:63)
    at runMicrotasks (<anonymous>)
    at processTicksAndRejections (node:internal/process/task_queues:96:5)
    at LaboratoriosController.index (/home/farmageo/api.farmageo.com.ar/app/Controllers/Http/LaboratoriosController.ts:79:7)
    at Object.PreCompiler.runRouteHandler [as fn] (/home/farmageo/api.farmageo.com.ar/node_modules/@adonisjs/http-server/build/src/Server/PreCompiler/index.js:47:31)
    at UncaughtError.handle (/home/farmageo/api.farmageo.com.ar/app/Middleware/UncaughtError.ts:22:5)
    at RegistradorDePista.handle (/home/farmageo/api.farmageo.com.ar/app/Middleware/RegistradorDePista.ts:36:5)
    at UsuarioPermiso.handle (/home/farmageo/api.farmageo.com.ar/app/Middleware/ctxdata.ts:126:5)
    at SilentAuthMiddleware.handle (/home/farmageo/api.farmageo.com.ar/app/Middleware/SilentAuth.ts:23:5)
Thu Nov 10 2022 12:14:13 GMT-0300 (Argentina Standard Time) Error Handler: ExceptionHandler {
  logger: Logger {
    config: {
      name: 'apirest',
      enabled: true,
      level: 'info',
      prettyPrint: true
    },
    pino: EventEmitter {
      levels: [Object],
      silent: [Function: noop],
      trace: [Function: noop],
      debug: [Function: noop],
      info: [Function: LOG],
      warn: [Function: LOG],
      error: [Function: LOG],
      fatal: [Function (anonymous)],
      [Symbol(pino.useOnlyCustomLevels)]: false,
      [Symbol(pino.stream)]: [Object],
      [Symbol(pino.time)]: [Function: epochTime],
      [Symbol(pino.timeSliceIndex)]: 8,
      [Symbol(pino.stringify)]: [Function: stringify],
      [Symbol(pino.stringifiers)]: {},
      [Symbol(pino.end)]: '}\n',
      [Symbol(pino.formatOpts)]: [Object],
      [Symbol(pino.messageKey)]: 'msg',
      [Symbol(pino.nestedKey)]: null,
      [Symbol(pino.serializers)]: [Object: null prototype],
      [Symbol(pino.mixin)]: undefined,
      [Symbol(pino.mixinMergeStrategy)]: undefined,
      [Symbol(pino.chindings)]: ',"pid":1652298,"hostname":"vps2.farmageo.com","name":"apirest"',
      [Symbol(pino.formatters)]: [Object],
      [Symbol(pino.hooks)]: [Object],
      [Symbol(pino.lsCache)]: [Object],
      [Symbol(pino.levelVal)]: 30,
      [Symbol(pino.parsedChindings)]: [Object]
    }
  },
  ignoreCodes: [],
  ignoreStatuses: [ 400, 422, 401 ],
  internalIgnoreCodes: [ 'E_ROUTE_NOT_FOUND' ],
  statusPages: { '404': 'errors/not-found', '500..599': 'errors/server-error' },
  disableStatusPagesInDevelopment: true
}
[1668093253460] [41mFATAL[49m (apirest/1652298 on vps2.farmageo.com): [36mUnexpected exception raised from HTTP ExceptionHandler "report" method[39m
    RangeError: Maximum call stack size exceeded
        at ExceptionHandler.shouldReport (/home/farmageo/api.farmageo.com.ar/node_modules/@adonisjs/core/build/src/HttpExceptionHandler/index.js:61:17)
        at ExceptionHandler.report (/home/farmageo/api.farmageo.com.ar/node_modules/@adonisjs/core/build/src/HttpExceptionHandler/index.js:135:19)
        at ExceptionHandler.report (/home/farmageo/api.farmageo.com.ar/node_modules/@adonisjs/core/build/src/HttpExceptionHandler/index.js:139:19)
        at ExceptionHandler.report (/home/farmageo/api.farmageo.com.ar/node_modules/@adonisjs/core/build/src/HttpExceptionHandler/index.js:139:19)
        at ExceptionHandler.report (/home/farmageo/api.farmageo.com.ar/node_modules/@adonisjs/core/build/src/HttpExceptionHandler/index.js:139:19)
        at ExceptionHandler.report (/home/farmageo/api.farmageo.com.ar/node_modules/@adonisjs/core/build/src/HttpExceptionHandler/index.js:139:19)
        at ExceptionHandler.report (/home/farmageo/api.farmageo.com.ar/node_modules/@adonisjs/core/build/src/HttpExceptionHandler/index.js:139:19)
        at ExceptionHandler.report (/home/farmageo/api.farmageo.com.ar/node_modules/@adonisjs/core/build/src/HttpExceptionHandler/index.js:139:19)
        at ExceptionHandler.report (/home/farmageo/api.farmageo.com.ar/node_modules/@adonisjs/core/build/src/HttpExceptionHandler/index.js:139:19)
        at ExceptionHandler.report (/home/farmageo/api.farmageo.com.ar/node_modules/@adonisjs/core/build/src/HttpExceptionHandler/index.js:139:19)
AuthorizationException: E_AUTHORIZATION_FAILURE: Not authorized to perform this action
    at Function.raise (/home/farmageo/api.farmageo.com.ar/node_modules/@adonisjs/bouncer/build/src/Exceptions/AuthorizationException.js:15:16)
    at ActionsAuthorizer.authorize (/home/farmageo/api.farmageo.com.ar/node_modules/@adonisjs/bouncer/build/src/ActionsAuthorizer/index.js:165:63)
    at runMicrotasks (<anonymous>)
    at processTicksAndRejections (node:internal/process/task_queues:96:5)
    at PedidoController.mig_farmacia_pedidos (/home/farmageo/api.farmageo.com.ar/app/Controllers/Http/PedidoController.ts:43:7)
    at Object.PreCompiler.runRouteHandler [as fn] (/home/farmageo/api.farmageo.com.ar/node_modules/@adonisjs/http-server/build/src/Server/PreCompiler/index.js:47:31)
    at UncaughtError.handle (/home/farmageo/api.farmageo.com.ar/app/Middleware/UncaughtError.ts:22:5)
    at RegistradorDePista.handle (/home/farmageo/api.farmageo.com.ar/app/Middleware/RegistradorDePista.ts:36:5)
    at UsuarioPermiso.handle (/home/farmageo/api.farmageo.com.ar/app/Middleware/ctxdata.ts:126:5)
    at SilentAuthMiddleware.handle (/home/farmageo/api.farmageo.com.ar/app/Middleware/SilentAuth.ts:23:5)
Thu Nov 10 2022 12:14:13 GMT-0300 (Argentina Standard Time) Error Handler: AuthorizationException: E_AUTHORIZATION_FAILURE: Not authorized to perform this action
    at Function.raise (/home/farmageo/api.farmageo.com.ar/node_modules/@adonisjs/bouncer/build/src/Exceptions/AuthorizationException.js:15:16)
    at ActionsAuthorizer.authorize (/home/farmageo/api.farmageo.com.ar/node_modules/@adonisjs/bouncer/build/src/ActionsAuthorizer/index.js:165:63)
    at runMicrotasks (<anonymous>)
    at processTicksAndRejections (node:internal/process/task_queues:96:5)
    at PedidoController.mig_farmacia_pedidos (/home/farmageo/api.farmageo.com.ar/app/Controllers/Http/PedidoController.ts:43:7)
    at Object.PreCompiler.runRouteHandler [as fn] (/home/farmageo/api.farmageo.com.ar/node_modules/@adonisjs/http-server/build/src/Server/PreCompiler/index.js:47:31)
    at UncaughtError.handle (/home/farmageo/api.farmageo.com.ar/app/Middleware/UncaughtError.ts:22:5)
    at RegistradorDePista.handle (/home/farmageo/api.farmageo.com.ar/app/Middleware/RegistradorDePista.ts:36:5)
    at UsuarioPermiso.handle (/home/farmageo/api.farmageo.com.ar/app/Middleware/ctxdata.ts:126:5)
    at SilentAuthMiddleware.handle (/home/farmageo/api.farmageo.com.ar/app/Middleware/SilentAuth.ts:23:5)
AuthorizationException: E_AUTHORIZATION_FAILURE: Not authorized to perform this action
    at Function.raise (/home/farmageo/api.farmageo.com.ar/node_modules/@adonisjs/bouncer/build/src/Exceptions/AuthorizationException.js:15:16)
    at ActionsAuthorizer.authorize (/home/farmageo/api.farmageo.com.ar/node_modules/@adonisjs/bouncer/build/src/ActionsAuthorizer/index.js:165:63)
    at runMicrotasks (<anonymous>)
    at processTicksAndRejections (node:internal/process/task_queues:96:5)
    at PublicidadsController.mig_novedadesFarmacia (/home/farmageo/api.farmageo.com.ar/app/Controllers/Http/PublicidadsController.ts:59:7)
    at Object.PreCompiler.runRouteHandler [as fn] (/home/farmageo/api.farmageo.com.ar/node_modules/@adonisjs/http-server/build/src/Server/PreCompiler/index.js:47:31)
    at UncaughtError.handle (/home/farmageo/api.farmageo.com.ar/app/Middleware/UncaughtError.ts:22:5)
    at RegistradorDePista.handle (/home/farmageo/api.farmageo.com.ar/app/Middleware/RegistradorDePista.ts:36:5)
    at UsuarioPermiso.handle (/home/farmageo/api.farmageo.com.ar/app/Middleware/ctxdata.ts:126:5)
    at SilentAuthMiddleware.handle (/home/farmageo/api.farmageo.com.ar/app/Middleware/SilentAuth.ts:23:5)
Thu Nov 10 2022 12:14:13 GMT-0300 (Argentina Standard Time) Error Handler: AuthorizationException: E_AUTHORIZATION_FAILURE: Not authorized to perform this action
    at Function.raise (/home/farmageo/api.farmageo.com.ar/node_modules/@adonisjs/bouncer/build/src/Exceptions/AuthorizationException.js:15:16)
    at ActionsAuthorizer.authorize (/home/farmageo/api.farmageo.com.ar/node_modules/@adonisjs/bouncer/build/src/ActionsAuthorizer/index.js:165:63)
    at runMicrotasks (<anonymous>)
    at processTicksAndRejections (node:internal/process/task_queues:96:5)
    at PublicidadsController.mig_novedadesFarmacia (/home/farmageo/api.farmageo.com.ar/app/Controllers/Http/PublicidadsController.ts:59:7)
    at Object.PreCompiler.runRouteHandler [as fn] (/home/farmageo/api.farmageo.com.ar/node_modules/@adonisjs/http-server/build/src/Server/PreCompiler/index.js:47:31)
    at UncaughtError.handle (/home/farmageo/api.farmageo.com.ar/app/Middleware/UncaughtError.ts:22:5)
    at RegistradorDePista.handle (/home/farmageo/api.farmageo.com.ar/app/Middleware/RegistradorDePista.ts:36:5)
    at UsuarioPermiso.handle (/home/farmageo/api.farmageo.com.ar/app/Middleware/ctxdata.ts:126:5)
    at SilentAuthMiddleware.handle (/home/farmageo/api.farmageo.com.ar/app/Middleware/SilentAuth.ts:23:5)
Exception: E_ROW_NOT_FOUND: Row not found
    at ModelQueryBuilder.firstOrFail (/home/farmageo/api.farmageo.com.ar/node_modules/@adonisjs/lucid/build/src/Orm/QueryBuilder/index.js:426:19)
    at runMicrotasks (<anonymous>)
    at processTicksAndRejections (node:internal/process/task_queues:96:5)
    at LaboratoriosController.transfers (/home/farmageo/api.farmageo.com.ar/app/Controllers/Http/LaboratoriosController.ts:109:14)
    at Object.PreCompiler.runRouteHandler [as fn] (/home/farmageo/api.farmageo.com.ar/node_modules/@adonisjs/http-server/build/src/Server/PreCompiler/index.js:47:31)
    at UncaughtError.handle (/home/farmageo/api.farmageo.com.ar/app/Middleware/UncaughtError.ts:22:5)
    at RegistradorDePista.handle (/home/farmageo/api.farmageo.com.ar/app/Middleware/RegistradorDePista.ts:10:52)
    at UsuarioPermiso.handle (/home/farmageo/api.farmageo.com.ar/app/Middleware/ctxdata.ts:126:5)
    at SilentAuthMiddleware.handle (/home/farmageo/api.farmageo.com.ar/app/Middleware/SilentAuth.ts:23:5)
    at Server.handleRequest (/home/farmageo/api.farmageo.com.ar/node_modules/@adonisjs/http-server/build/src/Server/index.js:108:13)
ExceptionHandler {
  logger: Logger {
    config: {
      name: 'apirest',
      enabled: true,
      level: 'info',
      prettyPrint: true
    },
    pino: EventEmitter {
      levels: [Object],
      silent: [Function: noop],
      trace: [Function: noop],
      debug: [Function: noop],
      info: [Function: LOG],
      warn: [Function: LOG],
      error: [Function: LOG],
      fatal: [Function (anonymous)],
      [Symbol(pino.useOnlyCustomLevels)]: false,
      [Symbol(pino.stream)]: [Object],
      [Symbol(pino.time)]: [Function: epochTime],
      [Symbol(pino.timeSliceIndex)]: 8,
      [Symbol(pino.stringify)]: [Function: stringify],
      [Symbol(pino.stringifiers)]: {},
      [Symbol(pino.end)]: '}\n',
      [Symbol(pino.formatOpts)]: [Object],
      [Symbol(pino.messageKey)]: 'msg',
      [Symbol(pino.nestedKey)]: null,
      [Symbol(pino.serializers)]: [Object: null prototype],
      [Symbol(pino.mixin)]: undefined,
      [Symbol(pino.mixinMergeStrategy)]: undefined,
      [Symbol(pino.chindings)]: ',"pid":1652298,"hostname":"vps2.farmageo.com","name":"apirest"',
      [Symbol(pino.formatters)]: [Object],
      [Symbol(pino.hooks)]: [Object],
      [Symbol(pino.lsCache)]: [Object],
      [Symbol(pino.levelVal)]: 30,
      [Symbol(pino.parsedChindings)]: [Object]
    }
  },
  ignoreCodes: [],
  ignoreStatuses: [ 400, 422, 401 ],
  internalIgnoreCodes: [ 'E_ROUTE_NOT_FOUND' ],
  statusPages: { '404': 'errors/not-found', '500..599': 'errors/server-error' },
  disableStatusPagesInDevelopment: true
}
Thu Nov 10 2022 12:14:13 GMT-0300 (Argentina Standard Time) Error Handler: ExceptionHandler {
  logger: Logger {
    config: {
      name: 'apirest',
      enabled: true,
      level: 'info',
      prettyPrint: true
    },
    pino: EventEmitter {
      levels: [Object],
      silent: [Function: noop],
      trace: [Function: noop],
      debug: [Function: noop],
      info: [Function: LOG],
      warn: [Function: LOG],
      error: [Function: LOG],
      fatal: [Function (anonymous)],
      [Symbol(pino.useOnlyCustomLevels)]: false,
      [Symbol(pino.stream)]: [Object],
      [Symbol(pino.time)]: [Function: epochTime],
      [Symbol(pino.timeSliceIndex)]: 8,
      [Symbol(pino.stringify)]: [Function: stringify],
      [Symbol(pino.stringifiers)]: {},
      [Symbol(pino.end)]: '}\n',
      [Symbol(pino.formatOpts)]: [Object],
      [Symbol(pino.messageKey)]: 'msg',
      [Symbol(pino.nestedKey)]: null,
      [Symbol(pino.serializers)]: [Object: null prototype],
      [Symbol(pino.mixin)]: undefined,
      [Symbol(pino.mixinMergeStrategy)]: undefined,
      [Symbol(pino.chindings)]: ',"pid":1652298,"hostname":"vps2.farmageo.com","name":"apirest"',
      [Symbol(pino.formatters)]: [Object],
      [Symbol(pino.hooks)]: [Object],
      [Symbol(pino.lsCache)]: [Object],
      [Symbol(pino.levelVal)]: 30,
      [Symbol(pino.parsedChindings)]: [Object]
    }
  },
  ignoreCodes: [],
  ignoreStatuses: [ 400, 422, 401 ],
  internalIgnoreCodes: [ 'E_ROUTE_NOT_FOUND' ],
  statusPages: { '404': 'errors/not-found', '500..599': 'errors/server-error' },
  disableStatusPagesInDevelopment: true
}
[1668093253989] [41mFATAL[49m (apirest/1652298 on vps2.farmageo.com): [36m"uncaughtException" detected[39m
    TypeError: Cannot read properties of undefined (reading 'status')
        at ExceptionManager.handleError (/home/farmageo/api.farmageo.com.ar/node_modules/@adonisjs/http-server/build/src/Server/ExceptionManager/index.js:41:39)
        at ExceptionManager.handle (/home/farmageo/api.farmageo.com.ar/node_modules/@adonisjs/http-server/build/src/Server/ExceptionManager/index.js:92:20)
        at Server.handleRequest (/home/farmageo/api.farmageo.com.ar/node_modules/@adonisjs/http-server/build/src/Server/index.js:111:34)
        at runMicrotasks (<anonymous>)
        at processTicksAndRejections (node:internal/process/task_queues:96:5)
Error no Capturado a tiempo
Error no Capturado a tiempo
Error no Capturado a tiempo
Error no Capturado a tiempo
Error no Capturado a tiempo
Error no Capturado a tiempo
Error no Capturado a tiempo
Error no Capturado a tiempo
Error no Capturado a tiempo
Error no Capturado a tiempo
Error no Capturado a tiempo
Error no Capturado a tiempo
Error no Capturado a tiempo
Error no Capturado a tiempo
Error no Capturado a tiempo
Error no Capturado a tiempo
Error no Capturado a tiempo
Error no Capturado a tiempo
Error no Capturado a tiempo
Error no Capturado a tiempo
Error no Capturado a tiempo
Error no Capturado a tiempo
Error no Capturado a tiempo
Error no Capturado a tiempo
Error no Capturado a tiempo
Error no Capturado a tiempo
Error no Capturado a tiempo
Error no Capturado a tiempo
Error no Capturado a tiempo
Error no Capturado a tiempo
Error no Capturado a tiempo
Error no Capturado a tiempo
Error no Capturado a tiempo
Error no Capturado a tiempo
Error no Capturado a tiempo
Error no Capturado a tiempo
Error no Capturado a tiempo
Error no Capturado a tiempo
Error no Capturado a tiempo
Error no Capturado a tiempo
Error no Capturado a tiempo
Error no Capturado a tiempo
Error no Capturado a tiempo
Error no Capturado a tiempo
Error no Capturado a tiempo
Error no Capturado a tiempo
Error no Capturado a tiempo
Error no Capturado a tiempo
Error no Capturado a tiempo
Error no Capturado a tiempo
Error no Capturado a tiempo
Error no Capturado a tiempo
Error no Capturado a tiempo
Error no Capturado a tiempo
Error no Capturado a tiempo
Error no Capturado a tiempo
Error no Capturado a tiempo
Error no Capturado a tiempo
Error no Capturado a tiempo
Error no Capturado a tiempo
Error no Capturado a tiempo
Error no Capturado a tiempo
Error no Capturado a tiempo
Error no Capturado a tiempo
Error no Capturado a tiempo
Error no Capturado a tiempo
Error no Capturado a tiempo
Error no Capturado a tiempo
Error no Capturado a tiempo
Error no Capturado a tiempo
Error no Capturado a tiempo
Error no Capturado a tiempo
Error no Capturado a tiempo
Error no Capturado a tiempo
Error no Capturado a tiempo
Error no Capturado a tiempo
Error no Capturado a tiempo
Error no Capturado a tiempo
Error no Capturado a tiempo
Error no Capturado a tiempo
Error no Capturado a tiempo
Error no Capturado a tiempo
Error no Capturado a tiempo
Error no Capturado a tiempo
Error no Capturado a tiempo
Error no Capturado a tiempo
Error no Capturado a tiempo
Error no Capturado a tiempo
Error no Capturado a tiempo
Error no Capturado a tiempo
Error no Capturado a tiempo
Error no Capturado a tiempo
Error no Capturado a tiempo
Error no Capturado a tiempo
Error no Capturado a tiempo
Error no Capturado a tiempo
Error no Capturado a tiempo
Error no Capturado a tiempo
Error no Capturado a tiempo
Error no Capturado a tiempo
Error no Capturado a tiempo
Error no Capturado a tiempo
Error no Capturado a tiempo
Error no Capturado a tiempo
Error no Capturado a tiempo
Error no Capturado a tiempo
Error no Capturado a tiempo
Error no Capturado a tiempo
Error no Capturado a tiempo
Error no Capturado a tiempo
Error no Capturado a tiempo
Error no Capturado a tiempo
Error no Capturado a tiempo
Error no Capturado a tiempo
Error no Capturado a tiempo
Error no Capturado a tiempo
Error no Capturado a tiempo
Error no Capturado a tiempo
Error no Capturado a tiempo
Error no Capturado a tiempo
Error no Capturado a tiempo
Error no Capturado a tiempo
Error no Capturado a tiempo
Error no Capturado a tiempo
Error no Capturado a tiempo
Error no Capturado a tiempo
Error no Capturado a tiempo
Error no Capturado a tiempo
Error no Capturado a tiempo
Error no Capturado a tiempo
Error no Capturado a tiempo
Error no Capturado a tiempo
Error no Capturado a tiempo
Error no Capturado a tiempo
Error no Capturado a tiempo
Error no Capturado a tiempo
Error no Capturado a tiempo
Error no Capturado a tiempo
Error no Capturado a tiempo
Error no Capturado a tiempo
Error no Capturado a tiempo
Error no Capturado a tiempo
Error no Capturado a tiempo
Error no Capturado a tiempo
Error no Capturado a tiempo
Error no Capturado a tiempo
Error no Capturado a tiempo
Error no Capturado a tiempo
Error no Capturado a tiempo
Error no Capturado a tiempo
Error no Capturado a tiempo
Error no Capturado a tiempo
Error no Capturado a tiempo
Error no Capturado a tiempo
Error no Capturado a tiempo
Error no Capturado a tiempo
Error no Capturado a tiempo
Error no Capturado a tiempo
Error no Capturado a tiempo
Error no Capturado a tiempo
Error no Capturado a tiempo
Error no Capturado a tiempo
Error no Capturado a tiempo
Error no Capturado a tiempo
Error no Capturado a tiempo
Error no Capturado a tiempo
Error no Capturado a tiempo
Error no Capturado a tiempo
Error no Capturado a tiempo
Error no Capturado a tiempo
Error no Capturado a tiempo
Error no Capturado a tiempo
Error no Capturado a tiempo
Error no Capturado a tiempo
Error no Capturado a tiempo
Error no Capturado a tiempo
Error no Capturado a tiempo
Error no Capturado a tiempo
Error no Capturado a tiempo
Error no Capturado a tiempo
Error no Capturado a tiempo
Error no Capturado a tiempo
Error no Capturado a tiempo
Error no Capturado a tiempo
Error no Capturado a tiempo
Error no Capturado a tiempo
Error no Capturado a tiempo
Error no Capturado a tiempo
Error no Capturado a tiempo
Error no Capturado a tiempo
Error no Capturado a tiempo
Error no Capturado a tiempo
Error no Capturado a tiempo
Error no Capturado a tiempo
Error no Capturado a tiempo
Error no Capturado a tiempo
Error no Capturado a tiempo
Error no Capturado a tiempo
Error no Capturado a tiempo
Error no Capturado a tiempo
Error no Capturado a tiempo
Error no Capturado a tiempo
Error no Capturado a tiempo
Error no Capturado a tiempo
Error no Capturado a tiempo
Error no Capturado a tiempo
Error no Capturado a tiempo
Error no Capturado a tiempo
Error no Capturado a tiempo
Error no Capturado a tiempo
Error no Capturado a tiempo
Error no Capturado a tiempo
Error no Capturado a tiempo
Error no Capturado a tiempo
Error no Capturado a tiempo
Error no Capturado a tiempo
Error no Capturado a tiempo
Error no Capturado a tiempo
Error no Capturado a tiempo
Error no Capturado a tiempo
Error no Capturado a tiempo
Error no Capturado a tiempo
Error no Capturado a tiempo
Error no Capturado a tiempo
Error no Capturado a tiempo
Error no Capturado a tiempo
Error no Capturado a tiempo
Error no Capturado a tiempo
Error no Capturado a tiempo
Error no Capturado a tiempo
Error no Capturado a tiempo
Error no Capturado a tiempo
Error no Capturado a tiempo
Error no Capturado a tiempo
Error no Capturado a tiempo
Error no Capturado a tiempo
Error no Capturado a tiempo
Error no Capturado a tiempo
Error no Capturado a tiempo
Error no Capturado a tiempo
Error no Capturado a tiempo
Error no Capturado a tiempo
Error no Capturado a tiempo
Error no Capturado a tiempo
Error no Capturado a tiempo
Error no Capturado a tiempo
Error no Capturado a tiempo
Error no Capturado a tiempo
Error no Capturado a tiempo
Error no Capturado a tiempo
Error no Capturado a tiempo
Error no Capturado a tiempo
Error no Capturado a tiempo
Error no Capturado a tiempo
Error no Capturado a tiempo
Error no Capturado a tiempo
Error no Capturado a tiempo
Error no Capturado a tiempo
Error no Capturado a tiempo
Error no Capturado a tiempo
Error no Capturado a tiempo
Error no Capturado a tiempo
Error no Capturado a tiempo
Error no Capturado a tiempo
Error no Capturado a tiempo
Error no Capturado a tiempo
Error no Capturado a tiempo
Error no Capturado a tiempo
Error no Capturado a tiempo
Error no Capturado a tiempo
Error no Capturado a tiempo
Error no Capturado a tiempo
Error no Capturado a tiempo
Error no Capturado a tiempo
Error no Capturado a tiempo
Error no Capturado a tiempo
Error no Capturado a tiempo
Thu Nov 10 2022 12:14:13 GMT-0300 (Argentina Standard Time) Error Handler: TypeError: Cannot read properties of undefined (reading 'status')
    at ExceptionManager.handleError (/home/farmageo/api.farmageo.com.ar/node_modules/@adonisjs/http-server/build/src/Server/ExceptionManager/index.js:41:39)
    at ExceptionManager.handle (/home/farmageo/api.farmageo.com.ar/node_modules/@adonisjs/http-server/build/src/Server/ExceptionManager/index.js:92:20)
    at Server.handleRequest (/home/farmageo/api.farmageo.com.ar/node_modules/@adonisjs/http-server/build/src/Server/index.js:111:34)
    at runMicrotasks (<anonymous>)
    at processTicksAndRejections (node:internal/process/task_queues:96:5)
Thu Nov 10 2022 12:14:13 GMT-0300 (Argentina Standard Time) Error Handler: TypeError: Cannot read properties of undefined (reading 'status')
    at ExceptionManager.handleError (/home/farmageo/api.farmageo.com.ar/node_modules/@adonisjs/http-server/build/src/Server/ExceptionManager/index.js:41:39)
    at ExceptionManager.handle (/home/farmageo/api.farmageo.com.ar/node_modules/@adonisjs/http-server/build/src/Server/ExceptionManager/index.js:92:20)
    at Server.handleRequest (/home/farmageo/api.farmageo.com.ar/node_modules/@adonisjs/http-server/build/src/Server/index.js:111:34)
    at runMicrotasks (<anonymous>)
    at processTicksAndRejections (node:internal/process/task_queues:96:5)
Thu Nov 10 2022 12:14:13 GMT-0300 (Argentina Standard Time) Error Handler: TypeError: Cannot read properties of undefined (reading 'status')
    at ExceptionManager.handleError (/home/farmageo/api.farmageo.com.ar/node_modules/@adonisjs/http-server/build/src/Server/ExceptionManager/index.js:41:39)
    at ExceptionManager.handle (/home/farmageo/api.farmageo.com.ar/node_modules/@adonisjs/http-server/build/src/Server/ExceptionManager/index.js:92:20)
    at Server.handleRequest (/home/farmageo/api.farmageo.com.ar/node_modules/@adonisjs/http-server/build/src/Server/index.js:111:34)
    at runMicrotasks (<anonymous>)
    at processTicksAndRejections (node:internal/process/task_queues:96:5)
Thu Nov 10 2022 12:14:13 GMT-0300 (Argentina Standard Time) Error Handler: TypeError: Cannot read properties of undefined (reading 'status')
    at ExceptionManager.handleError (/home/farmageo/api.farmageo.com.ar/node_modules/@adonisjs/http-server/build/src/Server/ExceptionManager/index.js:41:39)
    at ExceptionManager.handle (/home/farmageo/api.farmageo.com.ar/node_modules/@adonisjs/http-server/build/src/Server/ExceptionManager/index.js:92:20)
    at Server.handleRequest (/home/farmageo/api.farmageo.com.ar/node_modules/@adonisjs/http-server/build/src/Server/index.js:111:34)
    at runMicrotasks (<anonymous>)
    at processTicksAndRejections (node:internal/process/task_queues:96:5)
Thu Nov 10 2022 12:14:13 GMT-0300 (Argentina Standard Time) Error Handler: TypeError: Cannot read properties of undefined (reading 'status')
    at ExceptionManager.handleError (/home/farmageo/api.farmageo.com.ar/node_modules/@adonisjs/http-server/build/src/Server/ExceptionManager/index.js:41:39)
    at ExceptionManager.handle (/home/farmageo/api.farmageo.com.ar/node_modules/@adonisjs/http-server/build/src/Server/ExceptionManager/index.js:92:20)
    at Server.handleRequest (/home/farmageo/api.farmageo.com.ar/node_modules/@adonisjs/http-server/build/src/Server/index.js:111:34)
    at runMicrotasks (<anonymous>)
    at processTicksAndRejections (node:internal/process/task_queues:96:5)
Thu Nov 10 2022 12:14:13 GMT-0300 (Argentina Standard Time) Error Handler: TypeError: Cannot read properties of undefined (reading 'status')
    at ExceptionManager.handleError (/home/farmageo/api.farmageo.com.ar/node_modules/@adonisjs/http-server/build/src/Server/ExceptionManager/index.js:41:39)
    at ExceptionManager.handle (/home/farmageo/api.farmageo.com.ar/node_modules/@adonisjs/http-server/build/src/Server/ExceptionManager/index.js:92:20)
    at Server.handleRequest (/home/farmageo/api.farmageo.com.ar/node_modules/@adonisjs/http-server/build/src/Server/index.js:111:34)
    at runMicrotasks (<anonymous>)
    at processTicksAndRejections (node:internal/process/task_queues:96:5)
Thu Nov 10 2022 12:14:13 GMT-0300 (Argentina Standard Time) Error Handler: TypeError: Cannot read properties of undefined (reading 'status')
    at ExceptionManager.handleError (/home/farmageo/api.farmageo.com.ar/node_modules/@adonisjs/http-server/build/src/Server/ExceptionManager/index.js:41:39)
    at ExceptionManager.handle (/home/farmageo/api.farmageo.com.ar/node_modules/@adonisjs/http-server/build/src/Server/ExceptionManager/index.js:92:20)
    at Server.handleRequest (/home/farmageo/api.farmageo.com.ar/node_modules/@adonisjs/http-server/build/src/Server/index.js:111:34)
    at runMicrotasks (<anonymous>)
    at processTicksAndRejections (node:internal/process/task_queues:96:5)
Thu Nov 10 2022 12:14:13 GMT-0300 (Argentina Standard Time) Error Handler: TypeError: Cannot read properties of undefined (reading 'status')
    at ExceptionManager.handleError (/home/farmageo/api.farmageo.com.ar/node_modules/@adonisjs/http-server/build/src/Server/ExceptionManager/index.js:41:39)
    at ExceptionManager.handle (/home/farmageo/api.farmageo.com.ar/node_modules/@adonisjs/http-server/build/src/Server/ExceptionManager/index.js:92:20)
    at Server.handleRequest (/home/farmageo/api.farmageo.com.ar/node_modules/@adonisjs/http-server/build/src/Server/index.js:111:34)
    at runMicrotasks (<anonymous>)
    at processTicksAndRejections (node:internal/process/task_queues:96:5)
Thu Nov 10 2022 12:14:13 GMT-0300 (Argentina Standard Time) Error Handler: TypeError: Cannot read properties of undefined (reading 'status')
    at ExceptionManager.handleError (/home/farmageo/api.farmageo.com.ar/node_modules/@adonisjs/http-server/build/src/Server/ExceptionManager/index.js:41:39)
    at ExceptionManager.handle (/home/farmageo/api.farmageo.com.ar/node_modules/@adonisjs/http-server/build/src/Server/ExceptionManager/index.js:92:20)
    at Server.handleRequest (/home/farmageo/api.farmageo.com.ar/node_modules/@adonisjs/http-server/build/src/Server/index.js:111:34)
    at runMicrotasks (<anonymous>)
    at processTicksAndRejections (node:internal/process/task_queues:96:5)
Thu Nov 10 2022 12:14:13 GMT-0300 (Argentina Standard Time) Error Handler: TypeError: Cannot read properties of undefined (reading 'status')
    at ExceptionManager.handleError (/home/farmageo/api.farmageo.com.ar/node_modules/@adonisjs/http-server/build/src/Server/ExceptionManager/index.js:41:39)
    at ExceptionManager.handle (/home/farmageo/api.farmageo.com.ar/node_modules/@adonisjs/http-server/build/src/Server/ExceptionManager/index.js:92:20)
    at Server.handleRequest (/home/farmageo/api.farmageo.com.ar/node_modules/@adonisjs/http-server/build/src/Server/index.js:111:34)
    at runMicrotasks (<anonymous>)
    at processTicksAndRejections (node:internal/process/task_queues:96:5)
Thu Nov 10 2022 12:14:13 GMT-0300 (Argentina Standard Time) Error Handler: TypeError: Cannot read properties of undefined (reading 'status')
    at ExceptionManager.handleError (/home/farmageo/api.farmageo.com.ar/node_modules/@adonisjs/http-server/build/src/Server/ExceptionManager/index.js:41:39)
    at ExceptionManager.handle (/home/farmageo/api.farmageo.com.ar/node_modules/@adonisjs/http-server/build/src/Server/ExceptionManager/index.js:92:20)
    at Server.handleRequest (/home/farmageo/api.farmageo.com.ar/node_modules/@adonisjs/http-server/build/src/Server/index.js:111:34)
    at runMicrotasks (<anonymous>)
    at processTicksAndRejections (node:internal/process/task_queues:96:5)
Thu Nov 10 2022 12:14:13 GMT-0300 (Argentina Standard Time) Error Handler: TypeError: Cannot read properties of undefined (reading 'status')
    at ExceptionManager.handleError (/home/farmageo/api.farmageo.com.ar/node_modules/@adonisjs/http-server/build/src/Server/ExceptionManager/index.js:41:39)
    at ExceptionManager.handle (/home/farmageo/api.farmageo.com.ar/node_modules/@adonisjs/http-server/build/src/Server/ExceptionManager/index.js:92:20)
    at Server.handleRequest (/home/farmageo/api.farmageo.com.ar/node_modules/@adonisjs/http-server/build/src/Server/index.js:111:34)
    at runMicrotasks (<anonymous>)
    at processTicksAndRejections (node:internal/process/task_queues:96:5)
Thu Nov 10 2022 12:14:13 GMT-0300 (Argentina Standard Time) Error Handler: TypeError: Cannot read properties of undefined (reading 'status')
    at ExceptionManager.handleError (/home/farmageo/api.farmageo.com.ar/node_modules/@adonisjs/http-server/build/src/Server/ExceptionManager/index.js:41:39)
    at ExceptionManager.handle (/home/farmageo/api.farmageo.com.ar/node_modules/@adonisjs/http-server/build/src/Server/ExceptionManager/index.js:92:20)
    at Server.handleRequest (/home/farmageo/api.farmageo.com.ar/node_modules/@adonisjs/http-server/build/src/Server/index.js:111:34)
    at runMicrotasks (<anonymous>)
    at processTicksAndRejections (node:internal/process/task_queues:96:5)
Thu Nov 10 2022 12:14:13 GMT-0300 (Argentina Standard Time) Error Handler: TypeError: Cannot read properties of undefined (reading 'status')
    at ExceptionManager.handleError (/home/farmageo/api.farmageo.com.ar/node_modules/@adonisjs/http-server/build/src/Server/ExceptionManager/index.js:41:39)
    at ExceptionManager.handle (/home/farmageo/api.farmageo.com.ar/node_modules/@adonisjs/http-server/build/src/Server/ExceptionManager/index.js:92:20)
    at Server.handleRequest (/home/farmageo/api.farmageo.com.ar/node_modules/@adonisjs/http-server/build/src/Server/index.js:111:34)
    at runMicrotasks (<anonymous>)
    at processTicksAndRejections (node:internal/process/task_queues:96:5)
Thu Nov 10 2022 12:14:13 GMT-0300 (Argentina Standard Time) Error Handler: TypeError: Cannot read properties of undefined (reading 'status')
    at ExceptionManager.handleError (/home/farmageo/api.farmageo.com.ar/node_modules/@adonisjs/http-server/build/src/Server/ExceptionManager/index.js:41:39)
    at ExceptionManager.handle (/home/farmageo/api.farmageo.com.ar/node_modules/@adonisjs/http-server/build/src/Server/ExceptionManager/index.js:92:20)
    at Server.handleRequest (/home/farmageo/api.farmageo.com.ar/node_modules/@adonisjs/http-server/build/src/Server/index.js:111:34)
    at runMicrotasks (<anonymous>)
    at processTicksAndRejections (node:internal/process/task_queues:96:5)
Thu Nov 10 2022 12:14:13 GMT-0300 (Argentina Standard Time) Error Handler: TypeError: Cannot read properties of undefined (reading 'status')
    at ExceptionManager.handleError (/home/farmageo/api.farmageo.com.ar/node_modules/@adonisjs/http-server/build/src/Server/ExceptionManager/index.js:41:39)
    at ExceptionManager.handle (/home/farmageo/api.farmageo.com.ar/node_modules/@adonisjs/http-server/build/src/Server/ExceptionManager/index.js:92:20)
    at Server.handleRequest (/home/farmageo/api.farmageo.com.ar/node_modules/@adonisjs/http-server/build/src/Server/index.js:111:34)
    at runMicrotasks (<anonymous>)
    at processTicksAndRejections (node:internal/process/task_queues:96:5)
Thu Nov 10 2022 12:14:13 GMT-0300 (Argentina Standard Time) Error Handler: TypeError: Cannot read properties of undefined (reading 'status')
    at ExceptionManager.handleError (/home/farmageo/api.farmageo.com.ar/node_modules/@adonisjs/http-server/build/src/Server/ExceptionManager/index.js:41:39)
    at ExceptionManager.handle (/home/farmageo/api.farmageo.com.ar/node_modules/@adonisjs/http-server/build/src/Server/ExceptionManager/index.js:92:20)
    at Server.handleRequest (/home/farmageo/api.farmageo.com.ar/node_modules/@adonisjs/http-server/build/src/Server/index.js:111:34)
    at runMicrotasks (<anonymous>)
    at processTicksAndRejections (node:internal/process/task_queues:96:5)
Thu Nov 10 2022 12:14:13 GMT-0300 (Argentina Standard Time) Error Handler: TypeError: Cannot read properties of undefined (reading 'status')
    at ExceptionManager.handleError (/home/farmageo/api.farmageo.com.ar/node_modules/@adonisjs/http-server/build/src/Server/ExceptionManager/index.js:41:39)
    at ExceptionManager.handle (/home/farmageo/api.farmageo.com.ar/node_modules/@adonisjs/http-server/build/src/Server/ExceptionManager/index.js:92:20)
    at Server.handleRequest (/home/farmageo/api.farmageo.com.ar/node_modules/@adonisjs/http-server/build/src/Server/index.js:111:34)
    at runMicrotasks (<anonymous>)
    at processTicksAndRejections (node:internal/process/task_queues:96:5)
Thu Nov 10 2022 12:14:13 GMT-0300 (Argentina Standard Time) Error Handler: TypeError: Cannot read properties of undefined (reading 'status')
    at ExceptionManager.handleError (/home/farmageo/api.farmageo.com.ar/node_modules/@adonisjs/http-server/build/src/Server/ExceptionManager/index.js:41:39)
    at ExceptionManager.handle (/home/farmageo/api.farmageo.com.ar/node_modules/@adonisjs/http-server/build/src/Server/ExceptionManager/index.js:92:20)
    at Server.handleRequest (/home/farmageo/api.farmageo.com.ar/node_modules/@adonisjs/http-server/build/src/Server/index.js:111:34)
    at runMicrotasks (<anonymous>)
    at processTicksAndRejections (node:internal/process/task_queues:96:5)
Thu Nov 10 2022 12:14:13 GMT-0300 (Argentina Standard Time) Error Handler: TypeError: Cannot read properties of undefined (reading 'status')
    at ExceptionManager.handleError (/home/farmageo/api.farmageo.com.ar/node_modules/@adonisjs/http-server/build/src/Server/ExceptionManager/index.js:41:39)
    at ExceptionManager.handle (/home/farmageo/api.farmageo.com.ar/node_modules/@adonisjs/http-server/build/src/Server/ExceptionManager/index.js:92:20)
    at Server.handleRequest (/home/farmageo/api.farmageo.com.ar/node_modules/@adonisjs/http-server/build/src/Server/index.js:111:34)
    at runMicrotasks (<anonymous>)
    at processTicksAndRejections (node:internal/process/task_queues:96:5)
Thu Nov 10 2022 12:14:13 GMT-0300 (Argentina Standard Time) Error Handler: TypeError: Cannot read properties of undefined (reading 'status')
    at ExceptionManager.handleError (/home/farmageo/api.farmageo.com.ar/node_modules/@adonisjs/http-server/build/src/Server/ExceptionManager/index.js:41:39)
    at ExceptionManager.handle (/home/farmageo/api.farmageo.com.ar/node_modules/@adonisjs/http-server/build/src/Server/ExceptionManager/index.js:92:20)
    at Server.handleRequest (/home/farmageo/api.farmageo.com.ar/node_modules/@adonisjs/http-server/build/src/Server/index.js:111:34)
    at runMicrotasks (<anonymous>)
    at processTicksAndRejections (node:internal/process/task_queues:96:5)
Thu Nov 10 2022 12:14:13 GMT-0300 (Argentina Standard Time) Error Handler: TypeError: Cannot read properties of undefined (reading 'status')
    at ExceptionManager.handleError (/home/farmageo/api.farmageo.com.ar/node_modules/@adonisjs/http-server/build/src/Server/ExceptionManager/index.js:41:39)
    at ExceptionManager.handle (/home/farmageo/api.farmageo.com.ar/node_modules/@adonisjs/http-server/build/src/Server/ExceptionManager/index.js:92:20)
    at Server.handleRequest (/home/farmageo/api.farmageo.com.ar/node_modules/@adonisjs/http-server/build/src/Server/index.js:111:34)
    at runMicrotasks (<anonymous>)
    at processTicksAndRejections (node:internal/process/task_queues:96:5)
Thu Nov 10 2022 12:14:13 GMT-0300 (Argentina Standard Time) Error Handler: TypeError: Cannot read properties of undefined (reading 'status')
    at ExceptionManager.handleError (/home/farmageo/api.farmageo.com.ar/node_modules/@adonisjs/http-server/build/src/Server/ExceptionManager/index.js:41:39)
    at ExceptionManager.handle (/home/farmageo/api.farmageo.com.ar/node_modules/@adonisjs/http-server/build/src/Server/ExceptionManager/index.js:92:20)
    at Server.handleRequest (/home/farmageo/api.farmageo.com.ar/node_modules/@adonisjs/http-server/build/src/Server/index.js:111:34)
    at runMicrotasks (<anonymous>)
    at processTicksAndRejections (node:internal/process/task_queues:96:5)
Thu Nov 10 2022 12:14:13 GMT-0300 (Argentina Standard Time) Error Handler: TypeError: Cannot read properties of undefined (reading 'status')
    at ExceptionManager.handleError (/home/farmageo/api.farmageo.com.ar/node_modules/@adonisjs/http-server/build/src/Server/ExceptionManager/index.js:41:39)
    at ExceptionManager.handle (/home/farmageo/api.farmageo.com.ar/node_modules/@adonisjs/http-server/build/src/Server/ExceptionManager/index.js:92:20)
    at Server.handleRequest (/home/farmageo/api.farmageo.com.ar/node_modules/@adonisjs/http-server/build/src/Server/index.js:111:34)
    at runMicrotasks (<anonymous>)
    at processTicksAndRejections (node:internal/process/task_queues:96:5)
Thu Nov 10 2022 12:14:13 GMT-0300 (Argentina Standard Time) Error Handler: TypeError: Cannot read properties of undefined (reading 'status')
    at ExceptionManager.handleError (/home/farmageo/api.farmageo.com.ar/node_modules/@adonisjs/http-server/build/src/Server/ExceptionManager/index.js:41:39)
    at ExceptionManager.handle (/home/farmageo/api.farmageo.com.ar/node_modules/@adonisjs/http-server/build/src/Server/ExceptionManager/index.js:92:20)
    at Server.handleRequest (/home/farmageo/api.farmageo.com.ar/node_modules/@adonisjs/http-server/build/src/Server/index.js:111:34)
    at runMicrotasks (<anonymous>)
    at processTicksAndRejections (node:internal/process/task_queues:96:5)
Thu Nov 10 2022 12:14:13 GMT-0300 (Argentina Standard Time) Error Handler: TypeError: Cannot read properties of undefined (reading 'status')
    at ExceptionManager.handleError (/home/farmageo/api.farmageo.com.ar/node_modules/@adonisjs/http-server/build/src/Server/ExceptionManager/index.js:41:39)
    at ExceptionManager.handle (/home/farmageo/api.farmageo.com.ar/node_modules/@adonisjs/http-server/build/src/Server/ExceptionManager/index.js:92:20)
    at Server.handleRequest (/home/farmageo/api.farmageo.com.ar/node_modules/@adonisjs/http-server/build/src/Server/index.js:111:34)
    at runMicrotasks (<anonymous>)
    at processTicksAndRejections (node:internal/process/task_queues:96:5)
Thu Nov 10 2022 12:14:13 GMT-0300 (Argentina Standard Time) Error Handler: TypeError: Cannot read properties of undefined (reading 'status')
    at ExceptionManager.handleError (/home/farmageo/api.farmageo.com.ar/node_modules/@adonisjs/http-server/build/src/Server/ExceptionManager/index.js:41:39)
    at ExceptionManager.handle (/home/farmageo/api.farmageo.com.ar/node_modules/@adonisjs/http-server/build/src/Server/ExceptionManager/index.js:92:20)
    at Server.handleRequest (/home/farmageo/api.farmageo.com.ar/node_modules/@adonisjs/http-server/build/src/Server/index.js:111:34)
    at runMicrotasks (<anonymous>)
    at processTicksAndRejections (node:internal/process/task_queues:96:5)
Thu Nov 10 2022 12:14:13 GMT-0300 (Argentina Standard Time) Error Handler: TypeError: Cannot read properties of undefined (reading 'status')
    at ExceptionManager.handleError (/home/farmageo/api.farmageo.com.ar/node_modules/@adonisjs/http-server/build/src/Server/ExceptionManager/index.js:41:39)
    at ExceptionManager.handle (/home/farmageo/api.farmageo.com.ar/node_modules/@adonisjs/http-server/build/src/Server/ExceptionManager/index.js:92:20)
    at Server.handleRequest (/home/farmageo/api.farmageo.com.ar/node_modules/@adonisjs/http-server/build/src/Server/index.js:111:34)
    at runMicrotasks (<anonymous>)
    at processTicksAndRejections (node:internal/process/task_queues:96:5)
Thu Nov 10 2022 12:14:13 GMT-0300 (Argentina Standard Time) Error Handler: TypeError: Cannot read properties of undefined (reading 'status')
    at ExceptionManager.handleError (/home/farmageo/api.farmageo.com.ar/node_modules/@adonisjs/http-server/build/src/Server/ExceptionManager/index.js:41:39)
    at ExceptionManager.handle (/home/farmageo/api.farmageo.com.ar/node_modules/@adonisjs/http-server/build/src/Server/ExceptionManager/index.js:92:20)
    at Server.handleRequest (/home/farmageo/api.farmageo.com.ar/node_modules/@adonisjs/http-server/build/src/Server/index.js:111:34)
    at runMicrotasks (<anonymous>)
    at processTicksAndRejections (node:internal/process/task_queues:96:5)
Thu Nov 10 2022 12:14:13 GMT-0300 (Argentina Standard Time) Error Handler: TypeError: Cannot read properties of undefined (reading 'status')
    at ExceptionManager.handleError (/home/farmageo/api.farmageo.com.ar/node_modules/@adonisjs/http-server/build/src/Server/ExceptionManager/index.js:41:39)
    at ExceptionManager.handle (/home/farmageo/api.farmageo.com.ar/node_modules/@adonisjs/http-server/build/src/Server/ExceptionManager/index.js:92:20)
    at Server.handleRequest (/home/farmageo/api.farmageo.com.ar/node_modules/@adonisjs/http-server/build/src/Server/index.js:111:34)
    at runMicrotasks (<anonymous>)
    at processTicksAndRejections (node:internal/process/task_queues:96:5)
Thu Nov 10 2022 12:14:13 GMT-0300 (Argentina Standard Time) Error Handler: TypeError: Cannot read properties of undefined (reading 'status')
    at ExceptionManager.handleError (/home/farmageo/api.farmageo.com.ar/node_modules/@adonisjs/http-server/build/src/Server/ExceptionManager/index.js:41:39)
    at ExceptionManager.handle (/home/farmageo/api.farmageo.com.ar/node_modules/@adonisjs/http-server/build/src/Server/ExceptionManager/index.js:92:20)
    at Server.handleRequest (/home/farmageo/api.farmageo.com.ar/node_modules/@adonisjs/http-server/build/src/Server/index.js:111:34)
    at runMicrotasks (<anonymous>)
    at processTicksAndRejections (node:internal/process/task_queues:96:5)
Thu Nov 10 2022 12:14:13 GMT-0300 (Argentina Standard Time) Error Handler: TypeError: Cannot read properties of undefined (reading 'status')
    at ExceptionManager.handleError (/home/farmageo/api.farmageo.com.ar/node_modules/@adonisjs/http-server/build/src/Server/ExceptionManager/index.js:41:39)
    at ExceptionManager.handle (/home/farmageo/api.farmageo.com.ar/node_modules/@adonisjs/http-server/build/src/Server/ExceptionManager/index.js:92:20)
    at Server.handleRequest (/home/farmageo/api.farmageo.com.ar/node_modules/@adonisjs/http-server/build/src/Server/index.js:111:34)
    at runMicrotasks (<anonymous>)
    at processTicksAndRejections (node:internal/process/task_queues:96:5)
Thu Nov 10 2022 12:14:13 GMT-0300 (Argentina Standard Time) Error Handler: TypeError: Cannot read properties of undefined (reading 'status')
    at ExceptionManager.handleError (/home/farmageo/api.farmageo.com.ar/node_modules/@adonisjs/http-server/build/src/Server/ExceptionManager/index.js:41:39)
    at ExceptionManager.handle (/home/farmageo/api.farmageo.com.ar/node_modules/@adonisjs/http-server/build/src/Server/ExceptionManager/index.js:92:20)
    at Server.handleRequest (/home/farmageo/api.farmageo.com.ar/node_modules/@adonisjs/http-server/build/src/Server/index.js:111:34)
    at runMicrotasks (<anonymous>)
    at processTicksAndRejections (node:internal/process/task_queues:96:5)
Thu Nov 10 2022 12:14:13 GMT-0300 (Argentina Standard Time) Error Handler: TypeError: Cannot read properties of undefined (reading 'status')
    at ExceptionManager.handleError (/home/farmageo/api.farmageo.com.ar/node_modules/@adonisjs/http-server/build/src/Server/ExceptionManager/index.js:41:39)
    at ExceptionManager.handle (/home/farmageo/api.farmageo.com.ar/node_modules/@adonisjs/http-server/build/src/Server/ExceptionManager/index.js:92:20)
    at Server.handleRequest (/home/farmageo/api.farmageo.com.ar/node_modules/@adonisjs/http-server/build/src/Server/index.js:111:34)
    at runMicrotasks (<anonymous>)
    at processTicksAndRejections (node:internal/process/task_queues:96:5)
Thu Nov 10 2022 12:14:13 GMT-0300 (Argentina Standard Time) Error Handler: TypeError: Cannot read properties of undefined (reading 'status')
    at ExceptionManager.handleError (/home/farmageo/api.farmageo.com.ar/node_modules/@adonisjs/http-server/build/src/Server/ExceptionManager/index.js:41:39)
    at ExceptionManager.handle (/home/farmageo/api.farmageo.com.ar/node_modules/@adonisjs/http-server/build/src/Server/ExceptionManager/index.js:92:20)
    at Server.handleRequest (/home/farmageo/api.farmageo.com.ar/node_modules/@adonisjs/http-server/build/src/Server/index.js:111:34)
    at runMicrotasks (<anonymous>)
    at processTicksAndRejections (node:internal/process/task_queues:96:5)
Thu Nov 10 2022 12:14:13 GMT-0300 (Argentina Standard Time) Error Handler: TypeError: Cannot read properties of undefined (reading 'status')
    at ExceptionManager.handleError (/home/farmageo/api.farmageo.com.ar/node_modules/@adonisjs/http-server/build/src/Server/ExceptionManager/index.js:41:39)
    at ExceptionManager.handle (/home/farmageo/api.farmageo.com.ar/node_modules/@adonisjs/http-server/build/src/Server/ExceptionManager/index.js:92:20)
    at Server.handleRequest (/home/farmageo/api.farmageo.com.ar/node_modules/@adonisjs/http-server/build/src/Server/index.js:111:34)
    at runMicrotasks (<anonymous>)
    at processTicksAndRejections (node:internal/process/task_queues:96:5)
Thu Nov 10 2022 12:14:13 GMT-0300 (Argentina Standard Time) Error Handler: TypeError: Cannot read properties of undefined (reading 'status')
    at ExceptionManager.handleError (/home/farmageo/api.farmageo.com.ar/node_modules/@adonisjs/http-server/build/src/Server/ExceptionManager/index.js:41:39)
    at ExceptionManager.handle (/home/farmageo/api.farmageo.com.ar/node_modules/@adonisjs/http-server/build/src/Server/ExceptionManager/index.js:92:20)
    at Server.handleRequest (/home/farmageo/api.farmageo.com.ar/node_modules/@adonisjs/http-server/build/src/Server/index.js:111:34)
    at runMicrotasks (<anonymous>)
    at processTicksAndRejections (node:internal/process/task_queues:96:5)
Thu Nov 10 2022 12:14:13 GMT-0300 (Argentina Standard Time) Error Handler: TypeError: Cannot read properties of undefined (reading 'status')
    at ExceptionManager.handleError (/home/farmageo/api.farmageo.com.ar/node_modules/@adonisjs/http-server/build/src/Server/ExceptionManager/index.js:41:39)
    at ExceptionManager.handle (/home/farmageo/api.farmageo.com.ar/node_modules/@adonisjs/http-server/build/src/Server/ExceptionManager/index.js:92:20)
    at Server.handleRequest (/home/farmageo/api.farmageo.com.ar/node_modules/@adonisjs/http-server/build/src/Server/index.js:111:34)
    at runMicrotasks (<anonymous>)
    at processTicksAndRejections (node:internal/process/task_queues:96:5)
Thu Nov 10 2022 12:14:13 GMT-0300 (Argentina Standard Time) Error Handler: TypeError: Cannot read properties of undefined (reading 'status')
    at ExceptionManager.handleError (/home/farmageo/api.farmageo.com.ar/node_modules/@adonisjs/http-server/build/src/Server/ExceptionManager/index.js:41:39)
    at ExceptionManager.handle (/home/farmageo/api.farmageo.com.ar/node_modules/@adonisjs/http-server/build/src/Server/ExceptionManager/index.js:92:20)
    at Server.handleRequest (/home/farmageo/api.farmageo.com.ar/node_modules/@adonisjs/http-server/build/src/Server/index.js:111:34)
    at runMicrotasks (<anonymous>)
    at processTicksAndRejections (node:internal/process/task_queues:96:5)
Thu Nov 10 2022 12:14:13 GMT-0300 (Argentina Standard Time) Error Handler: TypeError: Cannot read properties of undefined (reading 'status')
    at ExceptionManager.handleError (/home/farmageo/api.farmageo.com.ar/node_modules/@adonisjs/http-server/build/src/Server/ExceptionManager/index.js:41:39)
    at ExceptionManager.handle (/home/farmageo/api.farmageo.com.ar/node_modules/@adonisjs/http-server/build/src/Server/ExceptionManager/index.js:92:20)
    at Server.handleRequest (/home/farmageo/api.farmageo.com.ar/node_modules/@adonisjs/http-server/build/src/Server/index.js:111:34)
    at runMicrotasks (<anonymous>)
    at processTicksAndRejections (node:internal/process/task_queues:96:5)
Thu Nov 10 2022 12:14:13 GMT-0300 (Argentina Standard Time) Error Handler: TypeError: Cannot read properties of undefined (reading 'status')
    at ExceptionManager.handleError (/home/farmageo/api.farmageo.com.ar/node_modules/@adonisjs/http-server/build/src/Server/ExceptionManager/index.js:41:39)
    at ExceptionManager.handle (/home/farmageo/api.farmageo.com.ar/node_modules/@adonisjs/http-server/build/src/Server/ExceptionManager/index.js:92:20)
    at Server.handleRequest (/home/farmageo/api.farmageo.com.ar/node_modules/@adonisjs/http-server/build/src/Server/index.js:111:34)
    at runMicrotasks (<anonymous>)
    at processTicksAndRejections (node:internal/process/task_queues:96:5)
Thu Nov 10 2022 12:14:13 GMT-0300 (Argentina Standard Time) Error Handler: TypeError: Cannot read properties of undefined (reading 'status')
    at ExceptionManager.handleError (/home/farmageo/api.farmageo.com.ar/node_modules/@adonisjs/http-server/build/src/Server/ExceptionManager/index.js:41:39)
    at ExceptionManager.handle (/home/farmageo/api.farmageo.com.ar/node_modules/@adonisjs/http-server/build/src/Server/ExceptionManager/index.js:92:20)
    at Server.handleRequest (/home/farmageo/api.farmageo.com.ar/node_modules/@adonisjs/http-server/build/src/Server/index.js:111:34)
    at runMicrotasks (<anonymous>)
    at processTicksAndRejections (node:internal/process/task_queues:96:5)
Thu Nov 10 2022 12:14:13 GMT-0300 (Argentina Standard Time) Error Handler: TypeError: Cannot read properties of undefined (reading 'status')
    at ExceptionManager.handleError (/home/farmageo/api.farmageo.com.ar/node_modules/@adonisjs/http-server/build/src/Server/ExceptionManager/index.js:41:39)
    at ExceptionManager.handle (/home/farmageo/api.farmageo.com.ar/node_modules/@adonisjs/http-server/build/src/Server/ExceptionManager/index.js:92:20)
    at Server.handleRequest (/home/farmageo/api.farmageo.com.ar/node_modules/@adonisjs/http-server/build/src/Server/index.js:111:34)
    at runMicrotasks (<anonymous>)
    at processTicksAndRejections (node:internal/process/task_queues:96:5)
Thu Nov 10 2022 12:14:13 GMT-0300 (Argentina Standard Time) Error Handler: TypeError: Cannot read properties of undefined (reading 'status')
    at ExceptionManager.handleError (/home/farmageo/api.farmageo.com.ar/node_modules/@adonisjs/http-server/build/src/Server/ExceptionManager/index.js:41:39)
    at ExceptionManager.handle (/home/farmageo/api.farmageo.com.ar/node_modules/@adonisjs/http-server/build/src/Server/ExceptionManager/index.js:92:20)
    at Server.handleRequest (/home/farmageo/api.farmageo.com.ar/node_modules/@adonisjs/http-server/build/src/Server/index.js:111:34)
    at runMicrotasks (<anonymous>)
    at processTicksAndRejections (node:internal/process/task_queues:96:5)
Thu Nov 10 2022 12:14:13 GMT-0300 (Argentina Standard Time) Error Handler: TypeError: Cannot read properties of undefined (reading 'status')
    at ExceptionManager.handleError (/home/farmageo/api.farmageo.com.ar/node_modules/@adonisjs/http-server/build/src/Server/ExceptionManager/index.js:41:39)
    at ExceptionManager.handle (/home/farmageo/api.farmageo.com.ar/node_modules/@adonisjs/http-server/build/src/Server/ExceptionManager/index.js:92:20)
    at Server.handleRequest (/home/farmageo/api.farmageo.com.ar/node_modules/@adonisjs/http-server/build/src/Server/index.js:111:34)
    at runMicrotasks (<anonymous>)
    at processTicksAndRejections (node:internal/process/task_queues:96:5)
Thu Nov 10 2022 12:14:13 GMT-0300 (Argentina Standard Time) Error Handler: TypeError: Cannot read properties of undefined (reading 'status')
    at ExceptionManager.handleError (/home/farmageo/api.farmageo.com.ar/node_modules/@adonisjs/http-server/build/src/Server/ExceptionManager/index.js:41:39)
    at ExceptionManager.handle (/home/farmageo/api.farmageo.com.ar/node_modules/@adonisjs/http-server/build/src/Server/ExceptionManager/index.js:92:20)
    at Server.handleRequest (/home/farmageo/api.farmageo.com.ar/node_modules/@adonisjs/http-server/build/src/Server/index.js:111:34)
    at runMicrotasks (<anonymous>)
    at processTicksAndRejections (node:internal/process/task_queues:96:5)
Thu Nov 10 2022 12:14:13 GMT-0300 (Argentina Standard Time) Error Handler: TypeError: Cannot read properties of undefined (reading 'status')
    at ExceptionManager.handleError (/home/farmageo/api.farmageo.com.ar/node_modules/@adonisjs/http-server/build/src/Server/ExceptionManager/index.js:41:39)
    at ExceptionManager.handle (/home/farmageo/api.farmageo.com.ar/node_modules/@adonisjs/http-server/build/src/Server/ExceptionManager/index.js:92:20)
    at Server.handleRequest (/home/farmageo/api.farmageo.com.ar/node_modules/@adonisjs/http-server/build/src/Server/index.js:111:34)
    at runMicrotasks (<anonymous>)
    at processTicksAndRejections (node:internal/process/task_queues:96:5)
Thu Nov 10 2022 12:14:13 GMT-0300 (Argentina Standard Time) Error Handler: TypeError: Cannot read properties of undefined (reading 'status')
    at ExceptionManager.handleError (/home/farmageo/api.farmageo.com.ar/node_modules/@adonisjs/http-server/build/src/Server/ExceptionManager/index.js:41:39)
    at ExceptionManager.handle (/home/farmageo/api.farmageo.com.ar/node_modules/@adonisjs/http-server/build/src/Server/ExceptionManager/index.js:92:20)
    at Server.handleRequest (/home/farmageo/api.farmageo.com.ar/node_modules/@adonisjs/http-server/build/src/Server/index.js:111:34)
    at runMicrotasks (<anonymous>)
    at processTicksAndRejections (node:internal/process/task_queues:96:5)
Thu Nov 10 2022 12:14:13 GMT-0300 (Argentina Standard Time) Error Handler: TypeError: Cannot read properties of undefined (reading 'status')
    at ExceptionManager.handleError (/home/farmageo/api.farmageo.com.ar/node_modules/@adonisjs/http-server/build/src/Server/ExceptionManager/index.js:41:39)
    at ExceptionManager.handle (/home/farmageo/api.farmageo.com.ar/node_modules/@adonisjs/http-server/build/src/Server/ExceptionManager/index.js:92:20)
    at Server.handleRequest (/home/farmageo/api.farmageo.com.ar/node_modules/@adonisjs/http-server/build/src/Server/index.js:111:34)
    at runMicrotasks (<anonymous>)
    at processTicksAndRejections (node:internal/process/task_queues:96:5)
Thu Nov 10 2022 12:14:13 GMT-0300 (Argentina Standard Time) Error Handler: TypeError: Cannot read properties of undefined (reading 'status')
    at ExceptionManager.handleError (/home/farmageo/api.farmageo.com.ar/node_modules/@adonisjs/http-server/build/src/Server/ExceptionManager/index.js:41:39)
    at ExceptionManager.handle (/home/farmageo/api.farmageo.com.ar/node_modules/@adonisjs/http-server/build/src/Server/ExceptionManager/index.js:92:20)
    at Server.handleRequest (/home/farmageo/api.farmageo.com.ar/node_modules/@adonisjs/http-server/build/src/Server/index.js:111:34)
    at runMicrotasks (<anonymous>)
    at processTicksAndRejections (node:internal/process/task_queues:96:5)
Thu Nov 10 2022 12:14:13 GMT-0300 (Argentina Standard Time) Error Handler: TypeError: Cannot read properties of undefined (reading 'status')
    at ExceptionManager.handleError (/home/farmageo/api.farmageo.com.ar/node_modules/@adonisjs/http-server/build/src/Server/ExceptionManager/index.js:41:39)
    at ExceptionManager.handle (/home/farmageo/api.farmageo.com.ar/node_modules/@adonisjs/http-server/build/src/Server/ExceptionManager/index.js:92:20)
    at Server.handleRequest (/home/farmageo/api.farmageo.com.ar/node_modules/@adonisjs/http-server/build/src/Server/index.js:111:34)
    at runMicrotasks (<anonymous>)
    at processTicksAndRejections (node:internal/process/task_queues:96:5)
Thu Nov 10 2022 12:14:13 GMT-0300 (Argentina Standard Time) Error Handler: TypeError: Cannot read properties of undefined (reading 'status')
    at ExceptionManager.handleError (/home/farmageo/api.farmageo.com.ar/node_modules/@adonisjs/http-server/build/src/Server/ExceptionManager/index.js:41:39)
    at ExceptionManager.handle (/home/farmageo/api.farmageo.com.ar/node_modules/@adonisjs/http-server/build/src/Server/ExceptionManager/index.js:92:20)
    at Server.handleRequest (/home/farmageo/api.farmageo.com.ar/node_modules/@adonisjs/http-server/build/src/Server/index.js:111:34)
    at runMicrotasks (<anonymous>)
    at processTicksAndRejections (node:internal/process/task_queues:96:5)
Thu Nov 10 2022 12:14:13 GMT-0300 (Argentina Standard Time) Error Handler: TypeError: Cannot read properties of undefined (reading 'status')
    at ExceptionManager.handleError (/home/farmageo/api.farmageo.com.ar/node_modules/@adonisjs/http-server/build/src/Server/ExceptionManager/index.js:41:39)
    at ExceptionManager.handle (/home/farmageo/api.farmageo.com.ar/node_modules/@adonisjs/http-server/build/src/Server/ExceptionManager/index.js:92:20)
    at Server.handleRequest (/home/farmageo/api.farmageo.com.ar/node_modules/@adonisjs/http-server/build/src/Server/index.js:111:34)
    at runMicrotasks (<anonymous>)
    at processTicksAndRejections (node:internal/process/task_queues:96:5)
Thu Nov 10 2022 12:14:13 GMT-0300 (Argentina Standard Time) Error Handler: TypeError: Cannot read properties of undefined (reading 'status')
    at ExceptionManager.handleError (/home/farmageo/api.farmageo.com.ar/node_modules/@adonisjs/http-server/build/src/Server/ExceptionManager/index.js:41:39)
    at ExceptionManager.handle (/home/farmageo/api.farmageo.com.ar/node_modules/@adonisjs/http-server/build/src/Server/ExceptionManager/index.js:92:20)
    at Server.handleRequest (/home/farmageo/api.farmageo.com.ar/node_modules/@adonisjs/http-server/build/src/Server/index.js:111:34)
    at runMicrotasks (<anonymous>)
    at processTicksAndRejections (node:internal/process/task_queues:96:5)
Thu Nov 10 2022 12:14:13 GMT-0300 (Argentina Standard Time) Error Handler: TypeError: Cannot read properties of undefined (reading 'status')
    at ExceptionManager.handleError (/home/farmageo/api.farmageo.com.ar/node_modules/@adonisjs/http-server/build/src/Server/ExceptionManager/index.js:41:39)
    at ExceptionManager.handle (/home/farmageo/api.farmageo.com.ar/node_modules/@adonisjs/http-server/build/src/Server/ExceptionManager/index.js:92:20)
    at Server.handleRequest (/home/farmageo/api.farmageo.com.ar/node_modules/@adonisjs/http-server/build/src/Server/index.js:111:34)
    at runMicrotasks (<anonymous>)
    at processTicksAndRejections (node:internal/process/task_queues:96:5)
Thu Nov 10 2022 12:14:13 GMT-0300 (Argentina Standard Time) Error Handler: TypeError: Cannot read properties of undefined (reading 'status')
    at ExceptionManager.handleError (/home/farmageo/api.farmageo.com.ar/node_modules/@adonisjs/http-server/build/src/Server/ExceptionManager/index.js:41:39)
    at ExceptionManager.handle (/home/farmageo/api.farmageo.com.ar/node_modules/@adonisjs/http-server/build/src/Server/ExceptionManager/index.js:92:20)
    at Server.handleRequest (/home/farmageo/api.farmageo.com.ar/node_modules/@adonisjs/http-server/build/src/Server/index.js:111:34)
    at runMicrotasks (<anonymous>)
    at processTicksAndRejections (node:internal/process/task_queues:96:5)
Thu Nov 10 2022 12:14:13 GMT-0300 (Argentina Standard Time) Error Handler: TypeError: Cannot read properties of undefined (reading 'status')
    at ExceptionManager.handleError (/home/farmageo/api.farmageo.com.ar/node_modules/@adonisjs/http-server/build/src/Server/ExceptionManager/index.js:41:39)
    at ExceptionManager.handle (/home/farmageo/api.farmageo.com.ar/node_modules/@adonisjs/http-server/build/src/Server/ExceptionManager/index.js:92:20)
    at Server.handleRequest (/home/farmageo/api.farmageo.com.ar/node_modules/@adonisjs/http-server/build/src/Server/index.js:111:34)
    at runMicrotasks (<anonymous>)
    at processTicksAndRejections (node:internal/process/task_queues:96:5)
Thu Nov 10 2022 12:14:13 GMT-0300 (Argentina Standard Time) Error Handler: TypeError: Cannot read properties of undefined (reading 'status')
    at ExceptionManager.handleError (/home/farmageo/api.farmageo.com.ar/node_modules/@adonisjs/http-server/build/src/Server/ExceptionManager/index.js:41:39)
    at ExceptionManager.handle (/home/farmageo/api.farmageo.com.ar/node_modules/@adonisjs/http-server/build/src/Server/ExceptionManager/index.js:92:20)
    at Server.handleRequest (/home/farmageo/api.farmageo.com.ar/node_modules/@adonisjs/http-server/build/src/Server/index.js:111:34)
    at runMicrotasks (<anonymous>)
    at processTicksAndRejections (node:internal/process/task_queues:96:5)
Thu Nov 10 2022 12:14:13 GMT-0300 (Argentina Standard Time) Error Handler: TypeError: Cannot read properties of undefined (reading 'status')
    at ExceptionManager.handleError (/home/farmageo/api.farmageo.com.ar/node_modules/@adonisjs/http-server/build/src/Server/ExceptionManager/index.js:41:39)
    at ExceptionManager.handle (/home/farmageo/api.farmageo.com.ar/node_modules/@adonisjs/http-server/build/src/Server/ExceptionManager/index.js:92:20)
    at Server.handleRequest (/home/farmageo/api.farmageo.com.ar/node_modules/@adonisjs/http-server/build/src/Server/index.js:111:34)
    at runMicrotasks (<anonymous>)
    at processTicksAndRejections (node:internal/process/task_queues:96:5)
Thu Nov 10 2022 12:14:13 GMT-0300 (Argentina Standard Time) Error Handler: TypeError: Cannot read properties of undefined (reading 'status')
    at ExceptionManager.handleError (/home/farmageo/api.farmageo.com.ar/node_modules/@adonisjs/http-server/build/src/Server/ExceptionManager/index.js:41:39)
    at ExceptionManager.handle (/home/farmageo/api.farmageo.com.ar/node_modules/@adonisjs/http-server/build/src/Server/ExceptionManager/index.js:92:20)
    at Server.handleRequest (/home/farmageo/api.farmageo.com.ar/node_modules/@adonisjs/http-server/build/src/Server/index.js:111:34)
    at runMicrotasks (<anonymous>)
    at processTicksAndRejections (node:internal/process/task_queues:96:5)
Thu Nov 10 2022 12:14:13 GMT-0300 (Argentina Standard Time) Error Handler: TypeError: Cannot read properties of undefined (reading 'status')
    at ExceptionManager.handleError (/home/farmageo/api.farmageo.com.ar/node_modules/@adonisjs/http-server/build/src/Server/ExceptionManager/index.js:41:39)
    at ExceptionManager.handle (/home/farmageo/api.farmageo.com.ar/node_modules/@adonisjs/http-server/build/src/Server/ExceptionManager/index.js:92:20)
    at Server.handleRequest (/home/farmageo/api.farmageo.com.ar/node_modules/@adonisjs/http-server/build/src/Server/index.js:111:34)
    at runMicrotasks (<anonymous>)
    at processTicksAndRejections (node:internal/process/task_queues:96:5)
Thu Nov 10 2022 12:14:13 GMT-0300 (Argentina Standard Time) Error Handler: TypeError: Cannot read properties of undefined (reading 'status')
    at ExceptionManager.handleError (/home/farmageo/api.farmageo.com.ar/node_modules/@adonisjs/http-server/build/src/Server/ExceptionManager/index.js:41:39)
    at ExceptionManager.handle (/home/farmageo/api.farmageo.com.ar/node_modules/@adonisjs/http-server/build/src/Server/ExceptionManager/index.js:92:20)
    at Server.handleRequest (/home/farmageo/api.farmageo.com.ar/node_modules/@adonisjs/http-server/build/src/Server/index.js:111:34)
    at runMicrotasks (<anonymous>)
    at processTicksAndRejections (node:internal/process/task_queues:96:5)
Thu Nov 10 2022 12:14:13 GMT-0300 (Argentina Standard Time) Error Handler: TypeError: Cannot read properties of undefined (reading 'status')
    at ExceptionManager.handleError (/home/farmageo/api.farmageo.com.ar/node_modules/@adonisjs/http-server/build/src/Server/ExceptionManager/index.js:41:39)
    at ExceptionManager.handle (/home/farmageo/api.farmageo.com.ar/node_modules/@adonisjs/http-server/build/src/Server/ExceptionManager/index.js:92:20)
    at Server.handleRequest (/home/farmageo/api.farmageo.com.ar/node_modules/@adonisjs/http-server/build/src/Server/index.js:111:34)
    at runMicrotasks (<anonymous>)
    at processTicksAndRejections (node:internal/process/task_queues:96:5)
Thu Nov 10 2022 12:14:13 GMT-0300 (Argentina Standard Time) Error Handler: TypeError: Cannot read properties of undefined (reading 'status')
    at ExceptionManager.handleError (/home/farmageo/api.farmageo.com.ar/node_modules/@adonisjs/http-server/build/src/Server/ExceptionManager/index.js:41:39)
    at ExceptionManager.handle (/home/farmageo/api.farmageo.com.ar/node_modules/@adonisjs/http-server/build/src/Server/ExceptionManager/index.js:92:20)
    at Server.handleRequest (/home/farmageo/api.farmageo.com.ar/node_modules/@adonisjs/http-server/build/src/Server/index.js:111:34)
    at runMicrotasks (<anonymous>)
    at processTicksAndRejections (node:internal/process/task_queues:96:5)
Thu Nov 10 2022 12:14:13 GMT-0300 (Argentina Standard Time) Error Handler: TypeError: Cannot read properties of undefined (reading 'status')
    at ExceptionManager.handleError (/home/farmageo/api.farmageo.com.ar/node_modules/@adonisjs/http-server/build/src/Server/ExceptionManager/index.js:41:39)
    at ExceptionManager.handle (/home/farmageo/api.farmageo.com.ar/node_modules/@adonisjs/http-server/build/src/Server/ExceptionManager/index.js:92:20)
    at Server.handleRequest (/home/farmageo/api.farmageo.com.ar/node_modules/@adonisjs/http-server/build/src/Server/index.js:111:34)
    at runMicrotasks (<anonymous>)
    at processTicksAndRejections (node:internal/process/task_queues:96:5)
Thu Nov 10 2022 12:14:13 GMT-0300 (Argentina Standard Time) Error Handler: TypeError: Cannot read properties of undefined (reading 'status')
    at ExceptionManager.handleError (/home/farmageo/api.farmageo.com.ar/node_modules/@adonisjs/http-server/build/src/Server/ExceptionManager/index.js:41:39)
    at ExceptionManager.handle (/home/farmageo/api.farmageo.com.ar/node_modules/@adonisjs/http-server/build/src/Server/ExceptionManager/index.js:92:20)
    at Server.handleRequest (/home/farmageo/api.farmageo.com.ar/node_modules/@adonisjs/http-server/build/src/Server/index.js:111:34)
    at runMicrotasks (<anonymous>)
    at processTicksAndRejections (node:internal/process/task_queues:96:5)
Thu Nov 10 2022 12:14:13 GMT-0300 (Argentina Standard Time) Error Handler: TypeError: Cannot read properties of undefined (reading 'status')
    at ExceptionManager.handleError (/home/farmageo/api.farmageo.com.ar/node_modules/@adonisjs/http-server/build/src/Server/ExceptionManager/index.js:41:39)
    at ExceptionManager.handle (/home/farmageo/api.farmageo.com.ar/node_modules/@adonisjs/http-server/build/src/Server/ExceptionManager/index.js:92:20)
    at Server.handleRequest (/home/farmageo/api.farmageo.com.ar/node_modules/@adonisjs/http-server/build/src/Server/index.js:111:34)
    at runMicrotasks (<anonymous>)
    at processTicksAndRejections (node:internal/process/task_queues:96:5)
Thu Nov 10 2022 12:14:13 GMT-0300 (Argentina Standard Time) Error Handler: TypeError: Cannot read properties of undefined (reading 'status')
    at ExceptionManager.handleError (/home/farmageo/api.farmageo.com.ar/node_modules/@adonisjs/http-server/build/src/Server/ExceptionManager/index.js:41:39)
    at ExceptionManager.handle (/home/farmageo/api.farmageo.com.ar/node_modules/@adonisjs/http-server/build/src/Server/ExceptionManager/index.js:92:20)
    at Server.handleRequest (/home/farmageo/api.farmageo.com.ar/node_modules/@adonisjs/http-server/build/src/Server/index.js:111:34)
    at runMicrotasks (<anonymous>)
    at processTicksAndRejections (node:internal/process/task_queues:96:5)
Thu Nov 10 2022 12:14:13 GMT-0300 (Argentina Standard Time) Error Handler: TypeError: Cannot read properties of undefined (reading 'status')
    at ExceptionManager.handleError (/home/farmageo/api.farmageo.com.ar/node_modules/@adonisjs/http-server/build/src/Server/ExceptionManager/index.js:41:39)
    at ExceptionManager.handle (/home/farmageo/api.farmageo.com.ar/node_modules/@adonisjs/http-server/build/src/Server/ExceptionManager/index.js:92:20)
    at Server.handleRequest (/home/farmageo/api.farmageo.com.ar/node_modules/@adonisjs/http-server/build/src/Server/index.js:111:34)
    at runMicrotasks (<anonymous>)
    at processTicksAndRejections (node:internal/process/task_queues:96:5)
Thu Nov 10 2022 12:14:13 GMT-0300 (Argentina Standard Time) Error Handler: TypeError: Cannot read properties of undefined (reading 'status')
    at ExceptionManager.handleError (/home/farmageo/api.farmageo.com.ar/node_modules/@adonisjs/http-server/build/src/Server/ExceptionManager/index.js:41:39)
    at ExceptionManager.handle (/home/farmageo/api.farmageo.com.ar/node_modules/@adonisjs/http-server/build/src/Server/ExceptionManager/index.js:92:20)
    at Server.handleRequest (/home/farmageo/api.farmageo.com.ar/node_modules/@adonisjs/http-server/build/src/Server/index.js:111:34)
    at runMicrotasks (<anonymous>)
    at processTicksAndRejections (node:internal/process/task_queues:96:5)
Thu Nov 10 2022 12:14:13 GMT-0300 (Argentina Standard Time) Error Handler: TypeError: Cannot read properties of undefined (reading 'status')
    at ExceptionManager.handleError (/home/farmageo/api.farmageo.com.ar/node_modules/@adonisjs/http-server/build/src/Server/ExceptionManager/index.js:41:39)
    at ExceptionManager.handle (/home/farmageo/api.farmageo.com.ar/node_modules/@adonisjs/http-server/build/src/Server/ExceptionManager/index.js:92:20)
    at Server.handleRequest (/home/farmageo/api.farmageo.com.ar/node_modules/@adonisjs/http-server/build/src/Server/index.js:111:34)
    at runMicrotasks (<anonymous>)
    at processTicksAndRejections (node:internal/process/task_queues:96:5)
Thu Nov 10 2022 12:14:13 GMT-0300 (Argentina Standard Time) Error Handler: TypeError: Cannot read properties of undefined (reading 'status')
    at ExceptionManager.handleError (/home/farmageo/api.farmageo.com.ar/node_modules/@adonisjs/http-server/build/src/Server/ExceptionManager/index.js:41:39)
    at ExceptionManager.handle (/home/farmageo/api.farmageo.com.ar/node_modules/@adonisjs/http-server/build/src/Server/ExceptionManager/index.js:92:20)
    at Server.handleRequest (/home/farmageo/api.farmageo.com.ar/node_modules/@adonisjs/http-server/build/src/Server/index.js:111:34)
    at runMicrotasks (<anonymous>)
    at processTicksAndRejections (node:internal/process/task_queues:96:5)
Thu Nov 10 2022 12:14:13 GMT-0300 (Argentina Standard Time) Error Handler: TypeError: Cannot read properties of undefined (reading 'status')
    at ExceptionManager.handleError (/home/farmageo/api.farmageo.com.ar/node_modules/@adonisjs/http-server/build/src/Server/ExceptionManager/index.js:41:39)
    at ExceptionManager.handle (/home/farmageo/api.farmageo.com.ar/node_modules/@adonisjs/http-server/build/src/Server/ExceptionManager/index.js:92:20)
    at Server.handleRequest (/home/farmageo/api.farmageo.com.ar/node_modules/@adonisjs/http-server/build/src/Server/index.js:111:34)
    at runMicrotasks (<anonymous>)
    at processTicksAndRejections (node:internal/process/task_queues:96:5)
Thu Nov 10 2022 12:14:13 GMT-0300 (Argentina Standard Time) Error Handler: TypeError: Cannot read properties of undefined (reading 'status')
    at ExceptionManager.handleError (/home/farmageo/api.farmageo.com.ar/node_modules/@adonisjs/http-server/build/src/Server/ExceptionManager/index.js:41:39)
    at ExceptionManager.handle (/home/farmageo/api.farmageo.com.ar/node_modules/@adonisjs/http-server/build/src/Server/ExceptionManager/index.js:92:20)
    at Server.handleRequest (/home/farmageo/api.farmageo.com.ar/node_modules/@adonisjs/http-server/build/src/Server/index.js:111:34)
    at runMicrotasks (<anonymous>)
    at processTicksAndRejections (node:internal/process/task_queues:96:5)
Thu Nov 10 2022 12:14:13 GMT-0300 (Argentina Standard Time) Error Handler: TypeError: Cannot read properties of undefined (reading 'status')
    at ExceptionManager.handleError (/home/farmageo/api.farmageo.com.ar/node_modules/@adonisjs/http-server/build/src/Server/ExceptionManager/index.js:41:39)
    at ExceptionManager.handle (/home/farmageo/api.farmageo.com.ar/node_modules/@adonisjs/http-server/build/src/Server/ExceptionManager/index.js:92:20)
    at Server.handleRequest (/home/farmageo/api.farmageo.com.ar/node_modules/@adonisjs/http-server/build/src/Server/index.js:111:34)
    at runMicrotasks (<anonymous>)
    at processTicksAndRejections (node:internal/process/task_queues:96:5)
Thu Nov 10 2022 12:14:13 GMT-0300 (Argentina Standard Time) Error Handler: TypeError: Cannot read properties of undefined (reading 'status')
    at ExceptionManager.handleError (/home/farmageo/api.farmageo.com.ar/node_modules/@adonisjs/http-server/build/src/Server/ExceptionManager/index.js:41:39)
    at ExceptionManager.handle (/home/farmageo/api.farmageo.com.ar/node_modules/@adonisjs/http-server/build/src/Server/ExceptionManager/index.js:92:20)
    at Server.handleRequest (/home/farmageo/api.farmageo.com.ar/node_modules/@adonisjs/http-server/build/src/Server/index.js:111:34)
    at runMicrotasks (<anonymous>)
    at processTicksAndRejections (node:internal/process/task_queues:96:5)
Thu Nov 10 2022 12:14:13 GMT-0300 (Argentina Standard Time) Error Handler: TypeError: Cannot read properties of undefined (reading 'status')
    at ExceptionManager.handleError (/home/farmageo/api.farmageo.com.ar/node_modules/@adonisjs/http-server/build/src/Server/ExceptionManager/index.js:41:39)
    at ExceptionManager.handle (/home/farmageo/api.farmageo.com.ar/node_modules/@adonisjs/http-server/build/src/Server/ExceptionManager/index.js:92:20)
    at Server.handleRequest (/home/farmageo/api.farmageo.com.ar/node_modules/@adonisjs/http-server/build/src/Server/index.js:111:34)
    at runMicrotasks (<anonymous>)
    at processTicksAndRejections (node:internal/process/task_queues:96:5)
Thu Nov 10 2022 12:14:13 GMT-0300 (Argentina Standard Time) Error Handler: TypeError: Cannot read properties of undefined (reading 'status')
    at ExceptionManager.handleError (/home/farmageo/api.farmageo.com.ar/node_modules/@adonisjs/http-server/build/src/Server/ExceptionManager/index.js:41:39)
    at ExceptionManager.handle (/home/farmageo/api.farmageo.com.ar/node_modules/@adonisjs/http-server/build/src/Server/ExceptionManager/index.js:92:20)
    at Server.handleRequest (/home/farmageo/api.farmageo.com.ar/node_modules/@adonisjs/http-server/build/src/Server/index.js:111:34)
    at runMicrotasks (<anonymous>)
    at processTicksAndRejections (node:internal/process/task_queues:96:5)
Thu Nov 10 2022 12:14:13 GMT-0300 (Argentina Standard Time) Error Handler: TypeError: Cannot read properties of undefined (reading 'status')
    at ExceptionManager.handleError (/home/farmageo/api.farmageo.com.ar/node_modules/@adonisjs/http-server/build/src/Server/ExceptionManager/index.js:41:39)
    at ExceptionManager.handle (/home/farmageo/api.farmageo.com.ar/node_modules/@adonisjs/http-server/build/src/Server/ExceptionManager/index.js:92:20)
    at Server.handleRequest (/home/farmageo/api.farmageo.com.ar/node_modules/@adonisjs/http-server/build/src/Server/index.js:111:34)
    at runMicrotasks (<anonymous>)
    at processTicksAndRejections (node:internal/process/task_queues:96:5)
Thu Nov 10 2022 12:14:13 GMT-0300 (Argentina Standard Time) Error Handler: TypeError: Cannot read properties of undefined (reading 'status')
    at ExceptionManager.handleError (/home/farmageo/api.farmageo.com.ar/node_modules/@adonisjs/http-server/build/src/Server/ExceptionManager/index.js:41:39)
    at ExceptionManager.handle (/home/farmageo/api.farmageo.com.ar/node_modules/@adonisjs/http-server/build/src/Server/ExceptionManager/index.js:92:20)
    at Server.handleRequest (/home/farmageo/api.farmageo.com.ar/node_modules/@adonisjs/http-server/build/src/Server/index.js:111:34)
    at runMicrotasks (<anonymous>)
    at processTicksAndRejections (node:internal/process/task_queues:96:5)
Thu Nov 10 2022 12:14:13 GMT-0300 (Argentina Standard Time) Error Handler: TypeError: Cannot read properties of undefined (reading 'status')
    at ExceptionManager.handleError (/home/farmageo/api.farmageo.com.ar/node_modules/@adonisjs/http-server/build/src/Server/ExceptionManager/index.js:41:39)
    at ExceptionManager.handle (/home/farmageo/api.farmageo.com.ar/node_modules/@adonisjs/http-server/build/src/Server/ExceptionManager/index.js:92:20)
    at Server.handleRequest (/home/farmageo/api.farmageo.com.ar/node_modules/@adonisjs/http-server/build/src/Server/index.js:111:34)
    at runMicrotasks (<anonymous>)
    at processTicksAndRejections (node:internal/process/task_queues:96:5)
Thu Nov 10 2022 12:14:13 GMT-0300 (Argentina Standard Time) Error Handler: TypeError: Cannot read properties of undefined (reading 'status')
    at ExceptionManager.handleError (/home/farmageo/api.farmageo.com.ar/node_modules/@adonisjs/http-server/build/src/Server/ExceptionManager/index.js:41:39)
    at ExceptionManager.handle (/home/farmageo/api.farmageo.com.ar/node_modules/@adonisjs/http-server/build/src/Server/ExceptionManager/index.js:92:20)
    at Server.handleRequest (/home/farmageo/api.farmageo.com.ar/node_modules/@adonisjs/http-server/build/src/Server/index.js:111:34)
    at runMicrotasks (<anonymous>)
    at processTicksAndRejections (node:internal/process/task_queues:96:5)
Thu Nov 10 2022 12:14:13 GMT-0300 (Argentina Standard Time) Error Handler: TypeError: Cannot read properties of undefined (reading 'status')
    at ExceptionManager.handleError (/home/farmageo/api.farmageo.com.ar/node_modules/@adonisjs/http-server/build/src/Server/ExceptionManager/index.js:41:39)
    at ExceptionManager.handle (/home/farmageo/api.farmageo.com.ar/node_modules/@adonisjs/http-server/build/src/Server/ExceptionManager/index.js:92:20)
    at Server.handleRequest (/home/farmageo/api.farmageo.com.ar/node_modules/@adonisjs/http-server/build/src/Server/index.js:111:34)
    at runMicrotasks (<anonymous>)
    at processTicksAndRejections (node:internal/process/task_queues:96:5)
Thu Nov 10 2022 12:14:13 GMT-0300 (Argentina Standard Time) Error Handler: TypeError: Cannot read properties of undefined (reading 'status')
    at ExceptionManager.handleError (/home/farmageo/api.farmageo.com.ar/node_modules/@adonisjs/http-server/build/src/Server/ExceptionManager/index.js:41:39)
    at ExceptionManager.handle (/home/farmageo/api.farmageo.com.ar/node_modules/@adonisjs/http-server/build/src/Server/ExceptionManager/index.js:92:20)
    at Server.handleRequest (/home/farmageo/api.farmageo.com.ar/node_modules/@adonisjs/http-server/build/src/Server/index.js:111:34)
    at runMicrotasks (<anonymous>)
    at processTicksAndRejections (node:internal/process/task_queues:96:5)
Thu Nov 10 2022 12:14:13 GMT-0300 (Argentina Standard Time) Error Handler: TypeError: Cannot read properties of undefined (reading 'status')
    at ExceptionManager.handleError (/home/farmageo/api.farmageo.com.ar/node_modules/@adonisjs/http-server/build/src/Server/ExceptionManager/index.js:41:39)
    at ExceptionManager.handle (/home/farmageo/api.farmageo.com.ar/node_modules/@adonisjs/http-server/build/src/Server/ExceptionManager/index.js:92:20)
    at Server.handleRequest (/home/farmageo/api.farmageo.com.ar/node_modules/@adonisjs/http-server/build/src/Server/index.js:111:34)
    at runMicrotasks (<anonymous>)
    at processTicksAndRejections (node:internal/process/task_queues:96:5)
Thu Nov 10 2022 12:14:13 GMT-0300 (Argentina Standard Time) Error Handler: TypeError: Cannot read properties of undefined (reading 'status')
    at ExceptionManager.handleError (/home/farmageo/api.farmageo.com.ar/node_modules/@adonisjs/http-server/build/src/Server/ExceptionManager/index.js:41:39)
    at ExceptionManager.handle (/home/farmageo/api.farmageo.com.ar/node_modules/@adonisjs/http-server/build/src/Server/ExceptionManager/index.js:92:20)
    at Server.handleRequest (/home/farmageo/api.farmageo.com.ar/node_modules/@adonisjs/http-server/build/src/Server/index.js:111:34)
    at runMicrotasks (<anonymous>)
    at processTicksAndRejections (node:internal/process/task_queues:96:5)
Thu Nov 10 2022 12:14:13 GMT-0300 (Argentina Standard Time) Error Handler: TypeError: Cannot read properties of undefined (reading 'status')
    at ExceptionManager.handleError (/home/farmageo/api.farmageo.com.ar/node_modules/@adonisjs/http-server/build/src/Server/ExceptionManager/index.js:41:39)
    at ExceptionManager.handle (/home/farmageo/api.farmageo.com.ar/node_modules/@adonisjs/http-server/build/src/Server/ExceptionManager/index.js:92:20)
    at Server.handleRequest (/home/farmageo/api.farmageo.com.ar/node_modules/@adonisjs/http-server/build/src/Server/index.js:111:34)
    at runMicrotasks (<anonymous>)
    at processTicksAndRejections (node:internal/process/task_queues:96:5)
Thu Nov 10 2022 12:14:13 GMT-0300 (Argentina Standard Time) Error Handler: TypeError: Cannot read properties of undefined (reading 'status')
    at ExceptionManager.handleError (/home/farmageo/api.farmageo.com.ar/node_modules/@adonisjs/http-server/build/src/Server/ExceptionManager/index.js:41:39)
    at ExceptionManager.handle (/home/farmageo/api.farmageo.com.ar/node_modules/@adonisjs/http-server/build/src/Server/ExceptionManager/index.js:92:20)
    at Server.handleRequest (/home/farmageo/api.farmageo.com.ar/node_modules/@adonisjs/http-server/build/src/Server/index.js:111:34)
    at runMicrotasks (<anonymous>)
    at processTicksAndRejections (node:internal/process/task_queues:96:5)
Thu Nov 10 2022 12:14:13 GMT-0300 (Argentina Standard Time) Error Handler: TypeError: Cannot read properties of undefined (reading 'status')
    at ExceptionManager.handleError (/home/farmageo/api.farmageo.com.ar/node_modules/@adonisjs/http-server/build/src/Server/ExceptionManager/index.js:41:39)
    at ExceptionManager.handle (/home/farmageo/api.farmageo.com.ar/node_modules/@adonisjs/http-server/build/src/Server/ExceptionManager/index.js:92:20)
    at Server.handleRequest (/home/farmageo/api.farmageo.com.ar/node_modules/@adonisjs/http-server/build/src/Server/index.js:111:34)
    at runMicrotasks (<anonymous>)
    at processTicksAndRejections (node:internal/process/task_queues:96:5)
Thu Nov 10 2022 12:14:13 GMT-0300 (Argentina Standard Time) Error Handler: TypeError: Cannot read properties of undefined (reading 'status')
    at ExceptionManager.handleError (/home/farmageo/api.farmageo.com.ar/node_modules/@adonisjs/http-server/build/src/Server/ExceptionManager/index.js:41:39)
    at ExceptionManager.handle (/home/farmageo/api.farmageo.com.ar/node_modules/@adonisjs/http-server/build/src/Server/ExceptionManager/index.js:92:20)
    at Server.handleRequest (/home/farmageo/api.farmageo.com.ar/node_modules/@adonisjs/http-server/build/src/Server/index.js:111:34)
    at runMicrotasks (<anonymous>)
    at processTicksAndRejections (node:internal/process/task_queues:96:5)
Thu Nov 10 2022 12:14:13 GMT-0300 (Argentina Standard Time) Error Handler: TypeError: Cannot read properties of undefined (reading 'status')
    at ExceptionManager.handleError (/home/farmageo/api.farmageo.com.ar/node_modules/@adonisjs/http-server/build/src/Server/ExceptionManager/index.js:41:39)
    at ExceptionManager.handle (/home/farmageo/api.farmageo.com.ar/node_modules/@adonisjs/http-server/build/src/Server/ExceptionManager/index.js:92:20)
    at Server.handleRequest (/home/farmageo/api.farmageo.com.ar/node_modules/@adonisjs/http-server/build/src/Server/index.js:111:34)
    at runMicrotasks (<anonymous>)
    at processTicksAndRejections (node:internal/process/task_queues:96:5)
Thu Nov 10 2022 12:14:13 GMT-0300 (Argentina Standard Time) Error Handler: TypeError: Cannot read properties of undefined (reading 'status')
    at ExceptionManager.handleError (/home/farmageo/api.farmageo.com.ar/node_modules/@adonisjs/http-server/build/src/Server/ExceptionManager/index.js:41:39)
    at ExceptionManager.handle (/home/farmageo/api.farmageo.com.ar/node_modules/@adonisjs/http-server/build/src/Server/ExceptionManager/index.js:92:20)
    at Server.handleRequest (/home/farmageo/api.farmageo.com.ar/node_modules/@adonisjs/http-server/build/src/Server/index.js:111:34)
    at runMicrotasks (<anonymous>)
    at processTicksAndRejections (node:internal/process/task_queues:96:5)
Thu Nov 10 2022 12:14:13 GMT-0300 (Argentina Standard Time) Error Handler: TypeError: Cannot read properties of undefined (reading 'status')
    at ExceptionManager.handleError (/home/farmageo/api.farmageo.com.ar/node_modules/@adonisjs/http-server/build/src/Server/ExceptionManager/index.js:41:39)
    at ExceptionManager.handle (/home/farmageo/api.farmageo.com.ar/node_modules/@adonisjs/http-server/build/src/Server/ExceptionManager/index.js:92:20)
    at Server.handleRequest (/home/farmageo/api.farmageo.com.ar/node_modules/@adonisjs/http-server/build/src/Server/index.js:111:34)
    at runMicrotasks (<anonymous>)
    at processTicksAndRejections (node:internal/process/task_queues:96:5)
Thu Nov 10 2022 12:14:13 GMT-0300 (Argentina Standard Time) Error Handler: TypeError: Cannot read properties of undefined (reading 'status')
    at ExceptionManager.handleError (/home/farmageo/api.farmageo.com.ar/node_modules/@adonisjs/http-server/build/src/Server/ExceptionManager/index.js:41:39)
    at ExceptionManager.handle (/home/farmageo/api.farmageo.com.ar/node_modules/@adonisjs/http-server/build/src/Server/ExceptionManager/index.js:92:20)
    at Server.handleRequest (/home/farmageo/api.farmageo.com.ar/node_modules/@adonisjs/http-server/build/src/Server/index.js:111:34)
    at runMicrotasks (<anonymous>)
    at processTicksAndRejections (node:internal/process/task_queues:96:5)
Thu Nov 10 2022 12:14:13 GMT-0300 (Argentina Standard Time) Error Handler: TypeError: Cannot read properties of undefined (reading 'status')
    at ExceptionManager.handleError (/home/farmageo/api.farmageo.com.ar/node_modules/@adonisjs/http-server/build/src/Server/ExceptionManager/index.js:41:39)
    at ExceptionManager.handle (/home/farmageo/api.farmageo.com.ar/node_modules/@adonisjs/http-server/build/src/Server/ExceptionManager/index.js:92:20)
    at Server.handleRequest (/home/farmageo/api.farmageo.com.ar/node_modules/@adonisjs/http-server/build/src/Server/index.js:111:34)
    at runMicrotasks (<anonymous>)
    at processTicksAndRejections (node:internal/process/task_queues:96:5)
Thu Nov 10 2022 12:14:13 GMT-0300 (Argentina Standard Time) Error Handler: TypeError: Cannot read properties of undefined (reading 'status')
    at ExceptionManager.handleError (/home/farmageo/api.farmageo.com.ar/node_modules/@adonisjs/http-server/build/src/Server/ExceptionManager/index.js:41:39)
    at ExceptionManager.handle (/home/farmageo/api.farmageo.com.ar/node_modules/@adonisjs/http-server/build/src/Server/ExceptionManager/index.js:92:20)
    at Server.handleRequest (/home/farmageo/api.farmageo.com.ar/node_modules/@adonisjs/http-server/build/src/Server/index.js:111:34)
    at runMicrotasks (<anonymous>)
    at processTicksAndRejections (node:internal/process/task_queues:96:5)
Thu Nov 10 2022 12:14:13 GMT-0300 (Argentina Standard Time) Error Handler: TypeError: Cannot read properties of undefined (reading 'status')
    at ExceptionManager.handleError (/home/farmageo/api.farmageo.com.ar/node_modules/@adonisjs/http-server/build/src/Server/ExceptionManager/index.js:41:39)
    at ExceptionManager.handle (/home/farmageo/api.farmageo.com.ar/node_modules/@adonisjs/http-server/build/src/Server/ExceptionManager/index.js:92:20)
    at Server.handleRequest (/home/farmageo/api.farmageo.com.ar/node_modules/@adonisjs/http-server/build/src/Server/index.js:111:34)
    at runMicrotasks (<anonymous>)
    at processTicksAndRejections (node:internal/process/task_queues:96:5)
Thu Nov 10 2022 12:14:13 GMT-0300 (Argentina Standard Time) Error Handler: TypeError: Cannot read properties of undefined (reading 'status')
    at ExceptionManager.handleError (/home/farmageo/api.farmageo.com.ar/node_modules/@adonisjs/http-server/build/src/Server/ExceptionManager/index.js:41:39)
    at ExceptionManager.handle (/home/farmageo/api.farmageo.com.ar/node_modules/@adonisjs/http-server/build/src/Server/ExceptionManager/index.js:92:20)
    at Server.handleRequest (/home/farmageo/api.farmageo.com.ar/node_modules/@adonisjs/http-server/build/src/Server/index.js:111:34)
    at runMicrotasks (<anonymous>)
    at processTicksAndRejections (node:internal/process/task_queues:96:5)
Thu Nov 10 2022 12:14:13 GMT-0300 (Argentina Standard Time) Error Handler: TypeError: Cannot read properties of undefined (reading 'status')
    at ExceptionManager.handleError (/home/farmageo/api.farmageo.com.ar/node_modules/@adonisjs/http-server/build/src/Server/ExceptionManager/index.js:41:39)
    at ExceptionManager.handle (/home/farmageo/api.farmageo.com.ar/node_modules/@adonisjs/http-server/build/src/Server/ExceptionManager/index.js:92:20)
    at Server.handleRequest (/home/farmageo/api.farmageo.com.ar/node_modules/@adonisjs/http-server/build/src/Server/index.js:111:34)
    at runMicrotasks (<anonymous>)
    at processTicksAndRejections (node:internal/process/task_queues:96:5)
Thu Nov 10 2022 12:14:13 GMT-0300 (Argentina Standard Time) Error Handler: TypeError: Cannot read properties of undefined (reading 'status')
    at ExceptionManager.handleError (/home/farmageo/api.farmageo.com.ar/node_modules/@adonisjs/http-server/build/src/Server/ExceptionManager/index.js:41:39)
    at ExceptionManager.handle (/home/farmageo/api.farmageo.com.ar/node_modules/@adonisjs/http-server/build/src/Server/ExceptionManager/index.js:92:20)
    at Server.handleRequest (/home/farmageo/api.farmageo.com.ar/node_modules/@adonisjs/http-server/build/src/Server/index.js:111:34)
    at runMicrotasks (<anonymous>)
    at processTicksAndRejections (node:internal/process/task_queues:96:5)
Thu Nov 10 2022 12:14:13 GMT-0300 (Argentina Standard Time) Error Handler: TypeError: Cannot read properties of undefined (reading 'status')
    at ExceptionManager.handleError (/home/farmageo/api.farmageo.com.ar/node_modules/@adonisjs/http-server/build/src/Server/ExceptionManager/index.js:41:39)
    at ExceptionManager.handle (/home/farmageo/api.farmageo.com.ar/node_modules/@adonisjs/http-server/build/src/Server/ExceptionManager/index.js:92:20)
    at Server.handleRequest (/home/farmageo/api.farmageo.com.ar/node_modules/@adonisjs/http-server/build/src/Server/index.js:111:34)
    at runMicrotasks (<anonymous>)
    at processTicksAndRejections (node:internal/process/task_queues:96:5)
Thu Nov 10 2022 12:14:13 GMT-0300 (Argentina Standard Time) Error Handler: TypeError: Cannot read properties of undefined (reading 'status')
    at ExceptionManager.handleError (/home/farmageo/api.farmageo.com.ar/node_modules/@adonisjs/http-server/build/src/Server/ExceptionManager/index.js:41:39)
    at ExceptionManager.handle (/home/farmageo/api.farmageo.com.ar/node_modules/@adonisjs/http-server/build/src/Server/ExceptionManager/index.js:92:20)
    at Server.handleRequest (/home/farmageo/api.farmageo.com.ar/node_modules/@adonisjs/http-server/build/src/Server/index.js:111:34)
    at runMicrotasks (<anonymous>)
    at processTicksAndRejections (node:internal/process/task_queues:96:5)
Thu Nov 10 2022 12:14:13 GMT-0300 (Argentina Standard Time) Error Handler: TypeError: Cannot read properties of undefined (reading 'status')
    at ExceptionManager.handleError (/home/farmageo/api.farmageo.com.ar/node_modules/@adonisjs/http-server/build/src/Server/ExceptionManager/index.js:41:39)
    at ExceptionManager.handle (/home/farmageo/api.farmageo.com.ar/node_modules/@adonisjs/http-server/build/src/Server/ExceptionManager/index.js:92:20)
    at Server.handleRequest (/home/farmageo/api.farmageo.com.ar/node_modules/@adonisjs/http-server/build/src/Server/index.js:111:34)
    at runMicrotasks (<anonymous>)
    at processTicksAndRejections (node:internal/process/task_queues:96:5)
Thu Nov 10 2022 12:14:13 GMT-0300 (Argentina Standard Time) Error Handler: TypeError: Cannot read properties of undefined (reading 'status')
    at ExceptionManager.handleError (/home/farmageo/api.farmageo.com.ar/node_modules/@adonisjs/http-server/build/src/Server/ExceptionManager/index.js:41:39)
    at ExceptionManager.handle (/home/farmageo/api.farmageo.com.ar/node_modules/@adonisjs/http-server/build/src/Server/ExceptionManager/index.js:92:20)
    at Server.handleRequest (/home/farmageo/api.farmageo.com.ar/node_modules/@adonisjs/http-server/build/src/Server/index.js:111:34)
    at runMicrotasks (<anonymous>)
    at processTicksAndRejections (node:internal/process/task_queues:96:5)
Thu Nov 10 2022 12:14:13 GMT-0300 (Argentina Standard Time) Error Handler: TypeError: Cannot read properties of undefined (reading 'status')
    at ExceptionManager.handleError (/home/farmageo/api.farmageo.com.ar/node_modules/@adonisjs/http-server/build/src/Server/ExceptionManager/index.js:41:39)
    at ExceptionManager.handle (/home/farmageo/api.farmageo.com.ar/node_modules/@adonisjs/http-server/build/src/Server/ExceptionManager/index.js:92:20)
    at Server.handleRequest (/home/farmageo/api.farmageo.com.ar/node_modules/@adonisjs/http-server/build/src/Server/index.js:111:34)
    at runMicrotasks (<anonymous>)
    at processTicksAndRejections (node:internal/process/task_queues:96:5)
Thu Nov 10 2022 12:14:13 GMT-0300 (Argentina Standard Time) Error Handler: TypeError: Cannot read properties of undefined (reading 'status')
    at ExceptionManager.handleError (/home/farmageo/api.farmageo.com.ar/node_modules/@adonisjs/http-server/build/src/Server/ExceptionManager/index.js:41:39)
    at ExceptionManager.handle (/home/farmageo/api.farmageo.com.ar/node_modules/@adonisjs/http-server/build/src/Server/ExceptionManager/index.js:92:20)
    at Server.handleRequest (/home/farmageo/api.farmageo.com.ar/node_modules/@adonisjs/http-server/build/src/Server/index.js:111:34)
    at runMicrotasks (<anonymous>)
    at processTicksAndRejections (node:internal/process/task_queues:96:5)
Thu Nov 10 2022 12:14:13 GMT-0300 (Argentina Standard Time) Error Handler: TypeError: Cannot read properties of undefined (reading 'status')
    at ExceptionManager.handleError (/home/farmageo/api.farmageo.com.ar/node_modules/@adonisjs/http-server/build/src/Server/ExceptionManager/index.js:41:39)
    at ExceptionManager.handle (/home/farmageo/api.farmageo.com.ar/node_modules/@adonisjs/http-server/build/src/Server/ExceptionManager/index.js:92:20)
    at Server.handleRequest (/home/farmageo/api.farmageo.com.ar/node_modules/@adonisjs/http-server/build/src/Server/index.js:111:34)
    at runMicrotasks (<anonymous>)
    at processTicksAndRejections (node:internal/process/task_queues:96:5)
Thu Nov 10 2022 12:14:13 GMT-0300 (Argentina Standard Time) Error Handler: TypeError: Cannot read properties of undefined (reading 'status')
    at ExceptionManager.handleError (/home/farmageo/api.farmageo.com.ar/node_modules/@adonisjs/http-server/build/src/Server/ExceptionManager/index.js:41:39)
    at ExceptionManager.handle (/home/farmageo/api.farmageo.com.ar/node_modules/@adonisjs/http-server/build/src/Server/ExceptionManager/index.js:92:20)
    at Server.handleRequest (/home/farmageo/api.farmageo.com.ar/node_modules/@adonisjs/http-server/build/src/Server/index.js:111:34)
    at runMicrotasks (<anonymous>)
    at processTicksAndRejections (node:internal/process/task_queues:96:5)
Thu Nov 10 2022 12:14:13 GMT-0300 (Argentina Standard Time) Error Handler: TypeError: Cannot read properties of undefined (reading 'status')
    at ExceptionManager.handleError (/home/farmageo/api.farmageo.com.ar/node_modules/@adonisjs/http-server/build/src/Server/ExceptionManager/index.js:41:39)
    at ExceptionManager.handle (/home/farmageo/api.farmageo.com.ar/node_modules/@adonisjs/http-server/build/src/Server/ExceptionManager/index.js:92:20)
    at Server.handleRequest (/home/farmageo/api.farmageo.com.ar/node_modules/@adonisjs/http-server/build/src/Server/index.js:111:34)
    at runMicrotasks (<anonymous>)
    at processTicksAndRejections (node:internal/process/task_queues:96:5)
Thu Nov 10 2022 12:14:13 GMT-0300 (Argentina Standard Time) Error Handler: TypeError: Cannot read properties of undefined (reading 'status')
    at ExceptionManager.handleError (/home/farmageo/api.farmageo.com.ar/node_modules/@adonisjs/http-server/build/src/Server/ExceptionManager/index.js:41:39)
    at ExceptionManager.handle (/home/farmageo/api.farmageo.com.ar/node_modules/@adonisjs/http-server/build/src/Server/ExceptionManager/index.js:92:20)
    at Server.handleRequest (/home/farmageo/api.farmageo.com.ar/node_modules/@adonisjs/http-server/build/src/Server/index.js:111:34)
    at runMicrotasks (<anonymous>)
    at processTicksAndRejections (node:internal/process/task_queues:96:5)
Thu Nov 10 2022 12:14:13 GMT-0300 (Argentina Standard Time) Error Handler: TypeError: Cannot read properties of undefined (reading 'status')
    at ExceptionManager.handleError (/home/farmageo/api.farmageo.com.ar/node_modules/@adonisjs/http-server/build/src/Server/ExceptionManager/index.js:41:39)
    at ExceptionManager.handle (/home/farmageo/api.farmageo.com.ar/node_modules/@adonisjs/http-server/build/src/Server/ExceptionManager/index.js:92:20)
    at Server.handleRequest (/home/farmageo/api.farmageo.com.ar/node_modules/@adonisjs/http-server/build/src/Server/index.js:111:34)
    at runMicrotasks (<anonymous>)
    at processTicksAndRejections (node:internal/process/task_queues:96:5)
Thu Nov 10 2022 12:14:13 GMT-0300 (Argentina Standard Time) Error Handler: TypeError: Cannot read properties of undefined (reading 'status')
    at ExceptionManager.handleError (/home/farmageo/api.farmageo.com.ar/node_modules/@adonisjs/http-server/build/src/Server/ExceptionManager/index.js:41:39)
    at ExceptionManager.handle (/home/farmageo/api.farmageo.com.ar/node_modules/@adonisjs/http-server/build/src/Server/ExceptionManager/index.js:92:20)
    at Server.handleRequest (/home/farmageo/api.farmageo.com.ar/node_modules/@adonisjs/http-server/build/src/Server/index.js:111:34)
    at runMicrotasks (<anonymous>)
    at processTicksAndRejections (node:internal/process/task_queues:96:5)
Thu Nov 10 2022 12:14:13 GMT-0300 (Argentina Standard Time) Error Handler: TypeError: Cannot read properties of undefined (reading 'status')
    at ExceptionManager.handleError (/home/farmageo/api.farmageo.com.ar/node_modules/@adonisjs/http-server/build/src/Server/ExceptionManager/index.js:41:39)
    at ExceptionManager.handle (/home/farmageo/api.farmageo.com.ar/node_modules/@adonisjs/http-server/build/src/Server/ExceptionManager/index.js:92:20)
    at Server.handleRequest (/home/farmageo/api.farmageo.com.ar/node_modules/@adonisjs/http-server/build/src/Server/index.js:111:34)
    at runMicrotasks (<anonymous>)
    at processTicksAndRejections (node:internal/process/task_queues:96:5)
Thu Nov 10 2022 12:14:13 GMT-0300 (Argentina Standard Time) Error Handler: TypeError: Cannot read properties of undefined (reading 'status')
    at ExceptionManager.handleError (/home/farmageo/api.farmageo.com.ar/node_modules/@adonisjs/http-server/build/src/Server/ExceptionManager/index.js:41:39)
    at ExceptionManager.handle (/home/farmageo/api.farmageo.com.ar/node_modules/@adonisjs/http-server/build/src/Server/ExceptionManager/index.js:92:20)
    at Server.handleRequest (/home/farmageo/api.farmageo.com.ar/node_modules/@adonisjs/http-server/build/src/Server/index.js:111:34)
    at runMicrotasks (<anonymous>)
    at processTicksAndRejections (node:internal/process/task_queues:96:5)
Thu Nov 10 2022 12:14:13 GMT-0300 (Argentina Standard Time) Error Handler: TypeError: Cannot read properties of undefined (reading 'status')
    at ExceptionManager.handleError (/home/farmageo/api.farmageo.com.ar/node_modules/@adonisjs/http-server/build/src/Server/ExceptionManager/index.js:41:39)
    at ExceptionManager.handle (/home/farmageo/api.farmageo.com.ar/node_modules/@adonisjs/http-server/build/src/Server/ExceptionManager/index.js:92:20)
    at Server.handleRequest (/home/farmageo/api.farmageo.com.ar/node_modules/@adonisjs/http-server/build/src/Server/index.js:111:34)
    at runMicrotasks (<anonymous>)
    at processTicksAndRejections (node:internal/process/task_queues:96:5)
Thu Nov 10 2022 12:14:13 GMT-0300 (Argentina Standard Time) Error Handler: TypeError: Cannot read properties of undefined (reading 'status')
    at ExceptionManager.handleError (/home/farmageo/api.farmageo.com.ar/node_modules/@adonisjs/http-server/build/src/Server/ExceptionManager/index.js:41:39)
    at ExceptionManager.handle (/home/farmageo/api.farmageo.com.ar/node_modules/@adonisjs/http-server/build/src/Server/ExceptionManager/index.js:92:20)
    at Server.handleRequest (/home/farmageo/api.farmageo.com.ar/node_modules/@adonisjs/http-server/build/src/Server/index.js:111:34)
    at runMicrotasks (<anonymous>)
    at processTicksAndRejections (node:internal/process/task_queues:96:5)
Thu Nov 10 2022 12:14:13 GMT-0300 (Argentina Standard Time) Error Handler: TypeError: Cannot read properties of undefined (reading 'status')
    at ExceptionManager.handleError (/home/farmageo/api.farmageo.com.ar/node_modules/@adonisjs/http-server/build/src/Server/ExceptionManager/index.js:41:39)
    at ExceptionManager.handle (/home/farmageo/api.farmageo.com.ar/node_modules/@adonisjs/http-server/build/src/Server/ExceptionManager/index.js:92:20)
    at Server.handleRequest (/home/farmageo/api.farmageo.com.ar/node_modules/@adonisjs/http-server/build/src/Server/index.js:111:34)
    at runMicrotasks (<anonymous>)
    at processTicksAndRejections (node:internal/process/task_queues:96:5)
Thu Nov 10 2022 12:14:13 GMT-0300 (Argentina Standard Time) Error Handler: TypeError: Cannot read properties of undefined (reading 'status')
    at ExceptionManager.handleError (/home/farmageo/api.farmageo.com.ar/node_modules/@adonisjs/http-server/build/src/Server/ExceptionManager/index.js:41:39)
    at ExceptionManager.handle (/home/farmageo/api.farmageo.com.ar/node_modules/@adonisjs/http-server/build/src/Server/ExceptionManager/index.js:92:20)
    at Server.handleRequest (/home/farmageo/api.farmageo.com.ar/node_modules/@adonisjs/http-server/build/src/Server/index.js:111:34)
    at runMicrotasks (<anonymous>)
    at processTicksAndRejections (node:internal/process/task_queues:96:5)
Thu Nov 10 2022 12:14:13 GMT-0300 (Argentina Standard Time) Error Handler: TypeError: Cannot read properties of undefined (reading 'status')
    at ExceptionManager.handleError (/home/farmageo/api.farmageo.com.ar/node_modules/@adonisjs/http-server/build/src/Server/ExceptionManager/index.js:41:39)
    at ExceptionManager.handle (/home/farmageo/api.farmageo.com.ar/node_modules/@adonisjs/http-server/build/src/Server/ExceptionManager/index.js:92:20)
    at Server.handleRequest (/home/farmageo/api.farmageo.com.ar/node_modules/@adonisjs/http-server/build/src/Server/index.js:111:34)
    at runMicrotasks (<anonymous>)
    at processTicksAndRejections (node:internal/process/task_queues:96:5)
Thu Nov 10 2022 12:14:13 GMT-0300 (Argentina Standard Time) Error Handler: TypeError: Cannot read properties of undefined (reading 'status')
    at ExceptionManager.handleError (/home/farmageo/api.farmageo.com.ar/node_modules/@adonisjs/http-server/build/src/Server/ExceptionManager/index.js:41:39)
    at ExceptionManager.handle (/home/farmageo/api.farmageo.com.ar/node_modules/@adonisjs/http-server/build/src/Server/ExceptionManager/index.js:92:20)
    at Server.handleRequest (/home/farmageo/api.farmageo.com.ar/node_modules/@adonisjs/http-server/build/src/Server/index.js:111:34)
    at runMicrotasks (<anonymous>)
    at processTicksAndRejections (node:internal/process/task_queues:96:5)
Thu Nov 10 2022 12:14:13 GMT-0300 (Argentina Standard Time) Error Handler: TypeError: Cannot read properties of undefined (reading 'status')
    at ExceptionManager.handleError (/home/farmageo/api.farmageo.com.ar/node_modules/@adonisjs/http-server/build/src/Server/ExceptionManager/index.js:41:39)
    at ExceptionManager.handle (/home/farmageo/api.farmageo.com.ar/node_modules/@adonisjs/http-server/build/src/Server/ExceptionManager/index.js:92:20)
    at Server.handleRequest (/home/farmageo/api.farmageo.com.ar/node_modules/@adonisjs/http-server/build/src/Server/index.js:111:34)
    at runMicrotasks (<anonymous>)
    at processTicksAndRejections (node:internal/process/task_queues:96:5)
Thu Nov 10 2022 12:14:13 GMT-0300 (Argentina Standard Time) Error Handler: TypeError: Cannot read properties of undefined (reading 'status')
    at ExceptionManager.handleError (/home/farmageo/api.farmageo.com.ar/node_modules/@adonisjs/http-server/build/src/Server/ExceptionManager/index.js:41:39)
    at ExceptionManager.handle (/home/farmageo/api.farmageo.com.ar/node_modules/@adonisjs/http-server/build/src/Server/ExceptionManager/index.js:92:20)
    at Server.handleRequest (/home/farmageo/api.farmageo.com.ar/node_modules/@adonisjs/http-server/build/src/Server/index.js:111:34)
    at runMicrotasks (<anonymous>)
    at processTicksAndRejections (node:internal/process/task_queues:96:5)
Thu Nov 10 2022 12:14:13 GMT-0300 (Argentina Standard Time) Error Handler: TypeError: Cannot read properties of undefined (reading 'status')
    at ExceptionManager.handleError (/home/farmageo/api.farmageo.com.ar/node_modules/@adonisjs/http-server/build/src/Server/ExceptionManager/index.js:41:39)
    at ExceptionManager.handle (/home/farmageo/api.farmageo.com.ar/node_modules/@adonisjs/http-server/build/src/Server/ExceptionManager/index.js:92:20)
    at Server.handleRequest (/home/farmageo/api.farmageo.com.ar/node_modules/@adonisjs/http-server/build/src/Server/index.js:111:34)
    at runMicrotasks (<anonymous>)
    at processTicksAndRejections (node:internal/process/task_queues:96:5)
Thu Nov 10 2022 12:14:13 GMT-0300 (Argentina Standard Time) Error Handler: TypeError: Cannot read properties of undefined (reading 'status')
    at ExceptionManager.handleError (/home/farmageo/api.farmageo.com.ar/node_modules/@adonisjs/http-server/build/src/Server/ExceptionManager/index.js:41:39)
    at ExceptionManager.handle (/home/farmageo/api.farmageo.com.ar/node_modules/@adonisjs/http-server/build/src/Server/ExceptionManager/index.js:92:20)
    at Server.handleRequest (/home/farmageo/api.farmageo.com.ar/node_modules/@adonisjs/http-server/build/src/Server/index.js:111:34)
    at runMicrotasks (<anonymous>)
    at processTicksAndRejections (node:internal/process/task_queues:96:5)
Thu Nov 10 2022 12:14:13 GMT-0300 (Argentina Standard Time) Error Handler: TypeError: Cannot read properties of undefined (reading 'status')
    at ExceptionManager.handleError (/home/farmageo/api.farmageo.com.ar/node_modules/@adonisjs/http-server/build/src/Server/ExceptionManager/index.js:41:39)
    at ExceptionManager.handle (/home/farmageo/api.farmageo.com.ar/node_modules/@adonisjs/http-server/build/src/Server/ExceptionManager/index.js:92:20)
    at Server.handleRequest (/home/farmageo/api.farmageo.com.ar/node_modules/@adonisjs/http-server/build/src/Server/index.js:111:34)
    at runMicrotasks (<anonymous>)
    at processTicksAndRejections (node:internal/process/task_queues:96:5)
Thu Nov 10 2022 12:14:13 GMT-0300 (Argentina Standard Time) Error Handler: TypeError: Cannot read properties of undefined (reading 'status')
    at ExceptionManager.handleError (/home/farmageo/api.farmageo.com.ar/node_modules/@adonisjs/http-server/build/src/Server/ExceptionManager/index.js:41:39)
    at ExceptionManager.handle (/home/farmageo/api.farmageo.com.ar/node_modules/@adonisjs/http-server/build/src/Server/ExceptionManager/index.js:92:20)
    at Server.handleRequest (/home/farmageo/api.farmageo.com.ar/node_modules/@adonisjs/http-server/build/src/Server/index.js:111:34)
    at runMicrotasks (<anonymous>)
    at processTicksAndRejections (node:internal/process/task_queues:96:5)
Thu Nov 10 2022 12:14:13 GMT-0300 (Argentina Standard Time) Error Handler: TypeError: Cannot read properties of undefined (reading 'status')
    at ExceptionManager.handleError (/home/farmageo/api.farmageo.com.ar/node_modules/@adonisjs/http-server/build/src/Server/ExceptionManager/index.js:41:39)
    at ExceptionManager.handle (/home/farmageo/api.farmageo.com.ar/node_modules/@adonisjs/http-server/build/src/Server/ExceptionManager/index.js:92:20)
    at Server.handleRequest (/home/farmageo/api.farmageo.com.ar/node_modules/@adonisjs/http-server/build/src/Server/index.js:111:34)
    at runMicrotasks (<anonymous>)
    at processTicksAndRejections (node:internal/process/task_queues:96:5)
Thu Nov 10 2022 12:14:13 GMT-0300 (Argentina Standard Time) Error Handler: TypeError: Cannot read properties of undefined (reading 'status')
    at ExceptionManager.handleError (/home/farmageo/api.farmageo.com.ar/node_modules/@adonisjs/http-server/build/src/Server/ExceptionManager/index.js:41:39)
    at ExceptionManager.handle (/home/farmageo/api.farmageo.com.ar/node_modules/@adonisjs/http-server/build/src/Server/ExceptionManager/index.js:92:20)
    at Server.handleRequest (/home/farmageo/api.farmageo.com.ar/node_modules/@adonisjs/http-server/build/src/Server/index.js:111:34)
    at runMicrotasks (<anonymous>)
    at processTicksAndRejections (node:internal/process/task_queues:96:5)
Thu Nov 10 2022 12:14:13 GMT-0300 (Argentina Standard Time) Error Handler: TypeError: Cannot read properties of undefined (reading 'status')
    at ExceptionManager.handleError (/home/farmageo/api.farmageo.com.ar/node_modules/@adonisjs/http-server/build/src/Server/ExceptionManager/index.js:41:39)
    at ExceptionManager.handle (/home/farmageo/api.farmageo.com.ar/node_modules/@adonisjs/http-server/build/src/Server/ExceptionManager/index.js:92:20)
    at Server.handleRequest (/home/farmageo/api.farmageo.com.ar/node_modules/@adonisjs/http-server/build/src/Server/index.js:111:34)
    at runMicrotasks (<anonymous>)
    at processTicksAndRejections (node:internal/process/task_queues:96:5)
Thu Nov 10 2022 12:14:13 GMT-0300 (Argentina Standard Time) Error Handler: TypeError: Cannot read properties of undefined (reading 'status')
    at ExceptionManager.handleError (/home/farmageo/api.farmageo.com.ar/node_modules/@adonisjs/http-server/build/src/Server/ExceptionManager/index.js:41:39)
    at ExceptionManager.handle (/home/farmageo/api.farmageo.com.ar/node_modules/@adonisjs/http-server/build/src/Server/ExceptionManager/index.js:92:20)
    at Server.handleRequest (/home/farmageo/api.farmageo.com.ar/node_modules/@adonisjs/http-server/build/src/Server/index.js:111:34)
    at runMicrotasks (<anonymous>)
    at processTicksAndRejections (node:internal/process/task_queues:96:5)
Thu Nov 10 2022 12:14:13 GMT-0300 (Argentina Standard Time) Error Handler: TypeError: Cannot read properties of undefined (reading 'status')
    at ExceptionManager.handleError (/home/farmageo/api.farmageo.com.ar/node_modules/@adonisjs/http-server/build/src/Server/ExceptionManager/index.js:41:39)
    at ExceptionManager.handle (/home/farmageo/api.farmageo.com.ar/node_modules/@adonisjs/http-server/build/src/Server/ExceptionManager/index.js:92:20)
    at Server.handleRequest (/home/farmageo/api.farmageo.com.ar/node_modules/@adonisjs/http-server/build/src/Server/index.js:111:34)
    at runMicrotasks (<anonymous>)
    at processTicksAndRejections (node:internal/process/task_queues:96:5)
Thu Nov 10 2022 12:14:13 GMT-0300 (Argentina Standard Time) Error Handler: TypeError: Cannot read properties of undefined (reading 'status')
    at ExceptionManager.handleError (/home/farmageo/api.farmageo.com.ar/node_modules/@adonisjs/http-server/build/src/Server/ExceptionManager/index.js:41:39)
    at ExceptionManager.handle (/home/farmageo/api.farmageo.com.ar/node_modules/@adonisjs/http-server/build/src/Server/ExceptionManager/index.js:92:20)
    at Server.handleRequest (/home/farmageo/api.farmageo.com.ar/node_modules/@adonisjs/http-server/build/src/Server/index.js:111:34)
    at runMicrotasks (<anonymous>)
    at processTicksAndRejections (node:internal/process/task_queues:96:5)
Thu Nov 10 2022 12:14:13 GMT-0300 (Argentina Standard Time) Error Handler: TypeError: Cannot read properties of undefined (reading 'status')
    at ExceptionManager.handleError (/home/farmageo/api.farmageo.com.ar/node_modules/@adonisjs/http-server/build/src/Server/ExceptionManager/index.js:41:39)
    at ExceptionManager.handle (/home/farmageo/api.farmageo.com.ar/node_modules/@adonisjs/http-server/build/src/Server/ExceptionManager/index.js:92:20)
    at Server.handleRequest (/home/farmageo/api.farmageo.com.ar/node_modules/@adonisjs/http-server/build/src/Server/index.js:111:34)
    at runMicrotasks (<anonymous>)
    at processTicksAndRejections (node:internal/process/task_queues:96:5)
Thu Nov 10 2022 12:14:13 GMT-0300 (Argentina Standard Time) Error Handler: TypeError: Cannot read properties of undefined (reading 'status')
    at ExceptionManager.handleError (/home/farmageo/api.farmageo.com.ar/node_modules/@adonisjs/http-server/build/src/Server/ExceptionManager/index.js:41:39)
    at ExceptionManager.handle (/home/farmageo/api.farmageo.com.ar/node_modules/@adonisjs/http-server/build/src/Server/ExceptionManager/index.js:92:20)
    at Server.handleRequest (/home/farmageo/api.farmageo.com.ar/node_modules/@adonisjs/http-server/build/src/Server/index.js:111:34)
    at runMicrotasks (<anonymous>)
    at processTicksAndRejections (node:internal/process/task_queues:96:5)
Thu Nov 10 2022 12:14:13 GMT-0300 (Argentina Standard Time) Error Handler: TypeError: Cannot read properties of undefined (reading 'status')
    at ExceptionManager.handleError (/home/farmageo/api.farmageo.com.ar/node_modules/@adonisjs/http-server/build/src/Server/ExceptionManager/index.js:41:39)
    at ExceptionManager.handle (/home/farmageo/api.farmageo.com.ar/node_modules/@adonisjs/http-server/build/src/Server/ExceptionManager/index.js:92:20)
    at Server.handleRequest (/home/farmageo/api.farmageo.com.ar/node_modules/@adonisjs/http-server/build/src/Server/index.js:111:34)
    at runMicrotasks (<anonymous>)
    at processTicksAndRejections (node:internal/process/task_queues:96:5)
Thu Nov 10 2022 12:14:13 GMT-0300 (Argentina Standard Time) Error Handler: TypeError: Cannot read properties of undefined (reading 'status')
    at ExceptionManager.handleError (/home/farmageo/api.farmageo.com.ar/node_modules/@adonisjs/http-server/build/src/Server/ExceptionManager/index.js:41:39)
    at ExceptionManager.handle (/home/farmageo/api.farmageo.com.ar/node_modules/@adonisjs/http-server/build/src/Server/ExceptionManager/index.js:92:20)
    at Server.handleRequest (/home/farmageo/api.farmageo.com.ar/node_modules/@adonisjs/http-server/build/src/Server/index.js:111:34)
    at runMicrotasks (<anonymous>)
    at processTicksAndRejections (node:internal/process/task_queues:96:5)
Thu Nov 10 2022 12:14:13 GMT-0300 (Argentina Standard Time) Error Handler: TypeError: Cannot read properties of undefined (reading 'status')
    at ExceptionManager.handleError (/home/farmageo/api.farmageo.com.ar/node_modules/@adonisjs/http-server/build/src/Server/ExceptionManager/index.js:41:39)
    at ExceptionManager.handle (/home/farmageo/api.farmageo.com.ar/node_modules/@adonisjs/http-server/build/src/Server/ExceptionManager/index.js:92:20)
    at Server.handleRequest (/home/farmageo/api.farmageo.com.ar/node_modules/@adonisjs/http-server/build/src/Server/index.js:111:34)
    at runMicrotasks (<anonymous>)
    at processTicksAndRejections (node:internal/process/task_queues:96:5)
Thu Nov 10 2022 12:14:13 GMT-0300 (Argentina Standard Time) Error Handler: TypeError: Cannot read properties of undefined (reading 'status')
    at ExceptionManager.handleError (/home/farmageo/api.farmageo.com.ar/node_modules/@adonisjs/http-server/build/src/Server/ExceptionManager/index.js:41:39)
    at ExceptionManager.handle (/home/farmageo/api.farmageo.com.ar/node_modules/@adonisjs/http-server/build/src/Server/ExceptionManager/index.js:92:20)
    at Server.handleRequest (/home/farmageo/api.farmageo.com.ar/node_modules/@adonisjs/http-server/build/src/Server/index.js:111:34)
    at runMicrotasks (<anonymous>)
    at processTicksAndRejections (node:internal/process/task_queues:96:5)
Thu Nov 10 2022 12:14:13 GMT-0300 (Argentina Standard Time) Error Handler: TypeError: Cannot read properties of undefined (reading 'status')
    at ExceptionManager.handleError (/home/farmageo/api.farmageo.com.ar/node_modules/@adonisjs/http-server/build/src/Server/ExceptionManager/index.js:41:39)
    at ExceptionManager.handle (/home/farmageo/api.farmageo.com.ar/node_modules/@adonisjs/http-server/build/src/Server/ExceptionManager/index.js:92:20)
    at Server.handleRequest (/home/farmageo/api.farmageo.com.ar/node_modules/@adonisjs/http-server/build/src/Server/index.js:111:34)
    at runMicrotasks (<anonymous>)
    at processTicksAndRejections (node:internal/process/task_queues:96:5)
Thu Nov 10 2022 12:14:13 GMT-0300 (Argentina Standard Time) Error Handler: TypeError: Cannot read properties of undefined (reading 'status')
    at ExceptionManager.handleError (/home/farmageo/api.farmageo.com.ar/node_modules/@adonisjs/http-server/build/src/Server/ExceptionManager/index.js:41:39)
    at ExceptionManager.handle (/home/farmageo/api.farmageo.com.ar/node_modules/@adonisjs/http-server/build/src/Server/ExceptionManager/index.js:92:20)
    at Server.handleRequest (/home/farmageo/api.farmageo.com.ar/node_modules/@adonisjs/http-server/build/src/Server/index.js:111:34)
    at runMicrotasks (<anonymous>)
    at processTicksAndRejections (node:internal/process/task_queues:96:5)
Thu Nov 10 2022 12:14:13 GMT-0300 (Argentina Standard Time) Error Handler: TypeError: Cannot read properties of undefined (reading 'status')
    at ExceptionManager.handleError (/home/farmageo/api.farmageo.com.ar/node_modules/@adonisjs/http-server/build/src/Server/ExceptionManager/index.js:41:39)
    at ExceptionManager.handle (/home/farmageo/api.farmageo.com.ar/node_modules/@adonisjs/http-server/build/src/Server/ExceptionManager/index.js:92:20)
    at Server.handleRequest (/home/farmageo/api.farmageo.com.ar/node_modules/@adonisjs/http-server/build/src/Server/index.js:111:34)
    at runMicrotasks (<anonymous>)
    at processTicksAndRejections (node:internal/process/task_queues:96:5)
Thu Nov 10 2022 12:14:13 GMT-0300 (Argentina Standard Time) Error Handler: TypeError: Cannot read properties of undefined (reading 'status')
    at ExceptionManager.handleError (/home/farmageo/api.farmageo.com.ar/node_modules/@adonisjs/http-server/build/src/Server/ExceptionManager/index.js:41:39)
    at ExceptionManager.handle (/home/farmageo/api.farmageo.com.ar/node_modules/@adonisjs/http-server/build/src/Server/ExceptionManager/index.js:92:20)
    at Server.handleRequest (/home/farmageo/api.farmageo.com.ar/node_modules/@adonisjs/http-server/build/src/Server/index.js:111:34)
    at runMicrotasks (<anonymous>)
    at processTicksAndRejections (node:internal/process/task_queues:96:5)
Thu Nov 10 2022 12:14:13 GMT-0300 (Argentina Standard Time) Error Handler: TypeError: Cannot read properties of undefined (reading 'status')
    at ExceptionManager.handleError (/home/farmageo/api.farmageo.com.ar/node_modules/@adonisjs/http-server/build/src/Server/ExceptionManager/index.js:41:39)
    at ExceptionManager.handle (/home/farmageo/api.farmageo.com.ar/node_modules/@adonisjs/http-server/build/src/Server/ExceptionManager/index.js:92:20)
    at Server.handleRequest (/home/farmageo/api.farmageo.com.ar/node_modules/@adonisjs/http-server/build/src/Server/index.js:111:34)
    at runMicrotasks (<anonymous>)
    at processTicksAndRejections (node:internal/process/task_queues:96:5)
Thu Nov 10 2022 12:14:13 GMT-0300 (Argentina Standard Time) Error Handler: TypeError: Cannot read properties of undefined (reading 'status')
    at ExceptionManager.handleError (/home/farmageo/api.farmageo.com.ar/node_modules/@adonisjs/http-server/build/src/Server/ExceptionManager/index.js:41:39)
    at ExceptionManager.handle (/home/farmageo/api.farmageo.com.ar/node_modules/@adonisjs/http-server/build/src/Server/ExceptionManager/index.js:92:20)
    at Server.handleRequest (/home/farmageo/api.farmageo.com.ar/node_modules/@adonisjs/http-server/build/src/Server/index.js:111:34)
    at runMicrotasks (<anonymous>)
    at processTicksAndRejections (node:internal/process/task_queues:96:5)
Thu Nov 10 2022 12:14:13 GMT-0300 (Argentina Standard Time) Error Handler: TypeError: Cannot read properties of undefined (reading 'status')
    at ExceptionManager.handleError (/home/farmageo/api.farmageo.com.ar/node_modules/@adonisjs/http-server/build/src/Server/ExceptionManager/index.js:41:39)
    at ExceptionManager.handle (/home/farmageo/api.farmageo.com.ar/node_modules/@adonisjs/http-server/build/src/Server/ExceptionManager/index.js:92:20)
    at Server.handleRequest (/home/farmageo/api.farmageo.com.ar/node_modules/@adonisjs/http-server/build/src/Server/index.js:111:34)
    at runMicrotasks (<anonymous>)
    at processTicksAndRejections (node:internal/process/task_queues:96:5)
Thu Nov 10 2022 12:14:13 GMT-0300 (Argentina Standard Time) Error Handler: TypeError: Cannot read properties of undefined (reading 'status')
    at ExceptionManager.handleError (/home/farmageo/api.farmageo.com.ar/node_modules/@adonisjs/http-server/build/src/Server/ExceptionManager/index.js:41:39)
    at ExceptionManager.handle (/home/farmageo/api.farmageo.com.ar/node_modules/@adonisjs/http-server/build/src/Server/ExceptionManager/index.js:92:20)
    at Server.handleRequest (/home/farmageo/api.farmageo.com.ar/node_modules/@adonisjs/http-server/build/src/Server/index.js:111:34)
    at runMicrotasks (<anonymous>)
    at processTicksAndRejections (node:internal/process/task_queues:96:5)
Thu Nov 10 2022 12:14:13 GMT-0300 (Argentina Standard Time) Error Handler: TypeError: Cannot read properties of undefined (reading 'status')
    at ExceptionManager.handleError (/home/farmageo/api.farmageo.com.ar/node_modules/@adonisjs/http-server/build/src/Server/ExceptionManager/index.js:41:39)
    at ExceptionManager.handle (/home/farmageo/api.farmageo.com.ar/node_modules/@adonisjs/http-server/build/src/Server/ExceptionManager/index.js:92:20)
    at Server.handleRequest (/home/farmageo/api.farmageo.com.ar/node_modules/@adonisjs/http-server/build/src/Server/index.js:111:34)
    at runMicrotasks (<anonymous>)
    at processTicksAndRejections (node:internal/process/task_queues:96:5)
Thu Nov 10 2022 12:14:13 GMT-0300 (Argentina Standard Time) Error Handler: TypeError: Cannot read properties of undefined (reading 'status')
    at ExceptionManager.handleError (/home/farmageo/api.farmageo.com.ar/node_modules/@adonisjs/http-server/build/src/Server/ExceptionManager/index.js:41:39)
    at ExceptionManager.handle (/home/farmageo/api.farmageo.com.ar/node_modules/@adonisjs/http-server/build/src/Server/ExceptionManager/index.js:92:20)
    at Server.handleRequest (/home/farmageo/api.farmageo.com.ar/node_modules/@adonisjs/http-server/build/src/Server/index.js:111:34)
    at runMicrotasks (<anonymous>)
    at processTicksAndRejections (node:internal/process/task_queues:96:5)
Thu Nov 10 2022 12:14:13 GMT-0300 (Argentina Standard Time) Error Handler: TypeError: Cannot read properties of undefined (reading 'status')
    at ExceptionManager.handleError (/home/farmageo/api.farmageo.com.ar/node_modules/@adonisjs/http-server/build/src/Server/ExceptionManager/index.js:41:39)
    at ExceptionManager.handle (/home/farmageo/api.farmageo.com.ar/node_modules/@adonisjs/http-server/build/src/Server/ExceptionManager/index.js:92:20)
    at Server.handleRequest (/home/farmageo/api.farmageo.com.ar/node_modules/@adonisjs/http-server/build/src/Server/index.js:111:34)
    at runMicrotasks (<anonymous>)
    at processTicksAndRejections (node:internal/process/task_queues:96:5)
Thu Nov 10 2022 12:14:13 GMT-0300 (Argentina Standard Time) Error Handler: TypeError: Cannot read properties of undefined (reading 'status')
    at ExceptionManager.handleError (/home/farmageo/api.farmageo.com.ar/node_modules/@adonisjs/http-server/build/src/Server/ExceptionManager/index.js:41:39)
    at ExceptionManager.handle (/home/farmageo/api.farmageo.com.ar/node_modules/@adonisjs/http-server/build/src/Server/ExceptionManager/index.js:92:20)
    at Server.handleRequest (/home/farmageo/api.farmageo.com.ar/node_modules/@adonisjs/http-server/build/src/Server/index.js:111:34)
    at runMicrotasks (<anonymous>)
    at processTicksAndRejections (node:internal/process/task_queues:96:5)
Thu Nov 10 2022 12:14:13 GMT-0300 (Argentina Standard Time) Error Handler: TypeError: Cannot read properties of undefined (reading 'status')
    at ExceptionManager.handleError (/home/farmageo/api.farmageo.com.ar/node_modules/@adonisjs/http-server/build/src/Server/ExceptionManager/index.js:41:39)
    at ExceptionManager.handle (/home/farmageo/api.farmageo.com.ar/node_modules/@adonisjs/http-server/build/src/Server/ExceptionManager/index.js:92:20)
    at Server.handleRequest (/home/farmageo/api.farmageo.com.ar/node_modules/@adonisjs/http-server/build/src/Server/index.js:111:34)
    at runMicrotasks (<anonymous>)
    at processTicksAndRejections (node:internal/process/task_queues:96:5)
Thu Nov 10 2022 12:14:13 GMT-0300 (Argentina Standard Time) Error Handler: TypeError: Cannot read properties of undefined (reading 'status')
    at ExceptionManager.handleError (/home/farmageo/api.farmageo.com.ar/node_modules/@adonisjs/http-server/build/src/Server/ExceptionManager/index.js:41:39)
    at ExceptionManager.handle (/home/farmageo/api.farmageo.com.ar/node_modules/@adonisjs/http-server/build/src/Server/ExceptionManager/index.js:92:20)
    at Server.handleRequest (/home/farmageo/api.farmageo.com.ar/node_modules/@adonisjs/http-server/build/src/Server/index.js:111:34)
    at runMicrotasks (<anonymous>)
    at processTicksAndRejections (node:internal/process/task_queues:96:5)
Thu Nov 10 2022 12:14:13 GMT-0300 (Argentina Standard Time) Error Handler: TypeError: Cannot read properties of undefined (reading 'status')
    at ExceptionManager.handleError (/home/farmageo/api.farmageo.com.ar/node_modules/@adonisjs/http-server/build/src/Server/ExceptionManager/index.js:41:39)
    at ExceptionManager.handle (/home/farmageo/api.farmageo.com.ar/node_modules/@adonisjs/http-server/build/src/Server/ExceptionManager/index.js:92:20)
    at Server.handleRequest (/home/farmageo/api.farmageo.com.ar/node_modules/@adonisjs/http-server/build/src/Server/index.js:111:34)
    at runMicrotasks (<anonymous>)
    at processTicksAndRejections (node:internal/process/task_queues:96:5)
Thu Nov 10 2022 12:14:13 GMT-0300 (Argentina Standard Time) Error Handler: TypeError: Cannot read properties of undefined (reading 'status')
    at ExceptionManager.handleError (/home/farmageo/api.farmageo.com.ar/node_modules/@adonisjs/http-server/build/src/Server/ExceptionManager/index.js:41:39)
    at ExceptionManager.handle (/home/farmageo/api.farmageo.com.ar/node_modules/@adonisjs/http-server/build/src/Server/ExceptionManager/index.js:92:20)
    at Server.handleRequest (/home/farmageo/api.farmageo.com.ar/node_modules/@adonisjs/http-server/build/src/Server/index.js:111:34)
    at runMicrotasks (<anonymous>)
    at processTicksAndRejections (node:internal/process/task_queues:96:5)
Thu Nov 10 2022 12:14:13 GMT-0300 (Argentina Standard Time) Error Handler: TypeError: Cannot read properties of undefined (reading 'status')
    at ExceptionManager.handleError (/home/farmageo/api.farmageo.com.ar/node_modules/@adonisjs/http-server/build/src/Server/ExceptionManager/index.js:41:39)
    at ExceptionManager.handle (/home/farmageo/api.farmageo.com.ar/node_modules/@adonisjs/http-server/build/src/Server/ExceptionManager/index.js:92:20)
    at Server.handleRequest (/home/farmageo/api.farmageo.com.ar/node_modules/@adonisjs/http-server/build/src/Server/index.js:111:34)
    at runMicrotasks (<anonymous>)
    at processTicksAndRejections (node:internal/process/task_queues:96:5)
Thu Nov 10 2022 12:14:13 GMT-0300 (Argentina Standard Time) Error Handler: TypeError: Cannot read properties of undefined (reading 'status')
    at ExceptionManager.handleError (/home/farmageo/api.farmageo.com.ar/node_modules/@adonisjs/http-server/build/src/Server/ExceptionManager/index.js:41:39)
    at ExceptionManager.handle (/home/farmageo/api.farmageo.com.ar/node_modules/@adonisjs/http-server/build/src/Server/ExceptionManager/index.js:92:20)
    at Server.handleRequest (/home/farmageo/api.farmageo.com.ar/node_modules/@adonisjs/http-server/build/src/Server/index.js:111:34)
    at runMicrotasks (<anonymous>)
    at processTicksAndRejections (node:internal/process/task_queues:96:5)
Thu Nov 10 2022 12:14:13 GMT-0300 (Argentina Standard Time) Error Handler: TypeError: Cannot read properties of undefined (reading 'status')
    at ExceptionManager.handleError (/home/farmageo/api.farmageo.com.ar/node_modules/@adonisjs/http-server/build/src/Server/ExceptionManager/index.js:41:39)
    at ExceptionManager.handle (/home/farmageo/api.farmageo.com.ar/node_modules/@adonisjs/http-server/build/src/Server/ExceptionManager/index.js:92:20)
    at Server.handleRequest (/home/farmageo/api.farmageo.com.ar/node_modules/@adonisjs/http-server/build/src/Server/index.js:111:34)
    at runMicrotasks (<anonymous>)
    at processTicksAndRejections (node:internal/process/task_queues:96:5)
Thu Nov 10 2022 12:14:13 GMT-0300 (Argentina Standard Time) Error Handler: TypeError: Cannot read properties of undefined (reading 'status')
    at ExceptionManager.handleError (/home/farmageo/api.farmageo.com.ar/node_modules/@adonisjs/http-server/build/src/Server/ExceptionManager/index.js:41:39)
    at ExceptionManager.handle (/home/farmageo/api.farmageo.com.ar/node_modules/@adonisjs/http-server/build/src/Server/ExceptionManager/index.js:92:20)
    at Server.handleRequest (/home/farmageo/api.farmageo.com.ar/node_modules/@adonisjs/http-server/build/src/Server/index.js:111:34)
    at runMicrotasks (<anonymous>)
    at processTicksAndRejections (node:internal/process/task_queues:96:5)
Thu Nov 10 2022 12:14:13 GMT-0300 (Argentina Standard Time) Error Handler: TypeError: Cannot read properties of undefined (reading 'status')
    at ExceptionManager.handleError (/home/farmageo/api.farmageo.com.ar/node_modules/@adonisjs/http-server/build/src/Server/ExceptionManager/index.js:41:39)
    at ExceptionManager.handle (/home/farmageo/api.farmageo.com.ar/node_modules/@adonisjs/http-server/build/src/Server/ExceptionManager/index.js:92:20)
    at Server.handleRequest (/home/farmageo/api.farmageo.com.ar/node_modules/@adonisjs/http-server/build/src/Server/index.js:111:34)
    at runMicrotasks (<anonymous>)
    at processTicksAndRejections (node:internal/process/task_queues:96:5)
Thu Nov 10 2022 12:14:13 GMT-0300 (Argentina Standard Time) Error Handler: TypeError: Cannot read properties of undefined (reading 'status')
    at ExceptionManager.handleError (/home/farmageo/api.farmageo.com.ar/node_modules/@adonisjs/http-server/build/src/Server/ExceptionManager/index.js:41:39)
    at ExceptionManager.handle (/home/farmageo/api.farmageo.com.ar/node_modules/@adonisjs/http-server/build/src/Server/ExceptionManager/index.js:92:20)
    at Server.handleRequest (/home/farmageo/api.farmageo.com.ar/node_modules/@adonisjs/http-server/build/src/Server/index.js:111:34)
    at runMicrotasks (<anonymous>)
    at processTicksAndRejections (node:internal/process/task_queues:96:5)
Thu Nov 10 2022 12:14:13 GMT-0300 (Argentina Standard Time) Error Handler: TypeError: Cannot read properties of undefined (reading 'status')
    at ExceptionManager.handleError (/home/farmageo/api.farmageo.com.ar/node_modules/@adonisjs/http-server/build/src/Server/ExceptionManager/index.js:41:39)
    at ExceptionManager.handle (/home/farmageo/api.farmageo.com.ar/node_modules/@adonisjs/http-server/build/src/Server/ExceptionManager/index.js:92:20)
    at Server.handleRequest (/home/farmageo/api.farmageo.com.ar/node_modules/@adonisjs/http-server/build/src/Server/index.js:111:34)
    at runMicrotasks (<anonymous>)
    at processTicksAndRejections (node:internal/process/task_queues:96:5)
Thu Nov 10 2022 12:14:13 GMT-0300 (Argentina Standard Time) Error Handler: TypeError: Cannot read properties of undefined (reading 'status')
    at ExceptionManager.handleError (/home/farmageo/api.farmageo.com.ar/node_modules/@adonisjs/http-server/build/src/Server/ExceptionManager/index.js:41:39)
    at ExceptionManager.handle (/home/farmageo/api.farmageo.com.ar/node_modules/@adonisjs/http-server/build/src/Server/ExceptionManager/index.js:92:20)
    at Server.handleRequest (/home/farmageo/api.farmageo.com.ar/node_modules/@adonisjs/http-server/build/src/Server/index.js:111:34)
    at runMicrotasks (<anonymous>)
    at processTicksAndRejections (node:internal/process/task_queues:96:5)
Thu Nov 10 2022 12:14:13 GMT-0300 (Argentina Standard Time) Error Handler: TypeError: Cannot read properties of undefined (reading 'status')
    at ExceptionManager.handleError (/home/farmageo/api.farmageo.com.ar/node_modules/@adonisjs/http-server/build/src/Server/ExceptionManager/index.js:41:39)
    at ExceptionManager.handle (/home/farmageo/api.farmageo.com.ar/node_modules/@adonisjs/http-server/build/src/Server/ExceptionManager/index.js:92:20)
    at Server.handleRequest (/home/farmageo/api.farmageo.com.ar/node_modules/@adonisjs/http-server/build/src/Server/index.js:111:34)
    at runMicrotasks (<anonymous>)
    at processTicksAndRejections (node:internal/process/task_queues:96:5)
Thu Nov 10 2022 12:14:13 GMT-0300 (Argentina Standard Time) Error Handler: TypeError: Cannot read properties of undefined (reading 'status')
    at ExceptionManager.handleError (/home/farmageo/api.farmageo.com.ar/node_modules/@adonisjs/http-server/build/src/Server/ExceptionManager/index.js:41:39)
    at ExceptionManager.handle (/home/farmageo/api.farmageo.com.ar/node_modules/@adonisjs/http-server/build/src/Server/ExceptionManager/index.js:92:20)
    at Server.handleRequest (/home/farmageo/api.farmageo.com.ar/node_modules/@adonisjs/http-server/build/src/Server/index.js:111:34)
    at runMicrotasks (<anonymous>)
    at processTicksAndRejections (node:internal/process/task_queues:96:5)
Thu Nov 10 2022 12:14:13 GMT-0300 (Argentina Standard Time) Error Handler: TypeError: Cannot read properties of undefined (reading 'status')
    at ExceptionManager.handleError (/home/farmageo/api.farmageo.com.ar/node_modules/@adonisjs/http-server/build/src/Server/ExceptionManager/index.js:41:39)
    at ExceptionManager.handle (/home/farmageo/api.farmageo.com.ar/node_modules/@adonisjs/http-server/build/src/Server/ExceptionManager/index.js:92:20)
    at Server.handleRequest (/home/farmageo/api.farmageo.com.ar/node_modules/@adonisjs/http-server/build/src/Server/index.js:111:34)
    at runMicrotasks (<anonymous>)
    at processTicksAndRejections (node:internal/process/task_queues:96:5)
Thu Nov 10 2022 12:14:13 GMT-0300 (Argentina Standard Time) Error Handler: TypeError: Cannot read properties of undefined (reading 'status')
    at ExceptionManager.handleError (/home/farmageo/api.farmageo.com.ar/node_modules/@adonisjs/http-server/build/src/Server/ExceptionManager/index.js:41:39)
    at ExceptionManager.handle (/home/farmageo/api.farmageo.com.ar/node_modules/@adonisjs/http-server/build/src/Server/ExceptionManager/index.js:92:20)
    at Server.handleRequest (/home/farmageo/api.farmageo.com.ar/node_modules/@adonisjs/http-server/build/src/Server/index.js:111:34)
    at runMicrotasks (<anonymous>)
    at processTicksAndRejections (node:internal/process/task_queues:96:5)
Thu Nov 10 2022 12:14:13 GMT-0300 (Argentina Standard Time) Error Handler: TypeError: Cannot read properties of undefined (reading 'status')
    at ExceptionManager.handleError (/home/farmageo/api.farmageo.com.ar/node_modules/@adonisjs/http-server/build/src/Server/ExceptionManager/index.js:41:39)
    at ExceptionManager.handle (/home/farmageo/api.farmageo.com.ar/node_modules/@adonisjs/http-server/build/src/Server/ExceptionManager/index.js:92:20)
    at Server.handleRequest (/home/farmageo/api.farmageo.com.ar/node_modules/@adonisjs/http-server/build/src/Server/index.js:111:34)
    at runMicrotasks (<anonymous>)
    at processTicksAndRejections (node:internal/process/task_queues:96:5)
Thu Nov 10 2022 12:14:13 GMT-0300 (Argentina Standard Time) Error Handler: TypeError: Cannot read properties of undefined (reading 'status')
    at ExceptionManager.handleError (/home/farmageo/api.farmageo.com.ar/node_modules/@adonisjs/http-server/build/src/Server/ExceptionManager/index.js:41:39)
    at ExceptionManager.handle (/home/farmageo/api.farmageo.com.ar/node_modules/@adonisjs/http-server/build/src/Server/ExceptionManager/index.js:92:20)
    at Server.handleRequest (/home/farmageo/api.farmageo.com.ar/node_modules/@adonisjs/http-server/build/src/Server/index.js:111:34)
    at runMicrotasks (<anonymous>)
    at processTicksAndRejections (node:internal/process/task_queues:96:5)
Thu Nov 10 2022 12:14:13 GMT-0300 (Argentina Standard Time) Error Handler: TypeError: Cannot read properties of undefined (reading 'status')
    at ExceptionManager.handleError (/home/farmageo/api.farmageo.com.ar/node_modules/@adonisjs/http-server/build/src/Server/ExceptionManager/index.js:41:39)
    at ExceptionManager.handle (/home/farmageo/api.farmageo.com.ar/node_modules/@adonisjs/http-server/build/src/Server/ExceptionManager/index.js:92:20)
    at Server.handleRequest (/home/farmageo/api.farmageo.com.ar/node_modules/@adonisjs/http-server/build/src/Server/index.js:111:34)
    at runMicrotasks (<anonymous>)
    at processTicksAndRejections (node:internal/process/task_queues:96:5)
Thu Nov 10 2022 12:14:13 GMT-0300 (Argentina Standard Time) Error Handler: TypeError: Cannot read properties of undefined (reading 'status')
    at ExceptionManager.handleError (/home/farmageo/api.farmageo.com.ar/node_modules/@adonisjs/http-server/build/src/Server/ExceptionManager/index.js:41:39)
    at ExceptionManager.handle (/home/farmageo/api.farmageo.com.ar/node_modules/@adonisjs/http-server/build/src/Server/ExceptionManager/index.js:92:20)
    at Server.handleRequest (/home/farmageo/api.farmageo.com.ar/node_modules/@adonisjs/http-server/build/src/Server/index.js:111:34)
    at runMicrotasks (<anonymous>)
    at processTicksAndRejections (node:internal/process/task_queues:96:5)
Thu Nov 10 2022 12:14:13 GMT-0300 (Argentina Standard Time) Error Handler: TypeError: Cannot read properties of undefined (reading 'status')
    at ExceptionManager.handleError (/home/farmageo/api.farmageo.com.ar/node_modules/@adonisjs/http-server/build/src/Server/ExceptionManager/index.js:41:39)
    at ExceptionManager.handle (/home/farmageo/api.farmageo.com.ar/node_modules/@adonisjs/http-server/build/src/Server/ExceptionManager/index.js:92:20)
    at Server.handleRequest (/home/farmageo/api.farmageo.com.ar/node_modules/@adonisjs/http-server/build/src/Server/index.js:111:34)
    at runMicrotasks (<anonymous>)
    at processTicksAndRejections (node:internal/process/task_queues:96:5)
Thu Nov 10 2022 12:14:13 GMT-0300 (Argentina Standard Time) Error Handler: TypeError: Cannot read properties of undefined (reading 'status')
    at ExceptionManager.handleError (/home/farmageo/api.farmageo.com.ar/node_modules/@adonisjs/http-server/build/src/Server/ExceptionManager/index.js:41:39)
    at ExceptionManager.handle (/home/farmageo/api.farmageo.com.ar/node_modules/@adonisjs/http-server/build/src/Server/ExceptionManager/index.js:92:20)
    at Server.handleRequest (/home/farmageo/api.farmageo.com.ar/node_modules/@adonisjs/http-server/build/src/Server/index.js:111:34)
    at runMicrotasks (<anonymous>)
    at processTicksAndRejections (node:internal/process/task_queues:96:5)
Thu Nov 10 2022 12:14:13 GMT-0300 (Argentina Standard Time) Error Handler: TypeError: Cannot read properties of undefined (reading 'status')
    at ExceptionManager.handleError (/home/farmageo/api.farmageo.com.ar/node_modules/@adonisjs/http-server/build/src/Server/ExceptionManager/index.js:41:39)
    at ExceptionManager.handle (/home/farmageo/api.farmageo.com.ar/node_modules/@adonisjs/http-server/build/src/Server/ExceptionManager/index.js:92:20)
    at Server.handleRequest (/home/farmageo/api.farmageo.com.ar/node_modules/@adonisjs/http-server/build/src/Server/index.js:111:34)
    at runMicrotasks (<anonymous>)
    at processTicksAndRejections (node:internal/process/task_queues:96:5)
Thu Nov 10 2022 12:14:13 GMT-0300 (Argentina Standard Time) Error Handler: TypeError: Cannot read properties of undefined (reading 'status')
    at ExceptionManager.handleError (/home/farmageo/api.farmageo.com.ar/node_modules/@adonisjs/http-server/build/src/Server/ExceptionManager/index.js:41:39)
    at ExceptionManager.handle (/home/farmageo/api.farmageo.com.ar/node_modules/@adonisjs/http-server/build/src/Server/ExceptionManager/index.js:92:20)
    at Server.handleRequest (/home/farmageo/api.farmageo.com.ar/node_modules/@adonisjs/http-server/build/src/Server/index.js:111:34)
    at runMicrotasks (<anonymous>)
    at processTicksAndRejections (node:internal/process/task_queues:96:5)
Thu Nov 10 2022 12:14:13 GMT-0300 (Argentina Standard Time) Error Handler: TypeError: Cannot read properties of undefined (reading 'status')
    at ExceptionManager.handleError (/home/farmageo/api.farmageo.com.ar/node_modules/@adonisjs/http-server/build/src/Server/ExceptionManager/index.js:41:39)
    at ExceptionManager.handle (/home/farmageo/api.farmageo.com.ar/node_modules/@adonisjs/http-server/build/src/Server/ExceptionManager/index.js:92:20)
    at Server.handleRequest (/home/farmageo/api.farmageo.com.ar/node_modules/@adonisjs/http-server/build/src/Server/index.js:111:34)
    at runMicrotasks (<anonymous>)
    at processTicksAndRejections (node:internal/process/task_queues:96:5)
Thu Nov 10 2022 12:14:13 GMT-0300 (Argentina Standard Time) Error Handler: TypeError: Cannot read properties of undefined (reading 'status')
    at ExceptionManager.handleError (/home/farmageo/api.farmageo.com.ar/node_modules/@adonisjs/http-server/build/src/Server/ExceptionManager/index.js:41:39)
    at ExceptionManager.handle (/home/farmageo/api.farmageo.com.ar/node_modules/@adonisjs/http-server/build/src/Server/ExceptionManager/index.js:92:20)
    at Server.handleRequest (/home/farmageo/api.farmageo.com.ar/node_modules/@adonisjs/http-server/build/src/Server/index.js:111:34)
    at runMicrotasks (<anonymous>)
    at processTicksAndRejections (node:internal/process/task_queues:96:5)
Thu Nov 10 2022 12:14:13 GMT-0300 (Argentina Standard Time) Error Handler: TypeError: Cannot read properties of undefined (reading 'status')
    at ExceptionManager.handleError (/home/farmageo/api.farmageo.com.ar/node_modules/@adonisjs/http-server/build/src/Server/ExceptionManager/index.js:41:39)
    at ExceptionManager.handle (/home/farmageo/api.farmageo.com.ar/node_modules/@adonisjs/http-server/build/src/Server/ExceptionManager/index.js:92:20)
    at Server.handleRequest (/home/farmageo/api.farmageo.com.ar/node_modules/@adonisjs/http-server/build/src/Server/index.js:111:34)
    at runMicrotasks (<anonymous>)
    at processTicksAndRejections (node:internal/process/task_queues:96:5)
Thu Nov 10 2022 12:14:13 GMT-0300 (Argentina Standard Time) Error Handler: TypeError: Cannot read properties of undefined (reading 'status')
    at ExceptionManager.handleError (/home/farmageo/api.farmageo.com.ar/node_modules/@adonisjs/http-server/build/src/Server/ExceptionManager/index.js:41:39)
    at ExceptionManager.handle (/home/farmageo/api.farmageo.com.ar/node_modules/@adonisjs/http-server/build/src/Server/ExceptionManager/index.js:92:20)
    at Server.handleRequest (/home/farmageo/api.farmageo.com.ar/node_modules/@adonisjs/http-server/build/src/Server/index.js:111:34)
    at runMicrotasks (<anonymous>)
    at processTicksAndRejections (node:internal/process/task_queues:96:5)
Thu Nov 10 2022 12:14:13 GMT-0300 (Argentina Standard Time) Error Handler: TypeError: Cannot read properties of undefined (reading 'status')
    at ExceptionManager.handleError (/home/farmageo/api.farmageo.com.ar/node_modules/@adonisjs/http-server/build/src/Server/ExceptionManager/index.js:41:39)
    at ExceptionManager.handle (/home/farmageo/api.farmageo.com.ar/node_modules/@adonisjs/http-server/build/src/Server/ExceptionManager/index.js:92:20)
    at Server.handleRequest (/home/farmageo/api.farmageo.com.ar/node_modules/@adonisjs/http-server/build/src/Server/index.js:111:34)
    at runMicrotasks (<anonymous>)
    at processTicksAndRejections (node:internal/process/task_queues:96:5)
Thu Nov 10 2022 12:14:13 GMT-0300 (Argentina Standard Time) Error Handler: TypeError: Cannot read properties of undefined (reading 'status')
    at ExceptionManager.handleError (/home/farmageo/api.farmageo.com.ar/node_modules/@adonisjs/http-server/build/src/Server/ExceptionManager/index.js:41:39)
    at ExceptionManager.handle (/home/farmageo/api.farmageo.com.ar/node_modules/@adonisjs/http-server/build/src/Server/ExceptionManager/index.js:92:20)
    at Server.handleRequest (/home/farmageo/api.farmageo.com.ar/node_modules/@adonisjs/http-server/build/src/Server/index.js:111:34)
    at runMicrotasks (<anonymous>)
    at processTicksAndRejections (node:internal/process/task_queues:96:5)
Thu Nov 10 2022 12:14:13 GMT-0300 (Argentina Standard Time) Error Handler: TypeError: Cannot read properties of undefined (reading 'status')
    at ExceptionManager.handleError (/home/farmageo/api.farmageo.com.ar/node_modules/@adonisjs/http-server/build/src/Server/ExceptionManager/index.js:41:39)
    at ExceptionManager.handle (/home/farmageo/api.farmageo.com.ar/node_modules/@adonisjs/http-server/build/src/Server/ExceptionManager/index.js:92:20)
    at Server.handleRequest (/home/farmageo/api.farmageo.com.ar/node_modules/@adonisjs/http-server/build/src/Server/index.js:111:34)
    at runMicrotasks (<anonymous>)
    at processTicksAndRejections (node:internal/process/task_queues:96:5)
Thu Nov 10 2022 12:14:13 GMT-0300 (Argentina Standard Time) Error Handler: TypeError: Cannot read properties of undefined (reading 'status')
    at ExceptionManager.handleError (/home/farmageo/api.farmageo.com.ar/node_modules/@adonisjs/http-server/build/src/Server/ExceptionManager/index.js:41:39)
    at ExceptionManager.handle (/home/farmageo/api.farmageo.com.ar/node_modules/@adonisjs/http-server/build/src/Server/ExceptionManager/index.js:92:20)
    at Server.handleRequest (/home/farmageo/api.farmageo.com.ar/node_modules/@adonisjs/http-server/build/src/Server/index.js:111:34)
    at runMicrotasks (<anonymous>)
    at processTicksAndRejections (node:internal/process/task_queues:96:5)
Thu Nov 10 2022 12:14:13 GMT-0300 (Argentina Standard Time) Error Handler: TypeError: Cannot read properties of undefined (reading 'status')
    at ExceptionManager.handleError (/home/farmageo/api.farmageo.com.ar/node_modules/@adonisjs/http-server/build/src/Server/ExceptionManager/index.js:41:39)
    at ExceptionManager.handle (/home/farmageo/api.farmageo.com.ar/node_modules/@adonisjs/http-server/build/src/Server/ExceptionManager/index.js:92:20)
    at Server.handleRequest (/home/farmageo/api.farmageo.com.ar/node_modules/@adonisjs/http-server/build/src/Server/index.js:111:34)
    at runMicrotasks (<anonymous>)
    at processTicksAndRejections (node:internal/process/task_queues:96:5)
Thu Nov 10 2022 12:14:13 GMT-0300 (Argentina Standard Time) Error Handler: TypeError: Cannot read properties of undefined (reading 'status')
    at ExceptionManager.handleError (/home/farmageo/api.farmageo.com.ar/node_modules/@adonisjs/http-server/build/src/Server/ExceptionManager/index.js:41:39)
    at ExceptionManager.handle (/home/farmageo/api.farmageo.com.ar/node_modules/@adonisjs/http-server/build/src/Server/ExceptionManager/index.js:92:20)
    at Server.handleRequest (/home/farmageo/api.farmageo.com.ar/node_modules/@adonisjs/http-server/build/src/Server/index.js:111:34)
    at runMicrotasks (<anonymous>)
    at processTicksAndRejections (node:internal/process/task_queues:96:5)
Thu Nov 10 2022 12:14:13 GMT-0300 (Argentina Standard Time) Error Handler: TypeError: Cannot read properties of undefined (reading 'status')
    at ExceptionManager.handleError (/home/farmageo/api.farmageo.com.ar/node_modules/@adonisjs/http-server/build/src/Server/ExceptionManager/index.js:41:39)
    at ExceptionManager.handle (/home/farmageo/api.farmageo.com.ar/node_modules/@adonisjs/http-server/build/src/Server/ExceptionManager/index.js:92:20)
    at Server.handleRequest (/home/farmageo/api.farmageo.com.ar/node_modules/@adonisjs/http-server/build/src/Server/index.js:111:34)
    at runMicrotasks (<anonymous>)
    at processTicksAndRejections (node:internal/process/task_queues:96:5)
Thu Nov 10 2022 12:14:13 GMT-0300 (Argentina Standard Time) Error Handler: TypeError: Cannot read properties of undefined (reading 'status')
    at ExceptionManager.handleError (/home/farmageo/api.farmageo.com.ar/node_modules/@adonisjs/http-server/build/src/Server/ExceptionManager/index.js:41:39)
    at ExceptionManager.handle (/home/farmageo/api.farmageo.com.ar/node_modules/@adonisjs/http-server/build/src/Server/ExceptionManager/index.js:92:20)
    at Server.handleRequest (/home/farmageo/api.farmageo.com.ar/node_modules/@adonisjs/http-server/build/src/Server/index.js:111:34)
    at runMicrotasks (<anonymous>)
    at processTicksAndRejections (node:internal/process/task_queues:96:5)
Thu Nov 10 2022 12:14:13 GMT-0300 (Argentina Standard Time) Error Handler: TypeError: Cannot read properties of undefined (reading 'status')
    at ExceptionManager.handleError (/home/farmageo/api.farmageo.com.ar/node_modules/@adonisjs/http-server/build/src/Server/ExceptionManager/index.js:41:39)
    at ExceptionManager.handle (/home/farmageo/api.farmageo.com.ar/node_modules/@adonisjs/http-server/build/src/Server/ExceptionManager/index.js:92:20)
    at Server.handleRequest (/home/farmageo/api.farmageo.com.ar/node_modules/@adonisjs/http-server/build/src/Server/index.js:111:34)
    at runMicrotasks (<anonymous>)
    at processTicksAndRejections (node:internal/process/task_queues:96:5)
Thu Nov 10 2022 12:14:13 GMT-0300 (Argentina Standard Time) Error Handler: TypeError: Cannot read properties of undefined (reading 'status')
    at ExceptionManager.handleError (/home/farmageo/api.farmageo.com.ar/node_modules/@adonisjs/http-server/build/src/Server/ExceptionManager/index.js:41:39)
    at ExceptionManager.handle (/home/farmageo/api.farmageo.com.ar/node_modules/@adonisjs/http-server/build/src/Server/ExceptionManager/index.js:92:20)
    at Server.handleRequest (/home/farmageo/api.farmageo.com.ar/node_modules/@adonisjs/http-server/build/src/Server/index.js:111:34)
    at runMicrotasks (<anonymous>)
    at processTicksAndRejections (node:internal/process/task_queues:96:5)
Thu Nov 10 2022 12:14:13 GMT-0300 (Argentina Standard Time) Error Handler: TypeError: Cannot read properties of undefined (reading 'status')
    at ExceptionManager.handleError (/home/farmageo/api.farmageo.com.ar/node_modules/@adonisjs/http-server/build/src/Server/ExceptionManager/index.js:41:39)
    at ExceptionManager.handle (/home/farmageo/api.farmageo.com.ar/node_modules/@adonisjs/http-server/build/src/Server/ExceptionManager/index.js:92:20)
    at Server.handleRequest (/home/farmageo/api.farmageo.com.ar/node_modules/@adonisjs/http-server/build/src/Server/index.js:111:34)
    at runMicrotasks (<anonymous>)
    at processTicksAndRejections (node:internal/process/task_queues:96:5)
Thu Nov 10 2022 12:14:13 GMT-0300 (Argentina Standard Time) Error Handler: TypeError: Cannot read properties of undefined (reading 'status')
    at ExceptionManager.handleError (/home/farmageo/api.farmageo.com.ar/node_modules/@adonisjs/http-server/build/src/Server/ExceptionManager/index.js:41:39)
    at ExceptionManager.handle (/home/farmageo/api.farmageo.com.ar/node_modules/@adonisjs/http-server/build/src/Server/ExceptionManager/index.js:92:20)
    at Server.handleRequest (/home/farmageo/api.farmageo.com.ar/node_modules/@adonisjs/http-server/build/src/Server/index.js:111:34)
    at runMicrotasks (<anonymous>)
    at processTicksAndRejections (node:internal/process/task_queues:96:5)
Thu Nov 10 2022 12:14:13 GMT-0300 (Argentina Standard Time) Error Handler: TypeError: Cannot read properties of undefined (reading 'status')
    at ExceptionManager.handleError (/home/farmageo/api.farmageo.com.ar/node_modules/@adonisjs/http-server/build/src/Server/ExceptionManager/index.js:41:39)
    at ExceptionManager.handle (/home/farmageo/api.farmageo.com.ar/node_modules/@adonisjs/http-server/build/src/Server/ExceptionManager/index.js:92:20)
    at Server.handleRequest (/home/farmageo/api.farmageo.com.ar/node_modules/@adonisjs/http-server/build/src/Server/index.js:111:34)
    at runMicrotasks (<anonymous>)
    at processTicksAndRejections (node:internal/process/task_queues:96:5)
Thu Nov 10 2022 12:14:13 GMT-0300 (Argentina Standard Time) Error Handler: TypeError: Cannot read properties of undefined (reading 'status')
    at ExceptionManager.handleError (/home/farmageo/api.farmageo.com.ar/node_modules/@adonisjs/http-server/build/src/Server/ExceptionManager/index.js:41:39)
    at ExceptionManager.handle (/home/farmageo/api.farmageo.com.ar/node_modules/@adonisjs/http-server/build/src/Server/ExceptionManager/index.js:92:20)
    at Server.handleRequest (/home/farmageo/api.farmageo.com.ar/node_modules/@adonisjs/http-server/build/src/Server/index.js:111:34)
    at runMicrotasks (<anonymous>)
    at processTicksAndRejections (node:internal/process/task_queues:96:5)
Thu Nov 10 2022 12:14:13 GMT-0300 (Argentina Standard Time) Error Handler: TypeError: Cannot read properties of undefined (reading 'status')
    at ExceptionManager.handleError (/home/farmageo/api.farmageo.com.ar/node_modules/@adonisjs/http-server/build/src/Server/ExceptionManager/index.js:41:39)
    at ExceptionManager.handle (/home/farmageo/api.farmageo.com.ar/node_modules/@adonisjs/http-server/build/src/Server/ExceptionManager/index.js:92:20)
    at Server.handleRequest (/home/farmageo/api.farmageo.com.ar/node_modules/@adonisjs/http-server/build/src/Server/index.js:111:34)
    at runMicrotasks (<anonymous>)
    at processTicksAndRejections (node:internal/process/task_queues:96:5)
Thu Nov 10 2022 12:14:13 GMT-0300 (Argentina Standard Time) Error Handler: TypeError: Cannot read properties of undefined (reading 'status')
    at ExceptionManager.handleError (/home/farmageo/api.farmageo.com.ar/node_modules/@adonisjs/http-server/build/src/Server/ExceptionManager/index.js:41:39)
    at ExceptionManager.handle (/home/farmageo/api.farmageo.com.ar/node_modules/@adonisjs/http-server/build/src/Server/ExceptionManager/index.js:92:20)
    at Server.handleRequest (/home/farmageo/api.farmageo.com.ar/node_modules/@adonisjs/http-server/build/src/Server/index.js:111:34)
    at runMicrotasks (<anonymous>)
    at processTicksAndRejections (node:internal/process/task_queues:96:5)
Thu Nov 10 2022 12:14:13 GMT-0300 (Argentina Standard Time) Error Handler: TypeError: Cannot read properties of undefined (reading 'status')
    at ExceptionManager.handleError (/home/farmageo/api.farmageo.com.ar/node_modules/@adonisjs/http-server/build/src/Server/ExceptionManager/index.js:41:39)
    at ExceptionManager.handle (/home/farmageo/api.farmageo.com.ar/node_modules/@adonisjs/http-server/build/src/Server/ExceptionManager/index.js:92:20)
    at Server.handleRequest (/home/farmageo/api.farmageo.com.ar/node_modules/@adonisjs/http-server/build/src/Server/index.js:111:34)
    at runMicrotasks (<anonymous>)
    at processTicksAndRejections (node:internal/process/task_queues:96:5)
Thu Nov 10 2022 12:14:13 GMT-0300 (Argentina Standard Time) Error Handler: TypeError: Cannot read properties of undefined (reading 'status')
    at ExceptionManager.handleError (/home/farmageo/api.farmageo.com.ar/node_modules/@adonisjs/http-server/build/src/Server/ExceptionManager/index.js:41:39)
    at ExceptionManager.handle (/home/farmageo/api.farmageo.com.ar/node_modules/@adonisjs/http-server/build/src/Server/ExceptionManager/index.js:92:20)
    at Server.handleRequest (/home/farmageo/api.farmageo.com.ar/node_modules/@adonisjs/http-server/build/src/Server/index.js:111:34)
    at runMicrotasks (<anonymous>)
    at processTicksAndRejections (node:internal/process/task_queues:96:5)
Thu Nov 10 2022 12:14:13 GMT-0300 (Argentina Standard Time) Error Handler: TypeError: Cannot read properties of undefined (reading 'status')
    at ExceptionManager.handleError (/home/farmageo/api.farmageo.com.ar/node_modules/@adonisjs/http-server/build/src/Server/ExceptionManager/index.js:41:39)
    at ExceptionManager.handle (/home/farmageo/api.farmageo.com.ar/node_modules/@adonisjs/http-server/build/src/Server/ExceptionManager/index.js:92:20)
    at Server.handleRequest (/home/farmageo/api.farmageo.com.ar/node_modules/@adonisjs/http-server/build/src/Server/index.js:111:34)
    at runMicrotasks (<anonymous>)
    at processTicksAndRejections (node:internal/process/task_queues:96:5)
Thu Nov 10 2022 12:14:13 GMT-0300 (Argentina Standard Time) Error Handler: TypeError: Cannot read properties of undefined (reading 'status')
    at ExceptionManager.handleError (/home/farmageo/api.farmageo.com.ar/node_modules/@adonisjs/http-server/build/src/Server/ExceptionManager/index.js:41:39)
    at ExceptionManager.handle (/home/farmageo/api.farmageo.com.ar/node_modules/@adonisjs/http-server/build/src/Server/ExceptionManager/index.js:92:20)
    at Server.handleRequest (/home/farmageo/api.farmageo.com.ar/node_modules/@adonisjs/http-server/build/src/Server/index.js:111:34)
    at runMicrotasks (<anonymous>)
    at processTicksAndRejections (node:internal/process/task_queues:96:5)
Thu Nov 10 2022 12:14:13 GMT-0300 (Argentina Standard Time) Error Handler: TypeError: Cannot read properties of undefined (reading 'status')
    at ExceptionManager.handleError (/home/farmageo/api.farmageo.com.ar/node_modules/@adonisjs/http-server/build/src/Server/ExceptionManager/index.js:41:39)
    at ExceptionManager.handle (/home/farmageo/api.farmageo.com.ar/node_modules/@adonisjs/http-server/build/src/Server/ExceptionManager/index.js:92:20)
    at Server.handleRequest (/home/farmageo/api.farmageo.com.ar/node_modules/@adonisjs/http-server/build/src/Server/index.js:111:34)
    at runMicrotasks (<anonymous>)
    at processTicksAndRejections (node:internal/process/task_queues:96:5)
Thu Nov 10 2022 12:14:13 GMT-0300 (Argentina Standard Time) Error Handler: TypeError: Cannot read properties of undefined (reading 'status')
    at ExceptionManager.handleError (/home/farmageo/api.farmageo.com.ar/node_modules/@adonisjs/http-server/build/src/Server/ExceptionManager/index.js:41:39)
    at ExceptionManager.handle (/home/farmageo/api.farmageo.com.ar/node_modules/@adonisjs/http-server/build/src/Server/ExceptionManager/index.js:92:20)
    at Server.handleRequest (/home/farmageo/api.farmageo.com.ar/node_modules/@adonisjs/http-server/build/src/Server/index.js:111:34)
    at runMicrotasks (<anonymous>)
    at processTicksAndRejections (node:internal/process/task_queues:96:5)
Thu Nov 10 2022 12:14:13 GMT-0300 (Argentina Standard Time) Error Handler: TypeError: Cannot read properties of undefined (reading 'status')
    at ExceptionManager.handleError (/home/farmageo/api.farmageo.com.ar/node_modules/@adonisjs/http-server/build/src/Server/ExceptionManager/index.js:41:39)
    at ExceptionManager.handle (/home/farmageo/api.farmageo.com.ar/node_modules/@adonisjs/http-server/build/src/Server/ExceptionManager/index.js:92:20)
    at Server.handleRequest (/home/farmageo/api.farmageo.com.ar/node_modules/@adonisjs/http-server/build/src/Server/index.js:111:34)
    at runMicrotasks (<anonymous>)
    at processTicksAndRejections (node:internal/process/task_queues:96:5)
Thu Nov 10 2022 12:14:13 GMT-0300 (Argentina Standard Time) Error Handler: TypeError: Cannot read properties of undefined (reading 'status')
    at ExceptionManager.handleError (/home/farmageo/api.farmageo.com.ar/node_modules/@adonisjs/http-server/build/src/Server/ExceptionManager/index.js:41:39)
    at ExceptionManager.handle (/home/farmageo/api.farmageo.com.ar/node_modules/@adonisjs/http-server/build/src/Server/ExceptionManager/index.js:92:20)
    at Server.handleRequest (/home/farmageo/api.farmageo.com.ar/node_modules/@adonisjs/http-server/build/src/Server/index.js:111:34)
    at runMicrotasks (<anonymous>)
    at processTicksAndRejections (node:internal/process/task_queues:96:5)
Thu Nov 10 2022 12:14:13 GMT-0300 (Argentina Standard Time) Error Handler: TypeError: Cannot read properties of undefined (reading 'status')
    at ExceptionManager.handleError (/home/farmageo/api.farmageo.com.ar/node_modules/@adonisjs/http-server/build/src/Server/ExceptionManager/index.js:41:39)
    at ExceptionManager.handle (/home/farmageo/api.farmageo.com.ar/node_modules/@adonisjs/http-server/build/src/Server/ExceptionManager/index.js:92:20)
    at Server.handleRequest (/home/farmageo/api.farmageo.com.ar/node_modules/@adonisjs/http-server/build/src/Server/index.js:111:34)
    at runMicrotasks (<anonymous>)
    at processTicksAndRejections (node:internal/process/task_queues:96:5)
Thu Nov 10 2022 12:14:13 GMT-0300 (Argentina Standard Time) Error Handler: TypeError: Cannot read properties of undefined (reading 'status')
    at ExceptionManager.handleError (/home/farmageo/api.farmageo.com.ar/node_modules/@adonisjs/http-server/build/src/Server/ExceptionManager/index.js:41:39)
    at ExceptionManager.handle (/home/farmageo/api.farmageo.com.ar/node_modules/@adonisjs/http-server/build/src/Server/ExceptionManager/index.js:92:20)
    at Server.handleRequest (/home/farmageo/api.farmageo.com.ar/node_modules/@adonisjs/http-server/build/src/Server/index.js:111:34)
    at runMicrotasks (<anonymous>)
    at processTicksAndRejections (node:internal/process/task_queues:96:5)
Thu Nov 10 2022 12:14:13 GMT-0300 (Argentina Standard Time) Error Handler: TypeError: Cannot read properties of undefined (reading 'status')
    at ExceptionManager.handleError (/home/farmageo/api.farmageo.com.ar/node_modules/@adonisjs/http-server/build/src/Server/ExceptionManager/index.js:41:39)
    at ExceptionManager.handle (/home/farmageo/api.farmageo.com.ar/node_modules/@adonisjs/http-server/build/src/Server/ExceptionManager/index.js:92:20)
    at Server.handleRequest (/home/farmageo/api.farmageo.com.ar/node_modules/@adonisjs/http-server/build/src/Server/index.js:111:34)
    at runMicrotasks (<anonymous>)
    at processTicksAndRejections (node:internal/process/task_queues:96:5)
Thu Nov 10 2022 12:14:13 GMT-0300 (Argentina Standard Time) Error Handler: TypeError: Cannot read properties of undefined (reading 'status')
    at ExceptionManager.handleError (/home/farmageo/api.farmageo.com.ar/node_modules/@adonisjs/http-server/build/src/Server/ExceptionManager/index.js:41:39)
    at ExceptionManager.handle (/home/farmageo/api.farmageo.com.ar/node_modules/@adonisjs/http-server/build/src/Server/ExceptionManager/index.js:92:20)
    at Server.handleRequest (/home/farmageo/api.farmageo.com.ar/node_modules/@adonisjs/http-server/build/src/Server/index.js:111:34)
    at runMicrotasks (<anonymous>)
    at processTicksAndRejections (node:internal/process/task_queues:96:5)
Thu Nov 10 2022 12:14:13 GMT-0300 (Argentina Standard Time) Error Handler: TypeError: Cannot read properties of undefined (reading 'status')
    at ExceptionManager.handleError (/home/farmageo/api.farmageo.com.ar/node_modules/@adonisjs/http-server/build/src/Server/ExceptionManager/index.js:41:39)
    at ExceptionManager.handle (/home/farmageo/api.farmageo.com.ar/node_modules/@adonisjs/http-server/build/src/Server/ExceptionManager/index.js:92:20)
    at Server.handleRequest (/home/farmageo/api.farmageo.com.ar/node_modules/@adonisjs/http-server/build/src/Server/index.js:111:34)
    at runMicrotasks (<anonymous>)
    at processTicksAndRejections (node:internal/process/task_queues:96:5)
Thu Nov 10 2022 12:14:13 GMT-0300 (Argentina Standard Time) Error Handler: TypeError: Cannot read properties of undefined (reading 'status')
    at ExceptionManager.handleError (/home/farmageo/api.farmageo.com.ar/node_modules/@adonisjs/http-server/build/src/Server/ExceptionManager/index.js:41:39)
    at ExceptionManager.handle (/home/farmageo/api.farmageo.com.ar/node_modules/@adonisjs/http-server/build/src/Server/ExceptionManager/index.js:92:20)
    at Server.handleRequest (/home/farmageo/api.farmageo.com.ar/node_modules/@adonisjs/http-server/build/src/Server/index.js:111:34)
    at runMicrotasks (<anonymous>)
    at processTicksAndRejections (node:internal/process/task_queues:96:5)
Thu Nov 10 2022 12:14:13 GMT-0300 (Argentina Standard Time) Error Handler: TypeError: Cannot read properties of undefined (reading 'status')
    at ExceptionManager.handleError (/home/farmageo/api.farmageo.com.ar/node_modules/@adonisjs/http-server/build/src/Server/ExceptionManager/index.js:41:39)
    at ExceptionManager.handle (/home/farmageo/api.farmageo.com.ar/node_modules/@adonisjs/http-server/build/src/Server/ExceptionManager/index.js:92:20)
    at Server.handleRequest (/home/farmageo/api.farmageo.com.ar/node_modules/@adonisjs/http-server/build/src/Server/index.js:111:34)
    at runMicrotasks (<anonymous>)
    at processTicksAndRejections (node:internal/process/task_queues:96:5)
Thu Nov 10 2022 12:14:13 GMT-0300 (Argentina Standard Time) Error Handler: TypeError: Cannot read properties of undefined (reading 'status')
    at ExceptionManager.handleError (/home/farmageo/api.farmageo.com.ar/node_modules/@adonisjs/http-server/build/src/Server/ExceptionManager/index.js:41:39)
    at ExceptionManager.handle (/home/farmageo/api.farmageo.com.ar/node_modules/@adonisjs/http-server/build/src/Server/ExceptionManager/index.js:92:20)
    at Server.handleRequest (/home/farmageo/api.farmageo.com.ar/node_modules/@adonisjs/http-server/build/src/Server/index.js:111:34)
    at runMicrotasks (<anonymous>)
    at processTicksAndRejections (node:internal/process/task_queues:96:5)
Thu Nov 10 2022 12:14:13 GMT-0300 (Argentina Standard Time) Error Handler: TypeError: Cannot read properties of undefined (reading 'status')
    at ExceptionManager.handleError (/home/farmageo/api.farmageo.com.ar/node_modules/@adonisjs/http-server/build/src/Server/ExceptionManager/index.js:41:39)
    at ExceptionManager.handle (/home/farmageo/api.farmageo.com.ar/node_modules/@adonisjs/http-server/build/src/Server/ExceptionManager/index.js:92:20)
    at Server.handleRequest (/home/farmageo/api.farmageo.com.ar/node_modules/@adonisjs/http-server/build/src/Server/index.js:111:34)
    at runMicrotasks (<anonymous>)
    at processTicksAndRejections (node:internal/process/task_queues:96:5)
Thu Nov 10 2022 12:14:13 GMT-0300 (Argentina Standard Time) Error Handler: TypeError: Cannot read properties of undefined (reading 'status')
    at ExceptionManager.handleError (/home/farmageo/api.farmageo.com.ar/node_modules/@adonisjs/http-server/build/src/Server/ExceptionManager/index.js:41:39)
    at ExceptionManager.handle (/home/farmageo/api.farmageo.com.ar/node_modules/@adonisjs/http-server/build/src/Server/ExceptionManager/index.js:92:20)
    at Server.handleRequest (/home/farmageo/api.farmageo.com.ar/node_modules/@adonisjs/http-server/build/src/Server/index.js:111:34)
    at runMicrotasks (<anonymous>)
    at processTicksAndRejections (node:internal/process/task_queues:96:5)
Thu Nov 10 2022 12:14:13 GMT-0300 (Argentina Standard Time) Error Handler: TypeError: Cannot read properties of undefined (reading 'status')
    at ExceptionManager.handleError (/home/farmageo/api.farmageo.com.ar/node_modules/@adonisjs/http-server/build/src/Server/ExceptionManager/index.js:41:39)
    at ExceptionManager.handle (/home/farmageo/api.farmageo.com.ar/node_modules/@adonisjs/http-server/build/src/Server/ExceptionManager/index.js:92:20)
    at Server.handleRequest (/home/farmageo/api.farmageo.com.ar/node_modules/@adonisjs/http-server/build/src/Server/index.js:111:34)
    at runMicrotasks (<anonymous>)
    at processTicksAndRejections (node:internal/process/task_queues:96:5)
Thu Nov 10 2022 12:14:13 GMT-0300 (Argentina Standard Time) Error Handler: TypeError: Cannot read properties of undefined (reading 'status')
    at ExceptionManager.handleError (/home/farmageo/api.farmageo.com.ar/node_modules/@adonisjs/http-server/build/src/Server/ExceptionManager/index.js:41:39)
    at ExceptionManager.handle (/home/farmageo/api.farmageo.com.ar/node_modules/@adonisjs/http-server/build/src/Server/ExceptionManager/index.js:92:20)
    at Server.handleRequest (/home/farmageo/api.farmageo.com.ar/node_modules/@adonisjs/http-server/build/src/Server/index.js:111:34)
    at runMicrotasks (<anonymous>)
    at processTicksAndRejections (node:internal/process/task_queues:96:5)
Thu Nov 10 2022 12:14:13 GMT-0300 (Argentina Standard Time) Error Handler: TypeError: Cannot read properties of undefined (reading 'status')
    at ExceptionManager.handleError (/home/farmageo/api.farmageo.com.ar/node_modules/@adonisjs/http-server/build/src/Server/ExceptionManager/index.js:41:39)
    at ExceptionManager.handle (/home/farmageo/api.farmageo.com.ar/node_modules/@adonisjs/http-server/build/src/Server/ExceptionManager/index.js:92:20)
    at Server.handleRequest (/home/farmageo/api.farmageo.com.ar/node_modules/@adonisjs/http-server/build/src/Server/index.js:111:34)
    at runMicrotasks (<anonymous>)
    at processTicksAndRejections (node:internal/process/task_queues:96:5)
Thu Nov 10 2022 12:14:13 GMT-0300 (Argentina Standard Time) Error Handler: TypeError: Cannot read properties of undefined (reading 'status')
    at ExceptionManager.handleError (/home/farmageo/api.farmageo.com.ar/node_modules/@adonisjs/http-server/build/src/Server/ExceptionManager/index.js:41:39)
    at ExceptionManager.handle (/home/farmageo/api.farmageo.com.ar/node_modules/@adonisjs/http-server/build/src/Server/ExceptionManager/index.js:92:20)
    at Server.handleRequest (/home/farmageo/api.farmageo.com.ar/node_modules/@adonisjs/http-server/build/src/Server/index.js:111:34)
    at runMicrotasks (<anonymous>)
    at processTicksAndRejections (node:internal/process/task_queues:96:5)
Thu Nov 10 2022 12:14:13 GMT-0300 (Argentina Standard Time) Error Handler: TypeError: Cannot read properties of undefined (reading 'status')
    at ExceptionManager.handleError (/home/farmageo/api.farmageo.com.ar/node_modules/@adonisjs/http-server/build/src/Server/ExceptionManager/index.js:41:39)
    at ExceptionManager.handle (/home/farmageo/api.farmageo.com.ar/node_modules/@adonisjs/http-server/build/src/Server/ExceptionManager/index.js:92:20)
    at Server.handleRequest (/home/farmageo/api.farmageo.com.ar/node_modules/@adonisjs/http-server/build/src/Server/index.js:111:34)
    at runMicrotasks (<anonymous>)
    at processTicksAndRejections (node:internal/process/task_queues:96:5)
Thu Nov 10 2022 12:14:13 GMT-0300 (Argentina Standard Time) Error Handler: TypeError: Cannot read properties of undefined (reading 'status')
    at ExceptionManager.handleError (/home/farmageo/api.farmageo.com.ar/node_modules/@adonisjs/http-server/build/src/Server/ExceptionManager/index.js:41:39)
    at ExceptionManager.handle (/home/farmageo/api.farmageo.com.ar/node_modules/@adonisjs/http-server/build/src/Server/ExceptionManager/index.js:92:20)
    at Server.handleRequest (/home/farmageo/api.farmageo.com.ar/node_modules/@adonisjs/http-server/build/src/Server/index.js:111:34)
    at runMicrotasks (<anonymous>)
    at processTicksAndRejections (node:internal/process/task_queues:96:5)
Thu Nov 10 2022 12:14:13 GMT-0300 (Argentina Standard Time) Error Handler: TypeError: Cannot read properties of undefined (reading 'status')
    at ExceptionManager.handleError (/home/farmageo/api.farmageo.com.ar/node_modules/@adonisjs/http-server/build/src/Server/ExceptionManager/index.js:41:39)
    at ExceptionManager.handle (/home/farmageo/api.farmageo.com.ar/node_modules/@adonisjs/http-server/build/src/Server/ExceptionManager/index.js:92:20)
    at Server.handleRequest (/home/farmageo/api.farmageo.com.ar/node_modules/@adonisjs/http-server/build/src/Server/index.js:111:34)
    at runMicrotasks (<anonymous>)
    at processTicksAndRejections (node:internal/process/task_queues:96:5)
Thu Nov 10 2022 12:14:13 GMT-0300 (Argentina Standard Time) Error Handler: TypeError: Cannot read properties of undefined (reading 'status')
    at ExceptionManager.handleError (/home/farmageo/api.farmageo.com.ar/node_modules/@adonisjs/http-server/build/src/Server/ExceptionManager/index.js:41:39)
    at ExceptionManager.handle (/home/farmageo/api.farmageo.com.ar/node_modules/@adonisjs/http-server/build/src/Server/ExceptionManager/index.js:92:20)
    at Server.handleRequest (/home/farmageo/api.farmageo.com.ar/node_modules/@adonisjs/http-server/build/src/Server/index.js:111:34)
    at runMicrotasks (<anonymous>)
    at processTicksAndRejections (node:internal/process/task_queues:96:5)
Thu Nov 10 2022 12:14:13 GMT-0300 (Argentina Standard Time) Error Handler: TypeError: Cannot read properties of undefined (reading 'status')
    at ExceptionManager.handleError (/home/farmageo/api.farmageo.com.ar/node_modules/@adonisjs/http-server/build/src/Server/ExceptionManager/index.js:41:39)
    at ExceptionManager.handle (/home/farmageo/api.farmageo.com.ar/node_modules/@adonisjs/http-server/build/src/Server/ExceptionManager/index.js:92:20)
    at Server.handleRequest (/home/farmageo/api.farmageo.com.ar/node_modules/@adonisjs/http-server/build/src/Server/index.js:111:34)
    at runMicrotasks (<anonymous>)
    at processTicksAndRejections (node:internal/process/task_queues:96:5)
Thu Nov 10 2022 12:14:13 GMT-0300 (Argentina Standard Time) Error Handler: TypeError: Cannot read properties of undefined (reading 'status')
    at ExceptionManager.handleError (/home/farmageo/api.farmageo.com.ar/node_modules/@adonisjs/http-server/build/src/Server/ExceptionManager/index.js:41:39)
    at ExceptionManager.handle (/home/farmageo/api.farmageo.com.ar/node_modules/@adonisjs/http-server/build/src/Server/ExceptionManager/index.js:92:20)
    at Server.handleRequest (/home/farmageo/api.farmageo.com.ar/node_modules/@adonisjs/http-server/build/src/Server/index.js:111:34)
    at runMicrotasks (<anonymous>)
    at processTicksAndRejections (node:internal/process/task_queues:96:5)
Thu Nov 10 2022 12:14:13 GMT-0300 (Argentina Standard Time) Error Handler: TypeError: Cannot read properties of undefined (reading 'status')
    at ExceptionManager.handleError (/home/farmageo/api.farmageo.com.ar/node_modules/@adonisjs/http-server/build/src/Server/ExceptionManager/index.js:41:39)
    at ExceptionManager.handle (/home/farmageo/api.farmageo.com.ar/node_modules/@adonisjs/http-server/build/src/Server/ExceptionManager/index.js:92:20)
    at Server.handleRequest (/home/farmageo/api.farmageo.com.ar/node_modules/@adonisjs/http-server/build/src/Server/index.js:111:34)
    at runMicrotasks (<anonymous>)
    at processTicksAndRejections (node:internal/process/task_queues:96:5)
Thu Nov 10 2022 12:14:13 GMT-0300 (Argentina Standard Time) Error Handler: TypeError: Cannot read properties of undefined (reading 'status')
    at ExceptionManager.handleError (/home/farmageo/api.farmageo.com.ar/node_modules/@adonisjs/http-server/build/src/Server/ExceptionManager/index.js:41:39)
    at ExceptionManager.handle (/home/farmageo/api.farmageo.com.ar/node_modules/@adonisjs/http-server/build/src/Server/ExceptionManager/index.js:92:20)
    at Server.handleRequest (/home/farmageo/api.farmageo.com.ar/node_modules/@adonisjs/http-server/build/src/Server/index.js:111:34)
    at runMicrotasks (<anonymous>)
    at processTicksAndRejections (node:internal/process/task_queues:96:5)
Thu Nov 10 2022 12:14:13 GMT-0300 (Argentina Standard Time) Error Handler: TypeError: Cannot read properties of undefined (reading 'status')
    at ExceptionManager.handleError (/home/farmageo/api.farmageo.com.ar/node_modules/@adonisjs/http-server/build/src/Server/ExceptionManager/index.js:41:39)
    at ExceptionManager.handle (/home/farmageo/api.farmageo.com.ar/node_modules/@adonisjs/http-server/build/src/Server/ExceptionManager/index.js:92:20)
    at Server.handleRequest (/home/farmageo/api.farmageo.com.ar/node_modules/@adonisjs/http-server/build/src/Server/index.js:111:34)
    at runMicrotasks (<anonymous>)
    at processTicksAndRejections (node:internal/process/task_queues:96:5)
Thu Nov 10 2022 12:14:13 GMT-0300 (Argentina Standard Time) Error Handler: TypeError: Cannot read properties of undefined (reading 'status')
    at ExceptionManager.handleError (/home/farmageo/api.farmageo.com.ar/node_modules/@adonisjs/http-server/build/src/Server/ExceptionManager/index.js:41:39)
    at ExceptionManager.handle (/home/farmageo/api.farmageo.com.ar/node_modules/@adonisjs/http-server/build/src/Server/ExceptionManager/index.js:92:20)
    at Server.handleRequest (/home/farmageo/api.farmageo.com.ar/node_modules/@adonisjs/http-server/build/src/Server/index.js:111:34)
    at runMicrotasks (<anonymous>)
    at processTicksAndRejections (node:internal/process/task_queues:96:5)
Thu Nov 10 2022 12:14:13 GMT-0300 (Argentina Standard Time) Error Handler: TypeError: Cannot read properties of undefined (reading 'status')
    at ExceptionManager.handleError (/home/farmageo/api.farmageo.com.ar/node_modules/@adonisjs/http-server/build/src/Server/ExceptionManager/index.js:41:39)
    at ExceptionManager.handle (/home/farmageo/api.farmageo.com.ar/node_modules/@adonisjs/http-server/build/src/Server/ExceptionManager/index.js:92:20)
    at Server.handleRequest (/home/farmageo/api.farmageo.com.ar/node_modules/@adonisjs/http-server/build/src/Server/index.js:111:34)
    at runMicrotasks (<anonymous>)
    at processTicksAndRejections (node:internal/process/task_queues:96:5)
Thu Nov 10 2022 12:14:13 GMT-0300 (Argentina Standard Time) Error Handler: TypeError: Cannot read properties of undefined (reading 'status')
    at ExceptionManager.handleError (/home/farmageo/api.farmageo.com.ar/node_modules/@adonisjs/http-server/build/src/Server/ExceptionManager/index.js:41:39)
    at ExceptionManager.handle (/home/farmageo/api.farmageo.com.ar/node_modules/@adonisjs/http-server/build/src/Server/ExceptionManager/index.js:92:20)
    at Server.handleRequest (/home/farmageo/api.farmageo.com.ar/node_modules/@adonisjs/http-server/build/src/Server/index.js:111:34)
    at runMicrotasks (<anonymous>)
    at processTicksAndRejections (node:internal/process/task_queues:96:5)
Thu Nov 10 2022 12:14:13 GMT-0300 (Argentina Standard Time) Error Handler: TypeError: Cannot read properties of undefined (reading 'status')
    at ExceptionManager.handleError (/home/farmageo/api.farmageo.com.ar/node_modules/@adonisjs/http-server/build/src/Server/ExceptionManager/index.js:41:39)
    at ExceptionManager.handle (/home/farmageo/api.farmageo.com.ar/node_modules/@adonisjs/http-server/build/src/Server/ExceptionManager/index.js:92:20)
    at Server.handleRequest (/home/farmageo/api.farmageo.com.ar/node_modules/@adonisjs/http-server/build/src/Server/index.js:111:34)
    at runMicrotasks (<anonymous>)
    at processTicksAndRejections (node:internal/process/task_queues:96:5)
Thu Nov 10 2022 12:14:13 GMT-0300 (Argentina Standard Time) Error Handler: TypeError: Cannot read properties of undefined (reading 'status')
    at ExceptionManager.handleError (/home/farmageo/api.farmageo.com.ar/node_modules/@adonisjs/http-server/build/src/Server/ExceptionManager/index.js:41:39)
    at ExceptionManager.handle (/home/farmageo/api.farmageo.com.ar/node_modules/@adonisjs/http-server/build/src/Server/ExceptionManager/index.js:92:20)
    at Server.handleRequest (/home/farmageo/api.farmageo.com.ar/node_modules/@adonisjs/http-server/build/src/Server/index.js:111:34)
    at runMicrotasks (<anonymous>)
    at processTicksAndRejections (node:internal/process/task_queues:96:5)
Thu Nov 10 2022 12:14:13 GMT-0300 (Argentina Standard Time) Error Handler: TypeError: Cannot read properties of undefined (reading 'status')
    at ExceptionManager.handleError (/home/farmageo/api.farmageo.com.ar/node_modules/@adonisjs/http-server/build/src/Server/ExceptionManager/index.js:41:39)
    at ExceptionManager.handle (/home/farmageo/api.farmageo.com.ar/node_modules/@adonisjs/http-server/build/src/Server/ExceptionManager/index.js:92:20)
    at Server.handleRequest (/home/farmageo/api.farmageo.com.ar/node_modules/@adonisjs/http-server/build/src/Server/index.js:111:34)
    at runMicrotasks (<anonymous>)
    at processTicksAndRejections (node:internal/process/task_queues:96:5)
Thu Nov 10 2022 12:14:13 GMT-0300 (Argentina Standard Time) Error Handler: TypeError: Cannot read properties of undefined (reading 'status')
    at ExceptionManager.handleError (/home/farmageo/api.farmageo.com.ar/node_modules/@adonisjs/http-server/build/src/Server/ExceptionManager/index.js:41:39)
    at ExceptionManager.handle (/home/farmageo/api.farmageo.com.ar/node_modules/@adonisjs/http-server/build/src/Server/ExceptionManager/index.js:92:20)
    at Server.handleRequest (/home/farmageo/api.farmageo.com.ar/node_modules/@adonisjs/http-server/build/src/Server/index.js:111:34)
    at runMicrotasks (<anonymous>)
    at processTicksAndRejections (node:internal/process/task_queues:96:5)
Thu Nov 10 2022 12:14:13 GMT-0300 (Argentina Standard Time) Error Handler: TypeError: Cannot read properties of undefined (reading 'status')
    at ExceptionManager.handleError (/home/farmageo/api.farmageo.com.ar/node_modules/@adonisjs/http-server/build/src/Server/ExceptionManager/index.js:41:39)
    at ExceptionManager.handle (/home/farmageo/api.farmageo.com.ar/node_modules/@adonisjs/http-server/build/src/Server/ExceptionManager/index.js:92:20)
    at Server.handleRequest (/home/farmageo/api.farmageo.com.ar/node_modules/@adonisjs/http-server/build/src/Server/index.js:111:34)
    at runMicrotasks (<anonymous>)
    at processTicksAndRejections (node:internal/process/task_queues:96:5)
Thu Nov 10 2022 12:14:13 GMT-0300 (Argentina Standard Time) Error Handler: TypeError: Cannot read properties of undefined (reading 'status')
    at ExceptionManager.handleError (/home/farmageo/api.farmageo.com.ar/node_modules/@adonisjs/http-server/build/src/Server/ExceptionManager/index.js:41:39)
    at ExceptionManager.handle (/home/farmageo/api.farmageo.com.ar/node_modules/@adonisjs/http-server/build/src/Server/ExceptionManager/index.js:92:20)
    at Server.handleRequest (/home/farmageo/api.farmageo.com.ar/node_modules/@adonisjs/http-server/build/src/Server/index.js:111:34)
    at runMicrotasks (<anonymous>)
    at processTicksAndRejections (node:internal/process/task_queues:96:5)
Thu Nov 10 2022 12:14:13 GMT-0300 (Argentina Standard Time) Error Handler: TypeError: Cannot read properties of undefined (reading 'status')
    at ExceptionManager.handleError (/home/farmageo/api.farmageo.com.ar/node_modules/@adonisjs/http-server/build/src/Server/ExceptionManager/index.js:41:39)
    at ExceptionManager.handle (/home/farmageo/api.farmageo.com.ar/node_modules/@adonisjs/http-server/build/src/Server/ExceptionManager/index.js:92:20)
    at Server.handleRequest (/home/farmageo/api.farmageo.com.ar/node_modules/@adonisjs/http-server/build/src/Server/index.js:111:34)
    at runMicrotasks (<anonymous>)
    at processTicksAndRejections (node:internal/process/task_queues:96:5)
Thu Nov 10 2022 12:14:13 GMT-0300 (Argentina Standard Time) Error Handler: TypeError: Cannot read properties of undefined (reading 'status')
    at ExceptionManager.handleError (/home/farmageo/api.farmageo.com.ar/node_modules/@adonisjs/http-server/build/src/Server/ExceptionManager/index.js:41:39)
    at ExceptionManager.handle (/home/farmageo/api.farmageo.com.ar/node_modules/@adonisjs/http-server/build/src/Server/ExceptionManager/index.js:92:20)
    at Server.handleRequest (/home/farmageo/api.farmageo.com.ar/node_modules/@adonisjs/http-server/build/src/Server/index.js:111:34)
    at runMicrotasks (<anonymous>)
    at processTicksAndRejections (node:internal/process/task_queues:96:5)
Thu Nov 10 2022 12:14:13 GMT-0300 (Argentina Standard Time) Error Handler: TypeError: Cannot read properties of undefined (reading 'status')
    at ExceptionManager.handleError (/home/farmageo/api.farmageo.com.ar/node_modules/@adonisjs/http-server/build/src/Server/ExceptionManager/index.js:41:39)
    at ExceptionManager.handle (/home/farmageo/api.farmageo.com.ar/node_modules/@adonisjs/http-server/build/src/Server/ExceptionManager/index.js:92:20)
    at Server.handleRequest (/home/farmageo/api.farmageo.com.ar/node_modules/@adonisjs/http-server/build/src/Server/index.js:111:34)
    at runMicrotasks (<anonymous>)
    at processTicksAndRejections (node:internal/process/task_queues:96:5)
Thu Nov 10 2022 12:14:13 GMT-0300 (Argentina Standard Time) Error Handler: TypeError: Cannot read properties of undefined (reading 'status')
    at ExceptionManager.handleError (/home/farmageo/api.farmageo.com.ar/node_modules/@adonisjs/http-server/build/src/Server/ExceptionManager/index.js:41:39)
    at ExceptionManager.handle (/home/farmageo/api.farmageo.com.ar/node_modules/@adonisjs/http-server/build/src/Server/ExceptionManager/index.js:92:20)
    at Server.handleRequest (/home/farmageo/api.farmageo.com.ar/node_modules/@adonisjs/http-server/build/src/Server/index.js:111:34)
    at runMicrotasks (<anonymous>)
    at processTicksAndRejections (node:internal/process/task_queues:96:5)
Thu Nov 10 2022 12:14:13 GMT-0300 (Argentina Standard Time) Error Handler: TypeError: Cannot read properties of undefined (reading 'status')
    at ExceptionManager.handleError (/home/farmageo/api.farmageo.com.ar/node_modules/@adonisjs/http-server/build/src/Server/ExceptionManager/index.js:41:39)
    at ExceptionManager.handle (/home/farmageo/api.farmageo.com.ar/node_modules/@adonisjs/http-server/build/src/Server/ExceptionManager/index.js:92:20)
    at Server.handleRequest (/home/farmageo/api.farmageo.com.ar/node_modules/@adonisjs/http-server/build/src/Server/index.js:111:34)
    at runMicrotasks (<anonymous>)
    at processTicksAndRejections (node:internal/process/task_queues:96:5)
Thu Nov 10 2022 12:14:13 GMT-0300 (Argentina Standard Time) Error Handler: TypeError: Cannot read properties of undefined (reading 'status')
    at ExceptionManager.handleError (/home/farmageo/api.farmageo.com.ar/node_modules/@adonisjs/http-server/build/src/Server/ExceptionManager/index.js:41:39)
    at ExceptionManager.handle (/home/farmageo/api.farmageo.com.ar/node_modules/@adonisjs/http-server/build/src/Server/ExceptionManager/index.js:92:20)
    at Server.handleRequest (/home/farmageo/api.farmageo.com.ar/node_modules/@adonisjs/http-server/build/src/Server/index.js:111:34)
    at runMicrotasks (<anonymous>)
    at processTicksAndRejections (node:internal/process/task_queues:96:5)
Thu Nov 10 2022 12:14:13 GMT-0300 (Argentina Standard Time) Error Handler: TypeError: Cannot read properties of undefined (reading 'status')
    at ExceptionManager.handleError (/home/farmageo/api.farmageo.com.ar/node_modules/@adonisjs/http-server/build/src/Server/ExceptionManager/index.js:41:39)
    at ExceptionManager.handle (/home/farmageo/api.farmageo.com.ar/node_modules/@adonisjs/http-server/build/src/Server/ExceptionManager/index.js:92:20)
    at Server.handleRequest (/home/farmageo/api.farmageo.com.ar/node_modules/@adonisjs/http-server/build/src/Server/index.js:111:34)
    at runMicrotasks (<anonymous>)
    at processTicksAndRejections (node:internal/process/task_queues:96:5)
Thu Nov 10 2022 12:14:13 GMT-0300 (Argentina Standard Time) Error Handler: TypeError: Cannot read properties of undefined (reading 'status')
    at ExceptionManager.handleError (/home/farmageo/api.farmageo.com.ar/node_modules/@adonisjs/http-server/build/src/Server/ExceptionManager/index.js:41:39)
    at ExceptionManager.handle (/home/farmageo/api.farmageo.com.ar/node_modules/@adonisjs/http-server/build/src/Server/ExceptionManager/index.js:92:20)
    at Server.handleRequest (/home/farmageo/api.farmageo.com.ar/node_modules/@adonisjs/http-server/build/src/Server/index.js:111:34)
    at runMicrotasks (<anonymous>)
    at processTicksAndRejections (node:internal/process/task_queues:96:5)
Thu Nov 10 2022 12:14:13 GMT-0300 (Argentina Standard Time) Error Handler: TypeError: Cannot read properties of undefined (reading 'status')
    at ExceptionManager.handleError (/home/farmageo/api.farmageo.com.ar/node_modules/@adonisjs/http-server/build/src/Server/ExceptionManager/index.js:41:39)
    at ExceptionManager.handle (/home/farmageo/api.farmageo.com.ar/node_modules/@adonisjs/http-server/build/src/Server/ExceptionManager/index.js:92:20)
    at Server.handleRequest (/home/farmageo/api.farmageo.com.ar/node_modules/@adonisjs/http-server/build/src/Server/index.js:111:34)
    at runMicrotasks (<anonymous>)
    at processTicksAndRejections (node:internal/process/task_queues:96:5)
Thu Nov 10 2022 12:14:13 GMT-0300 (Argentina Standard Time) Error Handler: TypeError: Cannot read properties of undefined (reading 'status')
    at ExceptionManager.handleError (/home/farmageo/api.farmageo.com.ar/node_modules/@adonisjs/http-server/build/src/Server/ExceptionManager/index.js:41:39)
    at ExceptionManager.handle (/home/farmageo/api.farmageo.com.ar/node_modules/@adonisjs/http-server/build/src/Server/ExceptionManager/index.js:92:20)
    at Server.handleRequest (/home/farmageo/api.farmageo.com.ar/node_modules/@adonisjs/http-server/build/src/Server/index.js:111:34)
    at runMicrotasks (<anonymous>)
    at processTicksAndRejections (node:internal/process/task_queues:96:5)
Thu Nov 10 2022 12:14:13 GMT-0300 (Argentina Standard Time) Error Handler: TypeError: Cannot read properties of undefined (reading 'status')
    at ExceptionManager.handleError (/home/farmageo/api.farmageo.com.ar/node_modules/@adonisjs/http-server/build/src/Server/ExceptionManager/index.js:41:39)
    at ExceptionManager.handle (/home/farmageo/api.farmageo.com.ar/node_modules/@adonisjs/http-server/build/src/Server/ExceptionManager/index.js:92:20)
    at Server.handleRequest (/home/farmageo/api.farmageo.com.ar/node_modules/@adonisjs/http-server/build/src/Server/index.js:111:34)
    at runMicrotasks (<anonymous>)
    at processTicksAndRejections (node:internal/process/task_queues:96:5)
Thu Nov 10 2022 12:14:13 GMT-0300 (Argentina Standard Time) Error Handler: TypeError: Cannot read properties of undefined (reading 'status')
    at ExceptionManager.handleError (/home/farmageo/api.farmageo.com.ar/node_modules/@adonisjs/http-server/build/src/Server/ExceptionManager/index.js:41:39)
    at ExceptionManager.handle (/home/farmageo/api.farmageo.com.ar/node_modules/@adonisjs/http-server/build/src/Server/ExceptionManager/index.js:92:20)
    at Server.handleRequest (/home/farmageo/api.farmageo.com.ar/node_modules/@adonisjs/http-server/build/src/Server/index.js:111:34)
    at runMicrotasks (<anonymous>)
    at processTicksAndRejections (node:internal/process/task_queues:96:5)
Thu Nov 10 2022 12:14:13 GMT-0300 (Argentina Standard Time) Error Handler: TypeError: Cannot read properties of undefined (reading 'status')
    at ExceptionManager.handleError (/home/farmageo/api.farmageo.com.ar/node_modules/@adonisjs/http-server/build/src/Server/ExceptionManager/index.js:41:39)
    at ExceptionManager.handle (/home/farmageo/api.farmageo.com.ar/node_modules/@adonisjs/http-server/build/src/Server/ExceptionManager/index.js:92:20)
    at Server.handleRequest (/home/farmageo/api.farmageo.com.ar/node_modules/@adonisjs/http-server/build/src/Server/index.js:111:34)
    at runMicrotasks (<anonymous>)
    at processTicksAndRejections (node:internal/process/task_queues:96:5)
Thu Nov 10 2022 12:14:13 GMT-0300 (Argentina Standard Time) Error Handler: TypeError: Cannot read properties of undefined (reading 'status')
    at ExceptionManager.handleError (/home/farmageo/api.farmageo.com.ar/node_modules/@adonisjs/http-server/build/src/Server/ExceptionManager/index.js:41:39)
    at ExceptionManager.handle (/home/farmageo/api.farmageo.com.ar/node_modules/@adonisjs/http-server/build/src/Server/ExceptionManager/index.js:92:20)
    at Server.handleRequest (/home/farmageo/api.farmageo.com.ar/node_modules/@adonisjs/http-server/build/src/Server/index.js:111:34)
    at runMicrotasks (<anonymous>)
    at processTicksAndRejections (node:internal/process/task_queues:96:5)
Thu Nov 10 2022 12:14:13 GMT-0300 (Argentina Standard Time) Error Handler: TypeError: Cannot read properties of undefined (reading 'status')
    at ExceptionManager.handleError (/home/farmageo/api.farmageo.com.ar/node_modules/@adonisjs/http-server/build/src/Server/ExceptionManager/index.js:41:39)
    at ExceptionManager.handle (/home/farmageo/api.farmageo.com.ar/node_modules/@adonisjs/http-server/build/src/Server/ExceptionManager/index.js:92:20)
    at Server.handleRequest (/home/farmageo/api.farmageo.com.ar/node_modules/@adonisjs/http-server/build/src/Server/index.js:111:34)
    at runMicrotasks (<anonymous>)
    at processTicksAndRejections (node:internal/process/task_queues:96:5)
Thu Nov 10 2022 12:14:13 GMT-0300 (Argentina Standard Time) Error Handler: TypeError: Cannot read properties of undefined (reading 'status')
    at ExceptionManager.handleError (/home/farmageo/api.farmageo.com.ar/node_modules/@adonisjs/http-server/build/src/Server/ExceptionManager/index.js:41:39)
    at ExceptionManager.handle (/home/farmageo/api.farmageo.com.ar/node_modules/@adonisjs/http-server/build/src/Server/ExceptionManager/index.js:92:20)
    at Server.handleRequest (/home/farmageo/api.farmageo.com.ar/node_modules/@adonisjs/http-server/build/src/Server/index.js:111:34)
    at runMicrotasks (<anonymous>)
    at processTicksAndRejections (node:internal/process/task_queues:96:5)
Thu Nov 10 2022 12:14:13 GMT-0300 (Argentina Standard Time) Error Handler: TypeError: Cannot read properties of undefined (reading 'status')
    at ExceptionManager.handleError (/home/farmageo/api.farmageo.com.ar/node_modules/@adonisjs/http-server/build/src/Server/ExceptionManager/index.js:41:39)
    at ExceptionManager.handle (/home/farmageo/api.farmageo.com.ar/node_modules/@adonisjs/http-server/build/src/Server/ExceptionManager/index.js:92:20)
    at Server.handleRequest (/home/farmageo/api.farmageo.com.ar/node_modules/@adonisjs/http-server/build/src/Server/index.js:111:34)
    at runMicrotasks (<anonymous>)
    at processTicksAndRejections (node:internal/process/task_queues:96:5)
Thu Nov 10 2022 12:14:13 GMT-0300 (Argentina Standard Time) Error Handler: TypeError: Cannot read properties of undefined (reading 'status')
    at ExceptionManager.handleError (/home/farmageo/api.farmageo.com.ar/node_modules/@adonisjs/http-server/build/src/Server/ExceptionManager/index.js:41:39)
    at ExceptionManager.handle (/home/farmageo/api.farmageo.com.ar/node_modules/@adonisjs/http-server/build/src/Server/ExceptionManager/index.js:92:20)
    at Server.handleRequest (/home/farmageo/api.farmageo.com.ar/node_modules/@adonisjs/http-server/build/src/Server/index.js:111:34)
    at runMicrotasks (<anonymous>)
    at processTicksAndRejections (node:internal/process/task_queues:96:5)
Thu Nov 10 2022 12:14:13 GMT-0300 (Argentina Standard Time) Error Handler: TypeError: Cannot read properties of undefined (reading 'status')
    at ExceptionManager.handleError (/home/farmageo/api.farmageo.com.ar/node_modules/@adonisjs/http-server/build/src/Server/ExceptionManager/index.js:41:39)
    at ExceptionManager.handle (/home/farmageo/api.farmageo.com.ar/node_modules/@adonisjs/http-server/build/src/Server/ExceptionManager/index.js:92:20)
    at Server.handleRequest (/home/farmageo/api.farmageo.com.ar/node_modules/@adonisjs/http-server/build/src/Server/index.js:111:34)
    at runMicrotasks (<anonymous>)
    at processTicksAndRejections (node:internal/process/task_queues:96:5)
Thu Nov 10 2022 12:14:13 GMT-0300 (Argentina Standard Time) Error Handler: TypeError: Cannot read properties of undefined (reading 'status')
    at ExceptionManager.handleError (/home/farmageo/api.farmageo.com.ar/node_modules/@adonisjs/http-server/build/src/Server/ExceptionManager/index.js:41:39)
    at ExceptionManager.handle (/home/farmageo/api.farmageo.com.ar/node_modules/@adonisjs/http-server/build/src/Server/ExceptionManager/index.js:92:20)
    at Server.handleRequest (/home/farmageo/api.farmageo.com.ar/node_modules/@adonisjs/http-server/build/src/Server/index.js:111:34)
    at runMicrotasks (<anonymous>)
    at processTicksAndRejections (node:internal/process/task_queues:96:5)
Thu Nov 10 2022 12:14:13 GMT-0300 (Argentina Standard Time) Error Handler: TypeError: Cannot read properties of undefined (reading 'status')
    at ExceptionManager.handleError (/home/farmageo/api.farmageo.com.ar/node_modules/@adonisjs/http-server/build/src/Server/ExceptionManager/index.js:41:39)
    at ExceptionManager.handle (/home/farmageo/api.farmageo.com.ar/node_modules/@adonisjs/http-server/build/src/Server/ExceptionManager/index.js:92:20)
    at Server.handleRequest (/home/farmageo/api.farmageo.com.ar/node_modules/@adonisjs/http-server/build/src/Server/index.js:111:34)
    at runMicrotasks (<anonymous>)
    at processTicksAndRejections (node:internal/process/task_queues:96:5)
Thu Nov 10 2022 12:14:13 GMT-0300 (Argentina Standard Time) Error Handler: TypeError: Cannot read properties of undefined (reading 'status')
    at ExceptionManager.handleError (/home/farmageo/api.farmageo.com.ar/node_modules/@adonisjs/http-server/build/src/Server/ExceptionManager/index.js:41:39)
    at ExceptionManager.handle (/home/farmageo/api.farmageo.com.ar/node_modules/@adonisjs/http-server/build/src/Server/ExceptionManager/index.js:92:20)
    at Server.handleRequest (/home/farmageo/api.farmageo.com.ar/node_modules/@adonisjs/http-server/build/src/Server/index.js:111:34)
    at runMicrotasks (<anonymous>)
    at processTicksAndRejections (node:internal/process/task_queues:96:5)
Thu Nov 10 2022 12:14:13 GMT-0300 (Argentina Standard Time) Error Handler: TypeError: Cannot read properties of undefined (reading 'status')
    at ExceptionManager.handleError (/home/farmageo/api.farmageo.com.ar/node_modules/@adonisjs/http-server/build/src/Server/ExceptionManager/index.js:41:39)
    at ExceptionManager.handle (/home/farmageo/api.farmageo.com.ar/node_modules/@adonisjs/http-server/build/src/Server/ExceptionManager/index.js:92:20)
    at Server.handleRequest (/home/farmageo/api.farmageo.com.ar/node_modules/@adonisjs/http-server/build/src/Server/index.js:111:34)
    at runMicrotasks (<anonymous>)
    at processTicksAndRejections (node:internal/process/task_queues:96:5)
Thu Nov 10 2022 12:14:13 GMT-0300 (Argentina Standard Time) Error Handler: TypeError: Cannot read properties of undefined (reading 'status')
    at ExceptionManager.handleError (/home/farmageo/api.farmageo.com.ar/node_modules/@adonisjs/http-server/build/src/Server/ExceptionManager/index.js:41:39)
    at ExceptionManager.handle (/home/farmageo/api.farmageo.com.ar/node_modules/@adonisjs/http-server/build/src/Server/ExceptionManager/index.js:92:20)
    at Server.handleRequest (/home/farmageo/api.farmageo.com.ar/node_modules/@adonisjs/http-server/build/src/Server/index.js:111:34)
    at runMicrotasks (<anonymous>)
    at processTicksAndRejections (node:internal/process/task_queues:96:5)
Thu Nov 10 2022 12:14:13 GMT-0300 (Argentina Standard Time) Error Handler: TypeError: Cannot read properties of undefined (reading 'status')
    at ExceptionManager.handleError (/home/farmageo/api.farmageo.com.ar/node_modules/@adonisjs/http-server/build/src/Server/ExceptionManager/index.js:41:39)
    at ExceptionManager.handle (/home/farmageo/api.farmageo.com.ar/node_modules/@adonisjs/http-server/build/src/Server/ExceptionManager/index.js:92:20)
    at Server.handleRequest (/home/farmageo/api.farmageo.com.ar/node_modules/@adonisjs/http-server/build/src/Server/index.js:111:34)
    at runMicrotasks (<anonymous>)
    at processTicksAndRejections (node:internal/process/task_queues:96:5)
Thu Nov 10 2022 12:14:13 GMT-0300 (Argentina Standard Time) Error Handler: TypeError: Cannot read properties of undefined (reading 'status')
    at ExceptionManager.handleError (/home/farmageo/api.farmageo.com.ar/node_modules/@adonisjs/http-server/build/src/Server/ExceptionManager/index.js:41:39)
    at ExceptionManager.handle (/home/farmageo/api.farmageo.com.ar/node_modules/@adonisjs/http-server/build/src/Server/ExceptionManager/index.js:92:20)
    at Server.handleRequest (/home/farmageo/api.farmageo.com.ar/node_modules/@adonisjs/http-server/build/src/Server/index.js:111:34)
    at runMicrotasks (<anonymous>)
    at processTicksAndRejections (node:internal/process/task_queues:96:5)
Thu Nov 10 2022 12:14:13 GMT-0300 (Argentina Standard Time) Error Handler: TypeError: Cannot read properties of undefined (reading 'status')
    at ExceptionManager.handleError (/home/farmageo/api.farmageo.com.ar/node_modules/@adonisjs/http-server/build/src/Server/ExceptionManager/index.js:41:39)
    at ExceptionManager.handle (/home/farmageo/api.farmageo.com.ar/node_modules/@adonisjs/http-server/build/src/Server/ExceptionManager/index.js:92:20)
    at Server.handleRequest (/home/farmageo/api.farmageo.com.ar/node_modules/@adonisjs/http-server/build/src/Server/index.js:111:34)
    at runMicrotasks (<anonymous>)
    at processTicksAndRejections (node:internal/process/task_queues:96:5)
Thu Nov 10 2022 12:14:13 GMT-0300 (Argentina Standard Time) Error Handler: TypeError: Cannot read properties of undefined (reading 'status')
    at ExceptionManager.handleError (/home/farmageo/api.farmageo.com.ar/node_modules/@adonisjs/http-server/build/src/Server/ExceptionManager/index.js:41:39)
    at ExceptionManager.handle (/home/farmageo/api.farmageo.com.ar/node_modules/@adonisjs/http-server/build/src/Server/ExceptionManager/index.js:92:20)
    at Server.handleRequest (/home/farmageo/api.farmageo.com.ar/node_modules/@adonisjs/http-server/build/src/Server/index.js:111:34)
    at runMicrotasks (<anonymous>)
    at processTicksAndRejections (node:internal/process/task_queues:96:5)
Thu Nov 10 2022 12:14:13 GMT-0300 (Argentina Standard Time) Error Handler: TypeError: Cannot read properties of undefined (reading 'status')
    at ExceptionManager.handleError (/home/farmageo/api.farmageo.com.ar/node_modules/@adonisjs/http-server/build/src/Server/ExceptionManager/index.js:41:39)
    at ExceptionManager.handle (/home/farmageo/api.farmageo.com.ar/node_modules/@adonisjs/http-server/build/src/Server/ExceptionManager/index.js:92:20)
    at Server.handleRequest (/home/farmageo/api.farmageo.com.ar/node_modules/@adonisjs/http-server/build/src/Server/index.js:111:34)
    at runMicrotasks (<anonymous>)
    at processTicksAndRejections (node:internal/process/task_queues:96:5)
Thu Nov 10 2022 12:14:13 GMT-0300 (Argentina Standard Time) Error Handler: TypeError: Cannot read properties of undefined (reading 'status')
    at ExceptionManager.handleError (/home/farmageo/api.farmageo.com.ar/node_modules/@adonisjs/http-server/build/src/Server/ExceptionManager/index.js:41:39)
    at ExceptionManager.handle (/home/farmageo/api.farmageo.com.ar/node_modules/@adonisjs/http-server/build/src/Server/ExceptionManager/index.js:92:20)
    at Server.handleRequest (/home/farmageo/api.farmageo.com.ar/node_modules/@adonisjs/http-server/build/src/Server/index.js:111:34)
    at runMicrotasks (<anonymous>)
    at processTicksAndRejections (node:internal/process/task_queues:96:5)
Thu Nov 10 2022 12:14:13 GMT-0300 (Argentina Standard Time) Error Handler: TypeError: Cannot read properties of undefined (reading 'status')
    at ExceptionManager.handleError (/home/farmageo/api.farmageo.com.ar/node_modules/@adonisjs/http-server/build/src/Server/ExceptionManager/index.js:41:39)
    at ExceptionManager.handle (/home/farmageo/api.farmageo.com.ar/node_modules/@adonisjs/http-server/build/src/Server/ExceptionManager/index.js:92:20)
    at Server.handleRequest (/home/farmageo/api.farmageo.com.ar/node_modules/@adonisjs/http-server/build/src/Server/index.js:111:34)
    at runMicrotasks (<anonymous>)
    at processTicksAndRejections (node:internal/process/task_queues:96:5)
Thu Nov 10 2022 12:14:13 GMT-0300 (Argentina Standard Time) Error Handler: TypeError: Cannot read properties of undefined (reading 'status')
    at ExceptionManager.handleError (/home/farmageo/api.farmageo.com.ar/node_modules/@adonisjs/http-server/build/src/Server/ExceptionManager/index.js:41:39)
    at ExceptionManager.handle (/home/farmageo/api.farmageo.com.ar/node_modules/@adonisjs/http-server/build/src/Server/ExceptionManager/index.js:92:20)
    at Server.handleRequest (/home/farmageo/api.farmageo.com.ar/node_modules/@adonisjs/http-server/build/src/Server/index.js:111:34)
    at runMicrotasks (<anonymous>)
    at processTicksAndRejections (node:internal/process/task_queues:96:5)
Thu Nov 10 2022 12:14:13 GMT-0300 (Argentina Standard Time) Error Handler: TypeError: Cannot read properties of undefined (reading 'status')
    at ExceptionManager.handleError (/home/farmageo/api.farmageo.com.ar/node_modules/@adonisjs/http-server/build/src/Server/ExceptionManager/index.js:41:39)
    at ExceptionManager.handle (/home/farmageo/api.farmageo.com.ar/node_modules/@adonisjs/http-server/build/src/Server/ExceptionManager/index.js:92:20)
    at Server.handleRequest (/home/farmageo/api.farmageo.com.ar/node_modules/@adonisjs/http-server/build/src/Server/index.js:111:34)
    at runMicrotasks (<anonymous>)
    at processTicksAndRejections (node:internal/process/task_queues:96:5)
Thu Nov 10 2022 12:14:13 GMT-0300 (Argentina Standard Time) Error Handler: TypeError: Cannot read properties of undefined (reading 'status')
    at ExceptionManager.handleError (/home/farmageo/api.farmageo.com.ar/node_modules/@adonisjs/http-server/build/src/Server/ExceptionManager/index.js:41:39)
    at ExceptionManager.handle (/home/farmageo/api.farmageo.com.ar/node_modules/@adonisjs/http-server/build/src/Server/ExceptionManager/index.js:92:20)
    at Server.handleRequest (/home/farmageo/api.farmageo.com.ar/node_modules/@adonisjs/http-server/build/src/Server/index.js:111:34)
    at runMicrotasks (<anonymous>)
    at processTicksAndRejections (node:internal/process/task_queues:96:5)
Thu Nov 10 2022 12:14:13 GMT-0300 (Argentina Standard Time) Error Handler: TypeError: Cannot read properties of undefined (reading 'status')
    at ExceptionManager.handleError (/home/farmageo/api.farmageo.com.ar/node_modules/@adonisjs/http-server/build/src/Server/ExceptionManager/index.js:41:39)
    at ExceptionManager.handle (/home/farmageo/api.farmageo.com.ar/node_modules/@adonisjs/http-server/build/src/Server/ExceptionManager/index.js:92:20)
    at Server.handleRequest (/home/farmageo/api.farmageo.com.ar/node_modules/@adonisjs/http-server/build/src/Server/index.js:111:34)
    at runMicrotasks (<anonymous>)
    at processTicksAndRejections (node:internal/process/task_queues:96:5)
Thu Nov 10 2022 12:14:13 GMT-0300 (Argentina Standard Time) Error Handler: TypeError: Cannot read properties of undefined (reading 'status')
    at ExceptionManager.handleError (/home/farmageo/api.farmageo.com.ar/node_modules/@adonisjs/http-server/build/src/Server/ExceptionManager/index.js:41:39)
    at ExceptionManager.handle (/home/farmageo/api.farmageo.com.ar/node_modules/@adonisjs/http-server/build/src/Server/ExceptionManager/index.js:92:20)
    at Server.handleRequest (/home/farmageo/api.farmageo.com.ar/node_modules/@adonisjs/http-server/build/src/Server/index.js:111:34)
    at runMicrotasks (<anonymous>)
    at processTicksAndRejections (node:internal/process/task_queues:96:5)
Thu Nov 10 2022 12:14:13 GMT-0300 (Argentina Standard Time) Error Handler: TypeError: Cannot read properties of undefined (reading 'status')
    at ExceptionManager.handleError (/home/farmageo/api.farmageo.com.ar/node_modules/@adonisjs/http-server/build/src/Server/ExceptionManager/index.js:41:39)
    at ExceptionManager.handle (/home/farmageo/api.farmageo.com.ar/node_modules/@adonisjs/http-server/build/src/Server/ExceptionManager/index.js:92:20)
    at Server.handleRequest (/home/farmageo/api.farmageo.com.ar/node_modules/@adonisjs/http-server/build/src/Server/index.js:111:34)
    at runMicrotasks (<anonymous>)
    at processTicksAndRejections (node:internal/process/task_queues:96:5)
Thu Nov 10 2022 12:14:13 GMT-0300 (Argentina Standard Time) Error Handler: TypeError: Cannot read properties of undefined (reading 'status')
    at ExceptionManager.handleError (/home/farmageo/api.farmageo.com.ar/node_modules/@adonisjs/http-server/build/src/Server/ExceptionManager/index.js:41:39)
    at ExceptionManager.handle (/home/farmageo/api.farmageo.com.ar/node_modules/@adonisjs/http-server/build/src/Server/ExceptionManager/index.js:92:20)
    at Server.handleRequest (/home/farmageo/api.farmageo.com.ar/node_modules/@adonisjs/http-server/build/src/Server/index.js:111:34)
    at runMicrotasks (<anonymous>)
    at processTicksAndRejections (node:internal/process/task_queues:96:5)
Thu Nov 10 2022 12:14:13 GMT-0300 (Argentina Standard Time) Error Handler: TypeError: Cannot read properties of undefined (reading 'status')
    at ExceptionManager.handleError (/home/farmageo/api.farmageo.com.ar/node_modules/@adonisjs/http-server/build/src/Server/ExceptionManager/index.js:41:39)
    at ExceptionManager.handle (/home/farmageo/api.farmageo.com.ar/node_modules/@adonisjs/http-server/build/src/Server/ExceptionManager/index.js:92:20)
    at Server.handleRequest (/home/farmageo/api.farmageo.com.ar/node_modules/@adonisjs/http-server/build/src/Server/index.js:111:34)
    at runMicrotasks (<anonymous>)
    at processTicksAndRejections (node:internal/process/task_queues:96:5)
Thu Nov 10 2022 12:14:13 GMT-0300 (Argentina Standard Time) Error Handler: TypeError: Cannot read properties of undefined (reading 'status')
    at ExceptionManager.handleError (/home/farmageo/api.farmageo.com.ar/node_modules/@adonisjs/http-server/build/src/Server/ExceptionManager/index.js:41:39)
    at ExceptionManager.handle (/home/farmageo/api.farmageo.com.ar/node_modules/@adonisjs/http-server/build/src/Server/ExceptionManager/index.js:92:20)
    at Server.handleRequest (/home/farmageo/api.farmageo.com.ar/node_modules/@adonisjs/http-server/build/src/Server/index.js:111:34)
    at runMicrotasks (<anonymous>)
    at processTicksAndRejections (node:internal/process/task_queues:96:5)
Thu Nov 10 2022 12:14:13 GMT-0300 (Argentina Standard Time) Error Handler: TypeError: Cannot read properties of undefined (reading 'status')
    at ExceptionManager.handleError (/home/farmageo/api.farmageo.com.ar/node_modules/@adonisjs/http-server/build/src/Server/ExceptionManager/index.js:41:39)
    at ExceptionManager.handle (/home/farmageo/api.farmageo.com.ar/node_modules/@adonisjs/http-server/build/src/Server/ExceptionManager/index.js:92:20)
    at Server.handleRequest (/home/farmageo/api.farmageo.com.ar/node_modules/@adonisjs/http-server/build/src/Server/index.js:111:34)
    at runMicrotasks (<anonymous>)
    at processTicksAndRejections (node:internal/process/task_queues:96:5)
Thu Nov 10 2022 12:14:13 GMT-0300 (Argentina Standard Time) Error Handler: TypeError: Cannot read properties of undefined (reading 'status')
    at ExceptionManager.handleError (/home/farmageo/api.farmageo.com.ar/node_modules/@adonisjs/http-server/build/src/Server/ExceptionManager/index.js:41:39)
    at ExceptionManager.handle (/home/farmageo/api.farmageo.com.ar/node_modules/@adonisjs/http-server/build/src/Server/ExceptionManager/index.js:92:20)
    at Server.handleRequest (/home/farmageo/api.farmageo.com.ar/node_modules/@adonisjs/http-server/build/src/Server/index.js:111:34)
    at runMicrotasks (<anonymous>)
    at processTicksAndRejections (node:internal/process/task_queues:96:5)
Thu Nov 10 2022 12:14:13 GMT-0300 (Argentina Standard Time) Error Handler: TypeError: Cannot read properties of undefined (reading 'status')
    at ExceptionManager.handleError (/home/farmageo/api.farmageo.com.ar/node_modules/@adonisjs/http-server/build/src/Server/ExceptionManager/index.js:41:39)
    at ExceptionManager.handle (/home/farmageo/api.farmageo.com.ar/node_modules/@adonisjs/http-server/build/src/Server/ExceptionManager/index.js:92:20)
    at Server.handleRequest (/home/farmageo/api.farmageo.com.ar/node_modules/@adonisjs/http-server/build/src/Server/index.js:111:34)
    at runMicrotasks (<anonymous>)
    at processTicksAndRejections (node:internal/process/task_queues:96:5)
Thu Nov 10 2022 12:14:42 GMT-0300 (Argentina Standard Time) Error Handler: ExceptionHandler {
  logger: Logger {
    config: {
      name: 'apirest',
      enabled: true,
      level: 'info',
      prettyPrint: true
    },
    pino: EventEmitter {
      levels: [Object],
      silent: [Function: noop],
      trace: [Function: noop],
      debug: [Function: noop],
      info: [Function: LOG],
      warn: [Function: LOG],
      error: [Function: LOG],
      fatal: [Function (anonymous)],
      [Symbol(pino.useOnlyCustomLevels)]: false,
      [Symbol(pino.stream)]: [Object],
      [Symbol(pino.time)]: [Function: epochTime],
      [Symbol(pino.timeSliceIndex)]: 8,
      [Symbol(pino.stringify)]: [Function: stringify],
      [Symbol(pino.stringifiers)]: {},
      [Symbol(pino.end)]: '}\n',
      [Symbol(pino.formatOpts)]: [Object],
      [Symbol(pino.messageKey)]: 'msg',
      [Symbol(pino.nestedKey)]: null,
      [Symbol(pino.serializers)]: [Object: null prototype],
      [Symbol(pino.mixin)]: undefined,
      [Symbol(pino.mixinMergeStrategy)]: undefined,
      [Symbol(pino.chindings)]: ',"pid":1652298,"hostname":"vps2.farmageo.com","name":"apirest"',
      [Symbol(pino.formatters)]: [Object],
      [Symbol(pino.hooks)]: [Object],
      [Symbol(pino.lsCache)]: [Object],
      [Symbol(pino.levelVal)]: 30,
      [Symbol(pino.parsedChindings)]: [Object]
    }
  },
  ignoreCodes: [],
  ignoreStatuses: [ 400, 422, 401 ],
  internalIgnoreCodes: [ 'E_ROUTE_NOT_FOUND' ],
  statusPages: { '404': 'errors/not-found', '500..599': 'errors/server-error' },
  disableStatusPagesInDevelopment: true
}
[1668093282371] [41mFATAL[49m (apirest/1652298 on vps2.farmageo.com): [36mUnexpected exception raised from HTTP ExceptionHandler "report" method[39m
    RangeError: Maximum call stack size exceeded
        at Array.indexOf (<anonymous>)
        at ExceptionHandler.shouldReport (/home/farmageo/api.farmageo.com.ar/node_modules/@adonisjs/core/build/src/HttpExceptionHandler/index.js:66:49)
        at ExceptionHandler.report (/home/farmageo/api.farmageo.com.ar/node_modules/@adonisjs/core/build/src/HttpExceptionHandler/index.js:135:19)
        at ExceptionHandler.report (/home/farmageo/api.farmageo.com.ar/node_modules/@adonisjs/core/build/src/HttpExceptionHandler/index.js:139:19)
        at ExceptionHandler.report (/home/farmageo/api.farmageo.com.ar/node_modules/@adonisjs/core/build/src/HttpExceptionHandler/index.js:139:19)
        at ExceptionHandler.report (/home/farmageo/api.farmageo.com.ar/node_modules/@adonisjs/core/build/src/HttpExceptionHandler/index.js:139:19)
        at ExceptionHandler.report (/home/farmageo/api.farmageo.com.ar/node_modules/@adonisjs/core/build/src/HttpExceptionHandler/index.js:139:19)
        at ExceptionHandler.report (/home/farmageo/api.farmageo.com.ar/node_modules/@adonisjs/core/build/src/HttpExceptionHandler/index.js:139:19)
        at ExceptionHandler.report (/home/farmageo/api.farmageo.com.ar/node_modules/@adonisjs/core/build/src/HttpExceptionHandler/index.js:139:19)
        at ExceptionHandler.report (/home/farmageo/api.farmageo.com.ar/node_modules/@adonisjs/core/build/src/HttpExceptionHandler/index.js:139:19)
AuthorizationException: E_AUTHORIZATION_FAILURE: Not authorized to perform this action
    at Function.raise (/home/farmageo/api.farmageo.com.ar/node_modules/@adonisjs/bouncer/build/src/Exceptions/AuthorizationException.js:15:16)
    at ActionsAuthorizer.authorize (/home/farmageo/api.farmageo.com.ar/node_modules/@adonisjs/bouncer/build/src/ActionsAuthorizer/index.js:165:63)
    at processTicksAndRejections (node:internal/process/task_queues:96:5)
    at PedidoController.mig_farmacia_pedidos (/home/farmageo/api.farmageo.com.ar/app/Controllers/Http/PedidoController.ts:43:7)
    at Object.PreCompiler.runRouteHandler [as fn] (/home/farmageo/api.farmageo.com.ar/node_modules/@adonisjs/http-server/build/src/Server/PreCompiler/index.js:47:31)
    at UncaughtError.handle (/home/farmageo/api.farmageo.com.ar/app/Middleware/UncaughtError.ts:22:5)
    at RegistradorDePista.handle (/home/farmageo/api.farmageo.com.ar/app/Middleware/RegistradorDePista.ts:36:5)
    at UsuarioPermiso.handle (/home/farmageo/api.farmageo.com.ar/app/Middleware/ctxdata.ts:126:5)
    at SilentAuthMiddleware.handle (/home/farmageo/api.farmageo.com.ar/app/Middleware/SilentAuth.ts:23:5)
    at Server.handleRequest (/home/farmageo/api.farmageo.com.ar/node_modules/@adonisjs/http-server/build/src/Server/index.js:108:13)
Thu Nov 10 2022 12:14:53 GMT-0300 (Argentina Standard Time) Error Handler: AuthorizationException: E_AUTHORIZATION_FAILURE: Not authorized to perform this action
    at Function.raise (/home/farmageo/api.farmageo.com.ar/node_modules/@adonisjs/bouncer/build/src/Exceptions/AuthorizationException.js:15:16)
    at ActionsAuthorizer.authorize (/home/farmageo/api.farmageo.com.ar/node_modules/@adonisjs/bouncer/build/src/ActionsAuthorizer/index.js:165:63)
    at processTicksAndRejections (node:internal/process/task_queues:96:5)
    at PedidoController.mig_farmacia_pedidos (/home/farmageo/api.farmageo.com.ar/app/Controllers/Http/PedidoController.ts:43:7)
    at Object.PreCompiler.runRouteHandler [as fn] (/home/farmageo/api.farmageo.com.ar/node_modules/@adonisjs/http-server/build/src/Server/PreCompiler/index.js:47:31)
    at UncaughtError.handle (/home/farmageo/api.farmageo.com.ar/app/Middleware/UncaughtError.ts:22:5)
    at RegistradorDePista.handle (/home/farmageo/api.farmageo.com.ar/app/Middleware/RegistradorDePista.ts:36:5)
    at UsuarioPermiso.handle (/home/farmageo/api.farmageo.com.ar/app/Middleware/ctxdata.ts:126:5)
    at SilentAuthMiddleware.handle (/home/farmageo/api.farmageo.com.ar/app/Middleware/SilentAuth.ts:23:5)
    at Server.handleRequest (/home/farmageo/api.farmageo.com.ar/node_modules/@adonisjs/http-server/build/src/Server/index.js:108:13)
AuthorizationException: E_AUTHORIZATION_FAILURE: Not authorized to perform this action
    at Function.raise (/home/farmageo/api.farmageo.com.ar/node_modules/@adonisjs/bouncer/build/src/Exceptions/AuthorizationException.js:15:16)
    at ActionsAuthorizer.authorize (/home/farmageo/api.farmageo.com.ar/node_modules/@adonisjs/bouncer/build/src/ActionsAuthorizer/index.js:165:63)
    at processTicksAndRejections (node:internal/process/task_queues:96:5)
    at PublicidadsController.mig_novedadesFarmacia (/home/farmageo/api.farmageo.com.ar/app/Controllers/Http/PublicidadsController.ts:59:7)
    at Object.PreCompiler.runRouteHandler [as fn] (/home/farmageo/api.farmageo.com.ar/node_modules/@adonisjs/http-server/build/src/Server/PreCompiler/index.js:47:31)
    at UncaughtError.handle (/home/farmageo/api.farmageo.com.ar/app/Middleware/UncaughtError.ts:22:5)
    at RegistradorDePista.handle (/home/farmageo/api.farmageo.com.ar/app/Middleware/RegistradorDePista.ts:36:5)
    at UsuarioPermiso.handle (/home/farmageo/api.farmageo.com.ar/app/Middleware/ctxdata.ts:126:5)
    at SilentAuthMiddleware.handle (/home/farmageo/api.farmageo.com.ar/app/Middleware/SilentAuth.ts:23:5)
    at Server.handleRequest (/home/farmageo/api.farmageo.com.ar/node_modules/@adonisjs/http-server/build/src/Server/index.js:108:13)
Thu Nov 10 2022 12:14:53 GMT-0300 (Argentina Standard Time) Error Handler: AuthorizationException: E_AUTHORIZATION_FAILURE: Not authorized to perform this action
    at Function.raise (/home/farmageo/api.farmageo.com.ar/node_modules/@adonisjs/bouncer/build/src/Exceptions/AuthorizationException.js:15:16)
    at ActionsAuthorizer.authorize (/home/farmageo/api.farmageo.com.ar/node_modules/@adonisjs/bouncer/build/src/ActionsAuthorizer/index.js:165:63)
    at processTicksAndRejections (node:internal/process/task_queues:96:5)
    at PublicidadsController.mig_novedadesFarmacia (/home/farmageo/api.farmageo.com.ar/app/Controllers/Http/PublicidadsController.ts:59:7)
    at Object.PreCompiler.runRouteHandler [as fn] (/home/farmageo/api.farmageo.com.ar/node_modules/@adonisjs/http-server/build/src/Server/PreCompiler/index.js:47:31)
    at UncaughtError.handle (/home/farmageo/api.farmageo.com.ar/app/Middleware/UncaughtError.ts:22:5)
    at RegistradorDePista.handle (/home/farmageo/api.farmageo.com.ar/app/Middleware/RegistradorDePista.ts:36:5)
    at UsuarioPermiso.handle (/home/farmageo/api.farmageo.com.ar/app/Middleware/ctxdata.ts:126:5)
    at SilentAuthMiddleware.handle (/home/farmageo/api.farmageo.com.ar/app/Middleware/SilentAuth.ts:23:5)
    at Server.handleRequest (/home/farmageo/api.farmageo.com.ar/node_modules/@adonisjs/http-server/build/src/Server/index.js:108:13)
AuthorizationException: E_AUTHORIZATION_FAILURE: Not authorized to perform this action
    at Function.raise (/home/farmageo/api.farmageo.com.ar/node_modules/@adonisjs/bouncer/build/src/Exceptions/AuthorizationException.js:15:16)
    at ActionsAuthorizer.authorize (/home/farmageo/api.farmageo.com.ar/node_modules/@adonisjs/bouncer/build/src/ActionsAuthorizer/index.js:165:63)
    at processTicksAndRejections (node:internal/process/task_queues:96:5)
    at PedidoController.mig_farmacia_pedidos (/home/farmageo/api.farmageo.com.ar/app/Controllers/Http/PedidoController.ts:43:7)
    at Object.PreCompiler.runRouteHandler [as fn] (/home/farmageo/api.farmageo.com.ar/node_modules/@adonisjs/http-server/build/src/Server/PreCompiler/index.js:47:31)
    at UncaughtError.handle (/home/farmageo/api.farmageo.com.ar/app/Middleware/UncaughtError.ts:22:5)
    at RegistradorDePista.handle (/home/farmageo/api.farmageo.com.ar/app/Middleware/RegistradorDePista.ts:36:5)
    at UsuarioPermiso.handle (/home/farmageo/api.farmageo.com.ar/app/Middleware/ctxdata.ts:126:5)
    at SilentAuthMiddleware.handle (/home/farmageo/api.farmageo.com.ar/app/Middleware/SilentAuth.ts:23:5)
    at Server.handleRequest (/home/farmageo/api.farmageo.com.ar/node_modules/@adonisjs/http-server/build/src/Server/index.js:108:13)
Thu Nov 10 2022 12:14:53 GMT-0300 (Argentina Standard Time) Error Handler: AuthorizationException: E_AUTHORIZATION_FAILURE: Not authorized to perform this action
    at Function.raise (/home/farmageo/api.farmageo.com.ar/node_modules/@adonisjs/bouncer/build/src/Exceptions/AuthorizationException.js:15:16)
    at ActionsAuthorizer.authorize (/home/farmageo/api.farmageo.com.ar/node_modules/@adonisjs/bouncer/build/src/ActionsAuthorizer/index.js:165:63)
    at processTicksAndRejections (node:internal/process/task_queues:96:5)
    at PedidoController.mig_farmacia_pedidos (/home/farmageo/api.farmageo.com.ar/app/Controllers/Http/PedidoController.ts:43:7)
    at Object.PreCompiler.runRouteHandler [as fn] (/home/farmageo/api.farmageo.com.ar/node_modules/@adonisjs/http-server/build/src/Server/PreCompiler/index.js:47:31)
    at UncaughtError.handle (/home/farmageo/api.farmageo.com.ar/app/Middleware/UncaughtError.ts:22:5)
    at RegistradorDePista.handle (/home/farmageo/api.farmageo.com.ar/app/Middleware/RegistradorDePista.ts:36:5)
    at UsuarioPermiso.handle (/home/farmageo/api.farmageo.com.ar/app/Middleware/ctxdata.ts:126:5)
    at SilentAuthMiddleware.handle (/home/farmageo/api.farmageo.com.ar/app/Middleware/SilentAuth.ts:23:5)
    at Server.handleRequest (/home/farmageo/api.farmageo.com.ar/node_modules/@adonisjs/http-server/build/src/Server/index.js:108:13)
AuthorizationException: E_AUTHORIZATION_FAILURE: Not authorized to perform this action
    at Function.raise (/home/farmageo/api.farmageo.com.ar/node_modules/@adonisjs/bouncer/build/src/Exceptions/AuthorizationException.js:15:16)
    at ActionsAuthorizer.authorize (/home/farmageo/api.farmageo.com.ar/node_modules/@adonisjs/bouncer/build/src/ActionsAuthorizer/index.js:165:63)
    at processTicksAndRejections (node:internal/process/task_queues:96:5)
    at PublicidadsController.mig_novedadesFarmacia (/home/farmageo/api.farmageo.com.ar/app/Controllers/Http/PublicidadsController.ts:59:7)
    at Object.PreCompiler.runRouteHandler [as fn] (/home/farmageo/api.farmageo.com.ar/node_modules/@adonisjs/http-server/build/src/Server/PreCompiler/index.js:47:31)
    at UncaughtError.handle (/home/farmageo/api.farmageo.com.ar/app/Middleware/UncaughtError.ts:22:5)
    at RegistradorDePista.handle (/home/farmageo/api.farmageo.com.ar/app/Middleware/RegistradorDePista.ts:36:5)
    at UsuarioPermiso.handle (/home/farmageo/api.farmageo.com.ar/app/Middleware/ctxdata.ts:126:5)
    at SilentAuthMiddleware.handle (/home/farmageo/api.farmageo.com.ar/app/Middleware/SilentAuth.ts:23:5)
    at Server.handleRequest (/home/farmageo/api.farmageo.com.ar/node_modules/@adonisjs/http-server/build/src/Server/index.js:108:13)
Thu Nov 10 2022 12:14:53 GMT-0300 (Argentina Standard Time) Error Handler: AuthorizationException: E_AUTHORIZATION_FAILURE: Not authorized to perform this action
    at Function.raise (/home/farmageo/api.farmageo.com.ar/node_modules/@adonisjs/bouncer/build/src/Exceptions/AuthorizationException.js:15:16)
    at ActionsAuthorizer.authorize (/home/farmageo/api.farmageo.com.ar/node_modules/@adonisjs/bouncer/build/src/ActionsAuthorizer/index.js:165:63)
    at processTicksAndRejections (node:internal/process/task_queues:96:5)
    at PublicidadsController.mig_novedadesFarmacia (/home/farmageo/api.farmageo.com.ar/app/Controllers/Http/PublicidadsController.ts:59:7)
    at Object.PreCompiler.runRouteHandler [as fn] (/home/farmageo/api.farmageo.com.ar/node_modules/@adonisjs/http-server/build/src/Server/PreCompiler/index.js:47:31)
    at UncaughtError.handle (/home/farmageo/api.farmageo.com.ar/app/Middleware/UncaughtError.ts:22:5)
    at RegistradorDePista.handle (/home/farmageo/api.farmageo.com.ar/app/Middleware/RegistradorDePista.ts:36:5)
    at UsuarioPermiso.handle (/home/farmageo/api.farmageo.com.ar/app/Middleware/ctxdata.ts:126:5)
    at SilentAuthMiddleware.handle (/home/farmageo/api.farmageo.com.ar/app/Middleware/SilentAuth.ts:23:5)
    at Server.handleRequest (/home/farmageo/api.farmageo.com.ar/node_modules/@adonisjs/http-server/build/src/Server/index.js:108:13)
AuthorizationException: E_AUTHORIZATION_FAILURE: Not authorized to perform this action
    at Function.raise (/home/farmageo/api.farmageo.com.ar/node_modules/@adonisjs/bouncer/build/src/Exceptions/AuthorizationException.js:15:16)
    at ActionsAuthorizer.authorize (/home/farmageo/api.farmageo.com.ar/node_modules/@adonisjs/bouncer/build/src/ActionsAuthorizer/index.js:165:63)
    at processTicksAndRejections (node:internal/process/task_queues:96:5)
    at PedidoController.mig_farmacia_pedidos (/home/farmageo/api.farmageo.com.ar/app/Controllers/Http/PedidoController.ts:43:7)
    at Object.PreCompiler.runRouteHandler [as fn] (/home/farmageo/api.farmageo.com.ar/node_modules/@adonisjs/http-server/build/src/Server/PreCompiler/index.js:47:31)
    at UncaughtError.handle (/home/farmageo/api.farmageo.com.ar/app/Middleware/UncaughtError.ts:22:5)
    at RegistradorDePista.handle (/home/farmageo/api.farmageo.com.ar/app/Middleware/RegistradorDePista.ts:36:5)
    at UsuarioPermiso.handle (/home/farmageo/api.farmageo.com.ar/app/Middleware/ctxdata.ts:126:5)
    at SilentAuthMiddleware.handle (/home/farmageo/api.farmageo.com.ar/app/Middleware/SilentAuth.ts:23:5)
    at Server.handleRequest (/home/farmageo/api.farmageo.com.ar/node_modules/@adonisjs/http-server/build/src/Server/index.js:108:13)
Thu Nov 10 2022 12:15:07 GMT-0300 (Argentina Standard Time) Error Handler: AuthorizationException: E_AUTHORIZATION_FAILURE: Not authorized to perform this action
    at Function.raise (/home/farmageo/api.farmageo.com.ar/node_modules/@adonisjs/bouncer/build/src/Exceptions/AuthorizationException.js:15:16)
    at ActionsAuthorizer.authorize (/home/farmageo/api.farmageo.com.ar/node_modules/@adonisjs/bouncer/build/src/ActionsAuthorizer/index.js:165:63)
    at processTicksAndRejections (node:internal/process/task_queues:96:5)
    at PedidoController.mig_farmacia_pedidos (/home/farmageo/api.farmageo.com.ar/app/Controllers/Http/PedidoController.ts:43:7)
    at Object.PreCompiler.runRouteHandler [as fn] (/home/farmageo/api.farmageo.com.ar/node_modules/@adonisjs/http-server/build/src/Server/PreCompiler/index.js:47:31)
    at UncaughtError.handle (/home/farmageo/api.farmageo.com.ar/app/Middleware/UncaughtError.ts:22:5)
    at RegistradorDePista.handle (/home/farmageo/api.farmageo.com.ar/app/Middleware/RegistradorDePista.ts:36:5)
    at UsuarioPermiso.handle (/home/farmageo/api.farmageo.com.ar/app/Middleware/ctxdata.ts:126:5)
    at SilentAuthMiddleware.handle (/home/farmageo/api.farmageo.com.ar/app/Middleware/SilentAuth.ts:23:5)
    at Server.handleRequest (/home/farmageo/api.farmageo.com.ar/node_modules/@adonisjs/http-server/build/src/Server/index.js:108:13)
AuthorizationException: E_AUTHORIZATION_FAILURE: Not authorized to perform this action
    at Function.raise (/home/farmageo/api.farmageo.com.ar/node_modules/@adonisjs/bouncer/build/src/Exceptions/AuthorizationException.js:15:16)
    at ActionsAuthorizer.authorize (/home/farmageo/api.farmageo.com.ar/node_modules/@adonisjs/bouncer/build/src/ActionsAuthorizer/index.js:165:63)
    at processTicksAndRejections (node:internal/process/task_queues:96:5)
    at PublicidadsController.mig_novedadesFarmacia (/home/farmageo/api.farmageo.com.ar/app/Controllers/Http/PublicidadsController.ts:59:7)
    at Object.PreCompiler.runRouteHandler [as fn] (/home/farmageo/api.farmageo.com.ar/node_modules/@adonisjs/http-server/build/src/Server/PreCompiler/index.js:47:31)
    at UncaughtError.handle (/home/farmageo/api.farmageo.com.ar/app/Middleware/UncaughtError.ts:22:5)
    at RegistradorDePista.handle (/home/farmageo/api.farmageo.com.ar/app/Middleware/RegistradorDePista.ts:36:5)
    at UsuarioPermiso.handle (/home/farmageo/api.farmageo.com.ar/app/Middleware/ctxdata.ts:126:5)
    at SilentAuthMiddleware.handle (/home/farmageo/api.farmageo.com.ar/app/Middleware/SilentAuth.ts:23:5)
    at Server.handleRequest (/home/farmageo/api.farmageo.com.ar/node_modules/@adonisjs/http-server/build/src/Server/index.js:108:13)
Thu Nov 10 2022 12:15:07 GMT-0300 (Argentina Standard Time) Error Handler: AuthorizationException: E_AUTHORIZATION_FAILURE: Not authorized to perform this action
    at Function.raise (/home/farmageo/api.farmageo.com.ar/node_modules/@adonisjs/bouncer/build/src/Exceptions/AuthorizationException.js:15:16)
    at ActionsAuthorizer.authorize (/home/farmageo/api.farmageo.com.ar/node_modules/@adonisjs/bouncer/build/src/ActionsAuthorizer/index.js:165:63)
    at processTicksAndRejections (node:internal/process/task_queues:96:5)
    at PublicidadsController.mig_novedadesFarmacia (/home/farmageo/api.farmageo.com.ar/app/Controllers/Http/PublicidadsController.ts:59:7)
    at Object.PreCompiler.runRouteHandler [as fn] (/home/farmageo/api.farmageo.com.ar/node_modules/@adonisjs/http-server/build/src/Server/PreCompiler/index.js:47:31)
    at UncaughtError.handle (/home/farmageo/api.farmageo.com.ar/app/Middleware/UncaughtError.ts:22:5)
    at RegistradorDePista.handle (/home/farmageo/api.farmageo.com.ar/app/Middleware/RegistradorDePista.ts:36:5)
    at UsuarioPermiso.handle (/home/farmageo/api.farmageo.com.ar/app/Middleware/ctxdata.ts:126:5)
    at SilentAuthMiddleware.handle (/home/farmageo/api.farmageo.com.ar/app/Middleware/SilentAuth.ts:23:5)
    at Server.handleRequest (/home/farmageo/api.farmageo.com.ar/node_modules/@adonisjs/http-server/build/src/Server/index.js:108:13)
AuthorizationException: E_AUTHORIZATION_FAILURE: Not authorized to perform this action
    at Function.raise (/home/farmageo/api.farmageo.com.ar/node_modules/@adonisjs/bouncer/build/src/Exceptions/AuthorizationException.js:15:16)
    at ActionsAuthorizer.authorize (/home/farmageo/api.farmageo.com.ar/node_modules/@adonisjs/bouncer/build/src/ActionsAuthorizer/index.js:165:63)
    at processTicksAndRejections (node:internal/process/task_queues:96:5)
    at PedidoController.mig_farmacia_pedidos (/home/farmageo/api.farmageo.com.ar/app/Controllers/Http/PedidoController.ts:43:7)
    at Object.PreCompiler.runRouteHandler [as fn] (/home/farmageo/api.farmageo.com.ar/node_modules/@adonisjs/http-server/build/src/Server/PreCompiler/index.js:47:31)
    at UncaughtError.handle (/home/farmageo/api.farmageo.com.ar/app/Middleware/UncaughtError.ts:22:5)
    at RegistradorDePista.handle (/home/farmageo/api.farmageo.com.ar/app/Middleware/RegistradorDePista.ts:36:5)
    at UsuarioPermiso.handle (/home/farmageo/api.farmageo.com.ar/app/Middleware/ctxdata.ts:126:5)
    at SilentAuthMiddleware.handle (/home/farmageo/api.farmageo.com.ar/app/Middleware/SilentAuth.ts:23:5)
    at Server.handleRequest (/home/farmageo/api.farmageo.com.ar/node_modules/@adonisjs/http-server/build/src/Server/index.js:108:13)
Thu Nov 10 2022 12:15:07 GMT-0300 (Argentina Standard Time) Error Handler: AuthorizationException: E_AUTHORIZATION_FAILURE: Not authorized to perform this action
    at Function.raise (/home/farmageo/api.farmageo.com.ar/node_modules/@adonisjs/bouncer/build/src/Exceptions/AuthorizationException.js:15:16)
    at ActionsAuthorizer.authorize (/home/farmageo/api.farmageo.com.ar/node_modules/@adonisjs/bouncer/build/src/ActionsAuthorizer/index.js:165:63)
    at processTicksAndRejections (node:internal/process/task_queues:96:5)
    at PedidoController.mig_farmacia_pedidos (/home/farmageo/api.farmageo.com.ar/app/Controllers/Http/PedidoController.ts:43:7)
    at Object.PreCompiler.runRouteHandler [as fn] (/home/farmageo/api.farmageo.com.ar/node_modules/@adonisjs/http-server/build/src/Server/PreCompiler/index.js:47:31)
    at UncaughtError.handle (/home/farmageo/api.farmageo.com.ar/app/Middleware/UncaughtError.ts:22:5)
    at RegistradorDePista.handle (/home/farmageo/api.farmageo.com.ar/app/Middleware/RegistradorDePista.ts:36:5)
    at UsuarioPermiso.handle (/home/farmageo/api.farmageo.com.ar/app/Middleware/ctxdata.ts:126:5)
    at SilentAuthMiddleware.handle (/home/farmageo/api.farmageo.com.ar/app/Middleware/SilentAuth.ts:23:5)
    at Server.handleRequest (/home/farmageo/api.farmageo.com.ar/node_modules/@adonisjs/http-server/build/src/Server/index.js:108:13)
AuthorizationException: E_AUTHORIZATION_FAILURE: Not authorized to perform this action
    at Function.raise (/home/farmageo/api.farmageo.com.ar/node_modules/@adonisjs/bouncer/build/src/Exceptions/AuthorizationException.js:15:16)
    at ActionsAuthorizer.authorize (/home/farmageo/api.farmageo.com.ar/node_modules/@adonisjs/bouncer/build/src/ActionsAuthorizer/index.js:165:63)
    at processTicksAndRejections (node:internal/process/task_queues:96:5)
    at PublicidadsController.mig_novedadesFarmacia (/home/farmageo/api.farmageo.com.ar/app/Controllers/Http/PublicidadsController.ts:59:7)
    at Object.PreCompiler.runRouteHandler [as fn] (/home/farmageo/api.farmageo.com.ar/node_modules/@adonisjs/http-server/build/src/Server/PreCompiler/index.js:47:31)
    at UncaughtError.handle (/home/farmageo/api.farmageo.com.ar/app/Middleware/UncaughtError.ts:22:5)
    at RegistradorDePista.handle (/home/farmageo/api.farmageo.com.ar/app/Middleware/RegistradorDePista.ts:36:5)
    at UsuarioPermiso.handle (/home/farmageo/api.farmageo.com.ar/app/Middleware/ctxdata.ts:126:5)
    at SilentAuthMiddleware.handle (/home/farmageo/api.farmageo.com.ar/app/Middleware/SilentAuth.ts:23:5)
    at Server.handleRequest (/home/farmageo/api.farmageo.com.ar/node_modules/@adonisjs/http-server/build/src/Server/index.js:108:13)
Thu Nov 10 2022 12:15:07 GMT-0300 (Argentina Standard Time) Error Handler: AuthorizationException: E_AUTHORIZATION_FAILURE: Not authorized to perform this action
    at Function.raise (/home/farmageo/api.farmageo.com.ar/node_modules/@adonisjs/bouncer/build/src/Exceptions/AuthorizationException.js:15:16)
    at ActionsAuthorizer.authorize (/home/farmageo/api.farmageo.com.ar/node_modules/@adonisjs/bouncer/build/src/ActionsAuthorizer/index.js:165:63)
    at processTicksAndRejections (node:internal/process/task_queues:96:5)
    at PublicidadsController.mig_novedadesFarmacia (/home/farmageo/api.farmageo.com.ar/app/Controllers/Http/PublicidadsController.ts:59:7)
    at Object.PreCompiler.runRouteHandler [as fn] (/home/farmageo/api.farmageo.com.ar/node_modules/@adonisjs/http-server/build/src/Server/PreCompiler/index.js:47:31)
    at UncaughtError.handle (/home/farmageo/api.farmageo.com.ar/app/Middleware/UncaughtError.ts:22:5)
    at RegistradorDePista.handle (/home/farmageo/api.farmageo.com.ar/app/Middleware/RegistradorDePista.ts:36:5)
    at UsuarioPermiso.handle (/home/farmageo/api.farmageo.com.ar/app/Middleware/ctxdata.ts:126:5)
    at SilentAuthMiddleware.handle (/home/farmageo/api.farmageo.com.ar/app/Middleware/SilentAuth.ts:23:5)
    at Server.handleRequest (/home/farmageo/api.farmageo.com.ar/node_modules/@adonisjs/http-server/build/src/Server/index.js:108:13)
AuthorizationException: E_AUTHORIZATION_FAILURE: Not authorized to perform this action
    at Function.raise (/home/farmageo/api.farmageo.com.ar/node_modules/@adonisjs/bouncer/build/src/Exceptions/AuthorizationException.js:15:16)
    at ActionsAuthorizer.authorize (/home/farmageo/api.farmageo.com.ar/node_modules/@adonisjs/bouncer/build/src/ActionsAuthorizer/index.js:165:63)
    at processTicksAndRejections (node:internal/process/task_queues:96:5)
    at PublicidadsController.mig_novedadesFarmacia (/home/farmageo/api.farmageo.com.ar/app/Controllers/Http/PublicidadsController.ts:59:7)
    at Object.PreCompiler.runRouteHandler [as fn] (/home/farmageo/api.farmageo.com.ar/node_modules/@adonisjs/http-server/build/src/Server/PreCompiler/index.js:47:31)
    at UncaughtError.handle (/home/farmageo/api.farmageo.com.ar/app/Middleware/UncaughtError.ts:22:5)
    at RegistradorDePista.handle (/home/farmageo/api.farmageo.com.ar/app/Middleware/RegistradorDePista.ts:36:5)
    at UsuarioPermiso.handle (/home/farmageo/api.farmageo.com.ar/app/Middleware/ctxdata.ts:126:5)
    at SilentAuthMiddleware.handle (/home/farmageo/api.farmageo.com.ar/app/Middleware/SilentAuth.ts:23:5)
    at Server.handleRequest (/home/farmageo/api.farmageo.com.ar/node_modules/@adonisjs/http-server/build/src/Server/index.js:108:13)
AuthorizationException: E_AUTHORIZATION_FAILURE: Not authorized to perform this action
    at Function.raise (/home/farmageo/api.farmageo.com.ar/node_modules/@adonisjs/bouncer/build/src/Exceptions/AuthorizationException.js:15:16)
    at ActionsAuthorizer.authorize (/home/farmageo/api.farmageo.com.ar/node_modules/@adonisjs/bouncer/build/src/ActionsAuthorizer/index.js:165:63)
    at processTicksAndRejections (node:internal/process/task_queues:96:5)
    at PedidoController.mig_farmacia_pedidos (/home/farmageo/api.farmageo.com.ar/app/Controllers/Http/PedidoController.ts:43:7)
    at Object.PreCompiler.runRouteHandler [as fn] (/home/farmageo/api.farmageo.com.ar/node_modules/@adonisjs/http-server/build/src/Server/PreCompiler/index.js:47:31)
    at UncaughtError.handle (/home/farmageo/api.farmageo.com.ar/app/Middleware/UncaughtError.ts:22:5)
    at RegistradorDePista.handle (/home/farmageo/api.farmageo.com.ar/app/Middleware/RegistradorDePista.ts:36:5)
    at UsuarioPermiso.handle (/home/farmageo/api.farmageo.com.ar/app/Middleware/ctxdata.ts:126:5)
    at SilentAuthMiddleware.handle (/home/farmageo/api.farmageo.com.ar/app/Middleware/SilentAuth.ts:23:5)
    at Server.handleRequest (/home/farmageo/api.farmageo.com.ar/node_modules/@adonisjs/http-server/build/src/Server/index.js:108:13)
Thu Nov 10 2022 12:15:40 GMT-0300 (Argentina Standard Time) Error Handler: AuthorizationException: E_AUTHORIZATION_FAILURE: Not authorized to perform this action
    at Function.raise (/home/farmageo/api.farmageo.com.ar/node_modules/@adonisjs/bouncer/build/src/Exceptions/AuthorizationException.js:15:16)
    at ActionsAuthorizer.authorize (/home/farmageo/api.farmageo.com.ar/node_modules/@adonisjs/bouncer/build/src/ActionsAuthorizer/index.js:165:63)
    at processTicksAndRejections (node:internal/process/task_queues:96:5)
    at PublicidadsController.mig_novedadesFarmacia (/home/farmageo/api.farmageo.com.ar/app/Controllers/Http/PublicidadsController.ts:59:7)
    at Object.PreCompiler.runRouteHandler [as fn] (/home/farmageo/api.farmageo.com.ar/node_modules/@adonisjs/http-server/build/src/Server/PreCompiler/index.js:47:31)
    at UncaughtError.handle (/home/farmageo/api.farmageo.com.ar/app/Middleware/UncaughtError.ts:22:5)
    at RegistradorDePista.handle (/home/farmageo/api.farmageo.com.ar/app/Middleware/RegistradorDePista.ts:36:5)
    at UsuarioPermiso.handle (/home/farmageo/api.farmageo.com.ar/app/Middleware/ctxdata.ts:126:5)
    at SilentAuthMiddleware.handle (/home/farmageo/api.farmageo.com.ar/app/Middleware/SilentAuth.ts:23:5)
    at Server.handleRequest (/home/farmageo/api.farmageo.com.ar/node_modules/@adonisjs/http-server/build/src/Server/index.js:108:13)
Thu Nov 10 2022 12:15:40 GMT-0300 (Argentina Standard Time) Error Handler: AuthorizationException: E_AUTHORIZATION_FAILURE: Not authorized to perform this action
    at Function.raise (/home/farmageo/api.farmageo.com.ar/node_modules/@adonisjs/bouncer/build/src/Exceptions/AuthorizationException.js:15:16)
    at ActionsAuthorizer.authorize (/home/farmageo/api.farmageo.com.ar/node_modules/@adonisjs/bouncer/build/src/ActionsAuthorizer/index.js:165:63)
    at processTicksAndRejections (node:internal/process/task_queues:96:5)
    at PedidoController.mig_farmacia_pedidos (/home/farmageo/api.farmageo.com.ar/app/Controllers/Http/PedidoController.ts:43:7)
    at Object.PreCompiler.runRouteHandler [as fn] (/home/farmageo/api.farmageo.com.ar/node_modules/@adonisjs/http-server/build/src/Server/PreCompiler/index.js:47:31)
    at UncaughtError.handle (/home/farmageo/api.farmageo.com.ar/app/Middleware/UncaughtError.ts:22:5)
    at RegistradorDePista.handle (/home/farmageo/api.farmageo.com.ar/app/Middleware/RegistradorDePista.ts:36:5)
    at UsuarioPermiso.handle (/home/farmageo/api.farmageo.com.ar/app/Middleware/ctxdata.ts:126:5)
    at SilentAuthMiddleware.handle (/home/farmageo/api.farmageo.com.ar/app/Middleware/SilentAuth.ts:23:5)
    at Server.handleRequest (/home/farmageo/api.farmageo.com.ar/node_modules/@adonisjs/http-server/build/src/Server/index.js:108:13)
AuthorizationException: E_AUTHORIZATION_FAILURE: Not authorized to perform this action
    at Function.raise (/home/farmageo/api.farmageo.com.ar/node_modules/@adonisjs/bouncer/build/src/Exceptions/AuthorizationException.js:15:16)
    at ActionsAuthorizer.authorize (/home/farmageo/api.farmageo.com.ar/node_modules/@adonisjs/bouncer/build/src/ActionsAuthorizer/index.js:165:63)
    at processTicksAndRejections (node:internal/process/task_queues:96:5)
    at PublicidadsController.mig_novedadesFarmacia (/home/farmageo/api.farmageo.com.ar/app/Controllers/Http/PublicidadsController.ts:59:7)
    at Object.PreCompiler.runRouteHandler [as fn] (/home/farmageo/api.farmageo.com.ar/node_modules/@adonisjs/http-server/build/src/Server/PreCompiler/index.js:47:31)
    at UncaughtError.handle (/home/farmageo/api.farmageo.com.ar/app/Middleware/UncaughtError.ts:22:5)
    at RegistradorDePista.handle (/home/farmageo/api.farmageo.com.ar/app/Middleware/RegistradorDePista.ts:36:5)
    at UsuarioPermiso.handle (/home/farmageo/api.farmageo.com.ar/app/Middleware/ctxdata.ts:126:5)
    at SilentAuthMiddleware.handle (/home/farmageo/api.farmageo.com.ar/app/Middleware/SilentAuth.ts:23:5)
    at Server.handleRequest (/home/farmageo/api.farmageo.com.ar/node_modules/@adonisjs/http-server/build/src/Server/index.js:108:13)
Thu Nov 10 2022 12:15:40 GMT-0300 (Argentina Standard Time) Error Handler: AuthorizationException: E_AUTHORIZATION_FAILURE: Not authorized to perform this action
    at Function.raise (/home/farmageo/api.farmageo.com.ar/node_modules/@adonisjs/bouncer/build/src/Exceptions/AuthorizationException.js:15:16)
    at ActionsAuthorizer.authorize (/home/farmageo/api.farmageo.com.ar/node_modules/@adonisjs/bouncer/build/src/ActionsAuthorizer/index.js:165:63)
    at processTicksAndRejections (node:internal/process/task_queues:96:5)
    at PublicidadsController.mig_novedadesFarmacia (/home/farmageo/api.farmageo.com.ar/app/Controllers/Http/PublicidadsController.ts:59:7)
    at Object.PreCompiler.runRouteHandler [as fn] (/home/farmageo/api.farmageo.com.ar/node_modules/@adonisjs/http-server/build/src/Server/PreCompiler/index.js:47:31)
    at UncaughtError.handle (/home/farmageo/api.farmageo.com.ar/app/Middleware/UncaughtError.ts:22:5)
    at RegistradorDePista.handle (/home/farmageo/api.farmageo.com.ar/app/Middleware/RegistradorDePista.ts:36:5)
    at UsuarioPermiso.handle (/home/farmageo/api.farmageo.com.ar/app/Middleware/ctxdata.ts:126:5)
    at SilentAuthMiddleware.handle (/home/farmageo/api.farmageo.com.ar/app/Middleware/SilentAuth.ts:23:5)
    at Server.handleRequest (/home/farmageo/api.farmageo.com.ar/node_modules/@adonisjs/http-server/build/src/Server/index.js:108:13)
AuthorizationException: E_AUTHORIZATION_FAILURE: Not authorized to perform this action
    at Function.raise (/home/farmageo/api.farmageo.com.ar/node_modules/@adonisjs/bouncer/build/src/Exceptions/AuthorizationException.js:15:16)
    at ActionsAuthorizer.authorize (/home/farmageo/api.farmageo.com.ar/node_modules/@adonisjs/bouncer/build/src/ActionsAuthorizer/index.js:165:63)
    at processTicksAndRejections (node:internal/process/task_queues:96:5)
    at PedidoController.mig_farmacia_pedidos (/home/farmageo/api.farmageo.com.ar/app/Controllers/Http/PedidoController.ts:43:7)
    at Object.PreCompiler.runRouteHandler [as fn] (/home/farmageo/api.farmageo.com.ar/node_modules/@adonisjs/http-server/build/src/Server/PreCompiler/index.js:47:31)
    at UncaughtError.handle (/home/farmageo/api.farmageo.com.ar/app/Middleware/UncaughtError.ts:22:5)
    at RegistradorDePista.handle (/home/farmageo/api.farmageo.com.ar/app/Middleware/RegistradorDePista.ts:36:5)
    at UsuarioPermiso.handle (/home/farmageo/api.farmageo.com.ar/app/Middleware/ctxdata.ts:126:5)
    at SilentAuthMiddleware.handle (/home/farmageo/api.farmageo.com.ar/app/Middleware/SilentAuth.ts:23:5)
    at Server.handleRequest (/home/farmageo/api.farmageo.com.ar/node_modules/@adonisjs/http-server/build/src/Server/index.js:108:13)
Thu Nov 10 2022 12:15:40 GMT-0300 (Argentina Standard Time) Error Handler: AuthorizationException: E_AUTHORIZATION_FAILURE: Not authorized to perform this action
    at Function.raise (/home/farmageo/api.farmageo.com.ar/node_modules/@adonisjs/bouncer/build/src/Exceptions/AuthorizationException.js:15:16)
    at ActionsAuthorizer.authorize (/home/farmageo/api.farmageo.com.ar/node_modules/@adonisjs/bouncer/build/src/ActionsAuthorizer/index.js:165:63)
    at processTicksAndRejections (node:internal/process/task_queues:96:5)
    at PedidoController.mig_farmacia_pedidos (/home/farmageo/api.farmageo.com.ar/app/Controllers/Http/PedidoController.ts:43:7)
    at Object.PreCompiler.runRouteHandler [as fn] (/home/farmageo/api.farmageo.com.ar/node_modules/@adonisjs/http-server/build/src/Server/PreCompiler/index.js:47:31)
    at UncaughtError.handle (/home/farmageo/api.farmageo.com.ar/app/Middleware/UncaughtError.ts:22:5)
    at RegistradorDePista.handle (/home/farmageo/api.farmageo.com.ar/app/Middleware/RegistradorDePista.ts:36:5)
    at UsuarioPermiso.handle (/home/farmageo/api.farmageo.com.ar/app/Middleware/ctxdata.ts:126:5)
    at SilentAuthMiddleware.handle (/home/farmageo/api.farmageo.com.ar/app/Middleware/SilentAuth.ts:23:5)
    at Server.handleRequest (/home/farmageo/api.farmageo.com.ar/node_modules/@adonisjs/http-server/build/src/Server/index.js:108:13)
AuthorizationException: E_AUTHORIZATION_FAILURE: Not authorized to perform this action
    at Function.raise (/home/farmageo/api.farmageo.com.ar/node_modules/@adonisjs/bouncer/build/src/Exceptions/AuthorizationException.js:15:16)
    at ActionsAuthorizer.authorize (/home/farmageo/api.farmageo.com.ar/node_modules/@adonisjs/bouncer/build/src/ActionsAuthorizer/index.js:165:63)
    at processTicksAndRejections (node:internal/process/task_queues:96:5)
    at LaboratoriosController.index (/home/farmageo/api.farmageo.com.ar/app/Controllers/Http/LaboratoriosController.ts:79:7)
    at Object.PreCompiler.runRouteHandler [as fn] (/home/farmageo/api.farmageo.com.ar/node_modules/@adonisjs/http-server/build/src/Server/PreCompiler/index.js:47:31)
    at UncaughtError.handle (/home/farmageo/api.farmageo.com.ar/app/Middleware/UncaughtError.ts:22:5)
    at RegistradorDePista.handle (/home/farmageo/api.farmageo.com.ar/app/Middleware/RegistradorDePista.ts:36:5)
    at UsuarioPermiso.handle (/home/farmageo/api.farmageo.com.ar/app/Middleware/ctxdata.ts:126:5)
    at SilentAuthMiddleware.handle (/home/farmageo/api.farmageo.com.ar/app/Middleware/SilentAuth.ts:23:5)
    at Server.handleRequest (/home/farmageo/api.farmageo.com.ar/node_modules/@adonisjs/http-server/build/src/Server/index.js:108:13)
Thu Nov 10 2022 12:15:49 GMT-0300 (Argentina Standard Time) Error Handler: ExceptionHandler {
  logger: Logger {
    config: {
      name: 'apirest',
      enabled: true,
      level: 'info',
      prettyPrint: true
    },
    pino: EventEmitter {
      levels: [Object],
      silent: [Function: noop],
      trace: [Function: noop],
      debug: [Function: noop],
      info: [Function: LOG],
      warn: [Function: LOG],
      error: [Function: LOG],
      fatal: [Function (anonymous)],
      [Symbol(pino.useOnlyCustomLevels)]: false,
      [Symbol(pino.stream)]: [Object],
      [Symbol(pino.time)]: [Function: epochTime],
      [Symbol(pino.timeSliceIndex)]: 8,
      [Symbol(pino.stringify)]: [Function: stringify],
      [Symbol(pino.stringifiers)]: {},
      [Symbol(pino.end)]: '}\n',
      [Symbol(pino.formatOpts)]: [Object],
      [Symbol(pino.messageKey)]: 'msg',
      [Symbol(pino.nestedKey)]: null,
      [Symbol(pino.serializers)]: [Object: null prototype],
      [Symbol(pino.mixin)]: undefined,
      [Symbol(pino.mixinMergeStrategy)]: undefined,
      [Symbol(pino.chindings)]: ',"pid":1652298,"hostname":"vps2.farmageo.com","name":"apirest"',
      [Symbol(pino.formatters)]: [Object],
      [Symbol(pino.hooks)]: [Object],
      [Symbol(pino.lsCache)]: [Object],
      [Symbol(pino.levelVal)]: 30,
      [Symbol(pino.parsedChindings)]: [Object]
    }
  },
  ignoreCodes: [],
  ignoreStatuses: [ 400, 422, 401 ],
  internalIgnoreCodes: [ 'E_ROUTE_NOT_FOUND' ],
  statusPages: { '404': 'errors/not-found', '500..599': 'errors/server-error' },
  disableStatusPagesInDevelopment: true
}
[1668093349241] [41mFATAL[49m (apirest/1652298 on vps2.farmageo.com): [36mUnexpected exception raised from HTTP ExceptionHandler "report" method[39m
    RangeError: Maximum call stack size exceeded
        at ExceptionHandler.shouldReport (/home/farmageo/api.farmageo.com.ar/node_modules/@adonisjs/core/build/src/HttpExceptionHandler/index.js:61:17)
        at ExceptionHandler.report (/home/farmageo/api.farmageo.com.ar/node_modules/@adonisjs/core/build/src/HttpExceptionHandler/index.js:135:19)
        at ExceptionHandler.report (/home/farmageo/api.farmageo.com.ar/node_modules/@adonisjs/core/build/src/HttpExceptionHandler/index.js:139:19)
        at ExceptionHandler.report (/home/farmageo/api.farmageo.com.ar/node_modules/@adonisjs/core/build/src/HttpExceptionHandler/index.js:139:19)
        at ExceptionHandler.report (/home/farmageo/api.farmageo.com.ar/node_modules/@adonisjs/core/build/src/HttpExceptionHandler/index.js:139:19)
        at ExceptionHandler.report (/home/farmageo/api.farmageo.com.ar/node_modules/@adonisjs/core/build/src/HttpExceptionHandler/index.js:139:19)
        at ExceptionHandler.report (/home/farmageo/api.farmageo.com.ar/node_modules/@adonisjs/core/build/src/HttpExceptionHandler/index.js:139:19)
        at ExceptionHandler.report (/home/farmageo/api.farmageo.com.ar/node_modules/@adonisjs/core/build/src/HttpExceptionHandler/index.js:139:19)
        at ExceptionHandler.report (/home/farmageo/api.farmageo.com.ar/node_modules/@adonisjs/core/build/src/HttpExceptionHandler/index.js:139:19)
        at ExceptionHandler.report (/home/farmageo/api.farmageo.com.ar/node_modules/@adonisjs/core/build/src/HttpExceptionHandler/index.js:139:19)
AuthorizationException: E_AUTHORIZATION_FAILURE: Not authorized to perform this action
    at Function.raise (/home/farmageo/api.farmageo.com.ar/node_modules/@adonisjs/bouncer/build/src/Exceptions/AuthorizationException.js:15:16)
    at ActionsAuthorizer.authorize (/home/farmageo/api.farmageo.com.ar/node_modules/@adonisjs/bouncer/build/src/ActionsAuthorizer/index.js:165:63)
    at processTicksAndRejections (node:internal/process/task_queues:96:5)
    at PedidoController.mig_farmacia_pedidos (/home/farmageo/api.farmageo.com.ar/app/Controllers/Http/PedidoController.ts:43:7)
    at Object.PreCompiler.runRouteHandler [as fn] (/home/farmageo/api.farmageo.com.ar/node_modules/@adonisjs/http-server/build/src/Server/PreCompiler/index.js:47:31)
    at UncaughtError.handle (/home/farmageo/api.farmageo.com.ar/app/Middleware/UncaughtError.ts:22:5)
    at RegistradorDePista.handle (/home/farmageo/api.farmageo.com.ar/app/Middleware/RegistradorDePista.ts:36:5)
    at UsuarioPermiso.handle (/home/farmageo/api.farmageo.com.ar/app/Middleware/ctxdata.ts:126:5)
    at SilentAuthMiddleware.handle (/home/farmageo/api.farmageo.com.ar/app/Middleware/SilentAuth.ts:23:5)
    at Server.handleRequest (/home/farmageo/api.farmageo.com.ar/node_modules/@adonisjs/http-server/build/src/Server/index.js:108:13)
Thu Nov 10 2022 12:15:49 GMT-0300 (Argentina Standard Time) Error Handler: AuthorizationException: E_AUTHORIZATION_FAILURE: Not authorized to perform this action
    at Function.raise (/home/farmageo/api.farmageo.com.ar/node_modules/@adonisjs/bouncer/build/src/Exceptions/AuthorizationException.js:15:16)
    at ActionsAuthorizer.authorize (/home/farmageo/api.farmageo.com.ar/node_modules/@adonisjs/bouncer/build/src/ActionsAuthorizer/index.js:165:63)
    at processTicksAndRejections (node:internal/process/task_queues:96:5)
    at PedidoController.mig_farmacia_pedidos (/home/farmageo/api.farmageo.com.ar/app/Controllers/Http/PedidoController.ts:43:7)
    at Object.PreCompiler.runRouteHandler [as fn] (/home/farmageo/api.farmageo.com.ar/node_modules/@adonisjs/http-server/build/src/Server/PreCompiler/index.js:47:31)
    at UncaughtError.handle (/home/farmageo/api.farmageo.com.ar/app/Middleware/UncaughtError.ts:22:5)
    at RegistradorDePista.handle (/home/farmageo/api.farmageo.com.ar/app/Middleware/RegistradorDePista.ts:36:5)
    at UsuarioPermiso.handle (/home/farmageo/api.farmageo.com.ar/app/Middleware/ctxdata.ts:126:5)
    at SilentAuthMiddleware.handle (/home/farmageo/api.farmageo.com.ar/app/Middleware/SilentAuth.ts:23:5)
    at Server.handleRequest (/home/farmageo/api.farmageo.com.ar/node_modules/@adonisjs/http-server/build/src/Server/index.js:108:13)
AuthorizationException: E_AUTHORIZATION_FAILURE: Not authorized to perform this action
    at Function.raise (/home/farmageo/api.farmageo.com.ar/node_modules/@adonisjs/bouncer/build/src/Exceptions/AuthorizationException.js:15:16)
    at ActionsAuthorizer.authorize (/home/farmageo/api.farmageo.com.ar/node_modules/@adonisjs/bouncer/build/src/ActionsAuthorizer/index.js:165:63)
    at processTicksAndRejections (node:internal/process/task_queues:96:5)
    at PublicidadsController.mig_novedadesFarmacia (/home/farmageo/api.farmageo.com.ar/app/Controllers/Http/PublicidadsController.ts:59:7)
    at Object.PreCompiler.runRouteHandler [as fn] (/home/farmageo/api.farmageo.com.ar/node_modules/@adonisjs/http-server/build/src/Server/PreCompiler/index.js:47:31)
    at UncaughtError.handle (/home/farmageo/api.farmageo.com.ar/app/Middleware/UncaughtError.ts:22:5)
    at RegistradorDePista.handle (/home/farmageo/api.farmageo.com.ar/app/Middleware/RegistradorDePista.ts:36:5)
    at UsuarioPermiso.handle (/home/farmageo/api.farmageo.com.ar/app/Middleware/ctxdata.ts:126:5)
    at SilentAuthMiddleware.handle (/home/farmageo/api.farmageo.com.ar/app/Middleware/SilentAuth.ts:23:5)
    at Server.handleRequest (/home/farmageo/api.farmageo.com.ar/node_modules/@adonisjs/http-server/build/src/Server/index.js:108:13)
Thu Nov 10 2022 12:15:49 GMT-0300 (Argentina Standard Time) Error Handler: AuthorizationException: E_AUTHORIZATION_FAILURE: Not authorized to perform this action
    at Function.raise (/home/farmageo/api.farmageo.com.ar/node_modules/@adonisjs/bouncer/build/src/Exceptions/AuthorizationException.js:15:16)
    at ActionsAuthorizer.authorize (/home/farmageo/api.farmageo.com.ar/node_modules/@adonisjs/bouncer/build/src/ActionsAuthorizer/index.js:165:63)
    at processTicksAndRejections (node:internal/process/task_queues:96:5)
    at PublicidadsController.mig_novedadesFarmacia (/home/farmageo/api.farmageo.com.ar/app/Controllers/Http/PublicidadsController.ts:59:7)
    at Object.PreCompiler.runRouteHandler [as fn] (/home/farmageo/api.farmageo.com.ar/node_modules/@adonisjs/http-server/build/src/Server/PreCompiler/index.js:47:31)
    at UncaughtError.handle (/home/farmageo/api.farmageo.com.ar/app/Middleware/UncaughtError.ts:22:5)
    at RegistradorDePista.handle (/home/farmageo/api.farmageo.com.ar/app/Middleware/RegistradorDePista.ts:36:5)
    at UsuarioPermiso.handle (/home/farmageo/api.farmageo.com.ar/app/Middleware/ctxdata.ts:126:5)
    at SilentAuthMiddleware.handle (/home/farmageo/api.farmageo.com.ar/app/Middleware/SilentAuth.ts:23:5)
    at Server.handleRequest (/home/farmageo/api.farmageo.com.ar/node_modules/@adonisjs/http-server/build/src/Server/index.js:108:13)
UPDATE: app/Controllers/Http/AuthController.ts
[ info ]  re-starting http server...
UPDATE: app/Controllers/Http/CampanasController.ts
[ info ]  re-starting http server...
UPDATE: app/Controllers/Http/FarmaciasController.ts
[ info ]  re-starting http server...
UPDATE: app/Controllers/Http/InstitucionesController.ts
[ info ]  re-starting http server...
UPDATE: app/Helper/Eliminar.ts
[ info ]  re-starting http server...
UPDATE: app/Helper/Insertar.ts
[ info ]  re-starting http server...
UPDATE: app/Helper/Update.ts
[ info ]  re-starting http server...
UPDATE: app/Helper/configuraciones.ts
[ info ]  re-starting http server...
UPDATE: app/Helper/funciones.ts
[ info ]  re-starting http server...
UPDATE: app/Models/Apm.ts
[ info ]  re-starting http server...
UPDATE: app/Models/CampanaRequerimiento.ts
[ info ]  re-starting http server...
UPDATE: app/Models/Farmacia.ts
[ info ]  re-starting http server...
UPDATE: app/Models/Pedido.ts
[ info ]  re-starting http server...
UPDATE: app/Models/Publicidad.ts
[ info ]  re-starting http server...
UPDATE: app/Models/SolicitudProveeduria.ts
[ info ]  re-starting http server...
UPDATE: app/Models/Transfer.ts
[ info ]  re-starting http server...
UPDATE: app/Models/TransferEmail.ts
[ info ]  re-starting http server...
UPDATE: app/Models/Usuario.ts
[ info ]  re-starting http server...
UPDATE: commands/EnviarTransferEmails.ts
[ info ]  re-starting http server...
UPDATE: contracts/hash.ts
[ info ]  re-starting http server...
UPDATE: routes/farmacia.ts
[ info ]  re-starting http server...
UPDATE: routes/repooss.ts
[ info ]  re-starting http server...
UPDATE: routes/usuario.ts
[ info ]  re-starting http server...
UPDATE: start/bouncer.ts
[ info ]  re-starting http server...
[32mCREATE:[39m ace-manifest.json file
[1668093379410] [32mINFO[39m (apirest/1836877 on vps2.farmageo.com): [36mstarted server on 0.0.0.0:3111[39m
╭─────────────────────────────────────────────────╮
│                                                 │
│    Server address: http://127.0.0.1:3111        │
│    Watching filesystem for changes: YES         │
│                                                 │
╰─────────────────────────────────────────────────╯
AuthorizationException: E_AUTHORIZATION_FAILURE: Not authorized to perform this action
    at Function.raise (/home/farmageo/api.farmageo.com.ar/node_modules/@adonisjs/bouncer/build/src/Exceptions/AuthorizationException.js:15:16)
    at ActionsAuthorizer.authorize (/home/farmageo/api.farmageo.com.ar/node_modules/@adonisjs/bouncer/build/src/ActionsAuthorizer/index.js:165:63)
    at processTicksAndRejections (node:internal/process/task_queues:96:5)
    at PublicidadsController.mig_novedadesFarmacia (/home/farmageo/api.farmageo.com.ar/app/Controllers/Http/PublicidadsController.ts:59:7)
    at Object.PreCompiler.runRouteHandler [as fn] (/home/farmageo/api.farmageo.com.ar/node_modules/@adonisjs/http-server/build/src/Server/PreCompiler/index.js:47:31)
    at UncaughtError.handle (/home/farmageo/api.farmageo.com.ar/app/Middleware/UncaughtError.ts:22:5)
    at RegistradorDePista.handle (/home/farmageo/api.farmageo.com.ar/app/Middleware/RegistradorDePista.ts:36:5)
    at UsuarioPermiso.handle (/home/farmageo/api.farmageo.com.ar/app/Middleware/ctxdata.ts:126:5)
    at SilentAuthMiddleware.handle (/home/farmageo/api.farmageo.com.ar/app/Middleware/SilentAuth.ts:23:5)
    at Server.handleRequest (/home/farmageo/api.farmageo.com.ar/node_modules/@adonisjs/http-server/build/src/Server/index.js:108:13)
Thu Nov 10 2022 12:17:18 GMT-0300 (Argentina Standard Time) Error Handler: AuthorizationException: E_AUTHORIZATION_FAILURE: Not authorized to perform this action
    at Function.raise (/home/farmageo/api.farmageo.com.ar/node_modules/@adonisjs/bouncer/build/src/Exceptions/AuthorizationException.js:15:16)
    at ActionsAuthorizer.authorize (/home/farmageo/api.farmageo.com.ar/node_modules/@adonisjs/bouncer/build/src/ActionsAuthorizer/index.js:165:63)
    at processTicksAndRejections (node:internal/process/task_queues:96:5)
    at PublicidadsController.mig_novedadesFarmacia (/home/farmageo/api.farmageo.com.ar/app/Controllers/Http/PublicidadsController.ts:59:7)
    at Object.PreCompiler.runRouteHandler [as fn] (/home/farmageo/api.farmageo.com.ar/node_modules/@adonisjs/http-server/build/src/Server/PreCompiler/index.js:47:31)
    at UncaughtError.handle (/home/farmageo/api.farmageo.com.ar/app/Middleware/UncaughtError.ts:22:5)
    at RegistradorDePista.handle (/home/farmageo/api.farmageo.com.ar/app/Middleware/RegistradorDePista.ts:36:5)
    at UsuarioPermiso.handle (/home/farmageo/api.farmageo.com.ar/app/Middleware/ctxdata.ts:126:5)
    at SilentAuthMiddleware.handle (/home/farmageo/api.farmageo.com.ar/app/Middleware/SilentAuth.ts:23:5)
    at Server.handleRequest (/home/farmageo/api.farmageo.com.ar/node_modules/@adonisjs/http-server/build/src/Server/index.js:108:13)
AuthorizationException: E_AUTHORIZATION_FAILURE: Not authorized to perform this action
    at Function.raise (/home/farmageo/api.farmageo.com.ar/node_modules/@adonisjs/bouncer/build/src/Exceptions/AuthorizationException.js:15:16)
    at ActionsAuthorizer.authorize (/home/farmageo/api.farmageo.com.ar/node_modules/@adonisjs/bouncer/build/src/ActionsAuthorizer/index.js:165:63)
    at processTicksAndRejections (node:internal/process/task_queues:96:5)
    at PedidoController.mig_farmacia_pedidos (/home/farmageo/api.farmageo.com.ar/app/Controllers/Http/PedidoController.ts:43:7)
    at Object.PreCompiler.runRouteHandler [as fn] (/home/farmageo/api.farmageo.com.ar/node_modules/@adonisjs/http-server/build/src/Server/PreCompiler/index.js:47:31)
    at UncaughtError.handle (/home/farmageo/api.farmageo.com.ar/app/Middleware/UncaughtError.ts:22:5)
    at RegistradorDePista.handle (/home/farmageo/api.farmageo.com.ar/app/Middleware/RegistradorDePista.ts:36:5)
    at UsuarioPermiso.handle (/home/farmageo/api.farmageo.com.ar/app/Middleware/ctxdata.ts:126:5)
    at SilentAuthMiddleware.handle (/home/farmageo/api.farmageo.com.ar/app/Middleware/SilentAuth.ts:23:5)
    at Server.handleRequest (/home/farmageo/api.farmageo.com.ar/node_modules/@adonisjs/http-server/build/src/Server/index.js:108:13)
Thu Nov 10 2022 12:17:18 GMT-0300 (Argentina Standard Time) Error Handler: AuthorizationException: E_AUTHORIZATION_FAILURE: Not authorized to perform this action
    at Function.raise (/home/farmageo/api.farmageo.com.ar/node_modules/@adonisjs/bouncer/build/src/Exceptions/AuthorizationException.js:15:16)
    at ActionsAuthorizer.authorize (/home/farmageo/api.farmageo.com.ar/node_modules/@adonisjs/bouncer/build/src/ActionsAuthorizer/index.js:165:63)
    at processTicksAndRejections (node:internal/process/task_queues:96:5)
    at PedidoController.mig_farmacia_pedidos (/home/farmageo/api.farmageo.com.ar/app/Controllers/Http/PedidoController.ts:43:7)
    at Object.PreCompiler.runRouteHandler [as fn] (/home/farmageo/api.farmageo.com.ar/node_modules/@adonisjs/http-server/build/src/Server/PreCompiler/index.js:47:31)
    at UncaughtError.handle (/home/farmageo/api.farmageo.com.ar/app/Middleware/UncaughtError.ts:22:5)
    at RegistradorDePista.handle (/home/farmageo/api.farmageo.com.ar/app/Middleware/RegistradorDePista.ts:36:5)
    at UsuarioPermiso.handle (/home/farmageo/api.farmageo.com.ar/app/Middleware/ctxdata.ts:126:5)
    at SilentAuthMiddleware.handle (/home/farmageo/api.farmageo.com.ar/app/Middleware/SilentAuth.ts:23:5)
    at Server.handleRequest (/home/farmageo/api.farmageo.com.ar/node_modules/@adonisjs/http-server/build/src/Server/index.js:108:13)
AuthorizationException: E_AUTHORIZATION_FAILURE: Not authorized to perform this action
    at Function.raise (/home/farmageo/api.farmageo.com.ar/node_modules/@adonisjs/bouncer/build/src/Exceptions/AuthorizationException.js:15:16)
    at ActionsAuthorizer.authorize (/home/farmageo/api.farmageo.com.ar/node_modules/@adonisjs/bouncer/build/src/ActionsAuthorizer/index.js:165:63)
    at processTicksAndRejections (node:internal/process/task_queues:96:5)
    at PublicidadsController.mig_novedadesFarmacia (/home/farmageo/api.farmageo.com.ar/app/Controllers/Http/PublicidadsController.ts:59:7)
    at Object.PreCompiler.runRouteHandler [as fn] (/home/farmageo/api.farmageo.com.ar/node_modules/@adonisjs/http-server/build/src/Server/PreCompiler/index.js:47:31)
    at UncaughtError.handle (/home/farmageo/api.farmageo.com.ar/app/Middleware/UncaughtError.ts:22:5)
    at RegistradorDePista.handle (/home/farmageo/api.farmageo.com.ar/app/Middleware/RegistradorDePista.ts:36:5)
    at UsuarioPermiso.handle (/home/farmageo/api.farmageo.com.ar/app/Middleware/ctxdata.ts:126:5)
    at SilentAuthMiddleware.handle (/home/farmageo/api.farmageo.com.ar/app/Middleware/SilentAuth.ts:23:5)
    at Server.handleRequest (/home/farmageo/api.farmageo.com.ar/node_modules/@adonisjs/http-server/build/src/Server/index.js:108:13)
(node:1836877) MaxListenersExceededWarning: Possible EventEmitter memory leak detected. 11 uncaughtException listeners added to [process]. Use emitter.setMaxListeners() to increase limit
(Use `node --trace-warnings ...` to show where the warning was created)
Thu Nov 10 2022 12:17:18 GMT-0300 (Argentina Standard Time) Error Handler: AuthorizationException: E_AUTHORIZATION_FAILURE: Not authorized to perform this action
    at Function.raise (/home/farmageo/api.farmageo.com.ar/node_modules/@adonisjs/bouncer/build/src/Exceptions/AuthorizationException.js:15:16)
    at ActionsAuthorizer.authorize (/home/farmageo/api.farmageo.com.ar/node_modules/@adonisjs/bouncer/build/src/ActionsAuthorizer/index.js:165:63)
    at processTicksAndRejections (node:internal/process/task_queues:96:5)
    at PublicidadsController.mig_novedadesFarmacia (/home/farmageo/api.farmageo.com.ar/app/Controllers/Http/PublicidadsController.ts:59:7)
    at Object.PreCompiler.runRouteHandler [as fn] (/home/farmageo/api.farmageo.com.ar/node_modules/@adonisjs/http-server/build/src/Server/PreCompiler/index.js:47:31)
    at UncaughtError.handle (/home/farmageo/api.farmageo.com.ar/app/Middleware/UncaughtError.ts:22:5)
    at RegistradorDePista.handle (/home/farmageo/api.farmageo.com.ar/app/Middleware/RegistradorDePista.ts:36:5)
    at UsuarioPermiso.handle (/home/farmageo/api.farmageo.com.ar/app/Middleware/ctxdata.ts:126:5)
    at SilentAuthMiddleware.handle (/home/farmageo/api.farmageo.com.ar/app/Middleware/SilentAuth.ts:23:5)
    at Server.handleRequest (/home/farmageo/api.farmageo.com.ar/node_modules/@adonisjs/http-server/build/src/Server/index.js:108:13)
AuthorizationException: E_AUTHORIZATION_FAILURE: Not authorized to perform this action
    at Function.raise (/home/farmageo/api.farmageo.com.ar/node_modules/@adonisjs/bouncer/build/src/Exceptions/AuthorizationException.js:15:16)
    at ActionsAuthorizer.authorize (/home/farmageo/api.farmageo.com.ar/node_modules/@adonisjs/bouncer/build/src/ActionsAuthorizer/index.js:165:63)
    at processTicksAndRejections (node:internal/process/task_queues:96:5)
    at PedidoController.mig_farmacia_pedidos (/home/farmageo/api.farmageo.com.ar/app/Controllers/Http/PedidoController.ts:43:7)
    at Object.PreCompiler.runRouteHandler [as fn] (/home/farmageo/api.farmageo.com.ar/node_modules/@adonisjs/http-server/build/src/Server/PreCompiler/index.js:47:31)
    at UncaughtError.handle (/home/farmageo/api.farmageo.com.ar/app/Middleware/UncaughtError.ts:22:5)
    at RegistradorDePista.handle (/home/farmageo/api.farmageo.com.ar/app/Middleware/RegistradorDePista.ts:36:5)
    at UsuarioPermiso.handle (/home/farmageo/api.farmageo.com.ar/app/Middleware/ctxdata.ts:126:5)
    at SilentAuthMiddleware.handle (/home/farmageo/api.farmageo.com.ar/app/Middleware/SilentAuth.ts:23:5)
    at Server.handleRequest (/home/farmageo/api.farmageo.com.ar/node_modules/@adonisjs/http-server/build/src/Server/index.js:108:13)
Thu Nov 10 2022 12:17:18 GMT-0300 (Argentina Standard Time) Error Handler: AuthorizationException: E_AUTHORIZATION_FAILURE: Not authorized to perform this action
    at Function.raise (/home/farmageo/api.farmageo.com.ar/node_modules/@adonisjs/bouncer/build/src/Exceptions/AuthorizationException.js:15:16)
    at ActionsAuthorizer.authorize (/home/farmageo/api.farmageo.com.ar/node_modules/@adonisjs/bouncer/build/src/ActionsAuthorizer/index.js:165:63)
    at processTicksAndRejections (node:internal/process/task_queues:96:5)
    at PedidoController.mig_farmacia_pedidos (/home/farmageo/api.farmageo.com.ar/app/Controllers/Http/PedidoController.ts:43:7)
    at Object.PreCompiler.runRouteHandler [as fn] (/home/farmageo/api.farmageo.com.ar/node_modules/@adonisjs/http-server/build/src/Server/PreCompiler/index.js:47:31)
    at UncaughtError.handle (/home/farmageo/api.farmageo.com.ar/app/Middleware/UncaughtError.ts:22:5)
    at RegistradorDePista.handle (/home/farmageo/api.farmageo.com.ar/app/Middleware/RegistradorDePista.ts:36:5)
    at UsuarioPermiso.handle (/home/farmageo/api.farmageo.com.ar/app/Middleware/ctxdata.ts:126:5)
    at SilentAuthMiddleware.handle (/home/farmageo/api.farmageo.com.ar/app/Middleware/SilentAuth.ts:23:5)
    at Server.handleRequest (/home/farmageo/api.farmageo.com.ar/node_modules/@adonisjs/http-server/build/src/Server/index.js:108:13)
Thu Nov 10 2022 12:18:01 GMT-0300 (Argentina Standard Time) Error Handler: HttpException: E_ROUTE_NOT_FOUND: Cannot GET:/favicon.ico
    at Function.invoke (/home/farmageo/api.farmageo.com.ar/node_modules/@adonisjs/http-server/build/src/Exceptions/HttpException.js:31:23)
    at RequestHandler.findRoute (/home/farmageo/api.farmageo.com.ar/node_modules/@adonisjs/http-server/build/src/Server/RequestHandler/index.js:49:49)
    at RequestHandler.handle (/home/farmageo/api.farmageo.com.ar/node_modules/@adonisjs/http-server/build/src/Server/RequestHandler/index.js:65:14)
    at /home/farmageo/api.farmageo.com.ar/node_modules/@adonisjs/http-server/build/src/Server/index.js:77:44
    at processTicksAndRejections (node:internal/process/task_queues:96:5)
    at Server.handleRequest (/home/farmageo/api.farmageo.com.ar/node_modules/@adonisjs/http-server/build/src/Server/index.js:108:13) {
  body: 'E_ROUTE_NOT_FOUND: Cannot GET:/favicon.ico'
}
[1668093503955] [33mWARN[39m (apirest/1836877 on vps2.farmageo.com): [36mConnection Error: Error: read ECONNRESET[39m
